# Blender 5.1.2
# www.blender.org
mtllib character_lod1.mtl
o handkerchief.002_triangulated_lod1
v 0.272400 1.313786 -0.078031
v 0.307722 1.368468 -0.040943
v 0.245600 1.427215 -0.042370
v 0.305288 1.367192 0.002587
v 0.242269 1.423291 0.000701
v 0.253522 1.284519 -0.001174
v 0.192809 1.336139 -0.006140
v 0.196114 1.340002 -0.049539
v 0.256216 1.285967 -0.048759
v 0.227181 1.397894 0.029481
v 0.233489 1.404579 -0.073070
v 0.294556 1.345350 -0.076884
v 0.201377 1.352657 0.026860
v 0.261725 1.299742 0.034957
v 0.210666 1.364171 -0.075233
v 0.278762 1.389629 -0.040080
v 0.277334 1.386362 0.000085
v 0.234007 1.306433 -0.004437
v 0.236074 1.309622 -0.047307
v 0.286499 1.342975 0.035265
v 0.270093 1.365839 -0.071292
v 0.241173 1.321658 0.027663
v 0.270268 1.368568 -0.073237
v 0.299349 1.399285 -0.104806
v 0.274986 1.372544 -0.066399
v 0.314202 1.400306 -0.106550
v 0.304654 1.427331 -0.113370
v 0.269520 1.365978 -0.067838
v 0.267285 1.398119 -0.082312
v 0.274240 1.425036 -0.093761
v 0.293362 1.372695 -0.085138
v 0.263540 1.363936 -0.072686
v 0.256351 1.358983 -0.124555
v 0.265324 1.351911 -0.135249
v 0.248867 1.373549 -0.149452
v 0.255885 1.379611 -0.085233
v 0.239555 1.391946 -0.119690
v 0.272810 1.358948 -0.098592
v 0.254084 1.385360 -0.102104
v 0.270782 1.351821 -0.095650
v 0.121126 1.817003 0.088212
v 0.002026 1.523182 0.114495
v 0.038048 1.824428 0.151753
v 0.126895 1.754046 0.081506
v 0.000000 1.763445 0.164577
v 0.034279 1.781927 0.159721
v 0.090167 1.759252 0.130088
v 0.015076 1.585475 0.140416
v 0.055891 1.588689 0.124143
v 0.074118 1.615986 0.122341
v -0.000000 1.651567 0.146045
v 0.025980 1.663927 0.138407
v 0.079704 1.822264 0.130640
v 0.082577 1.657292 0.113518
v -0.009292 1.692522 0.143378
v 0.036787 1.693487 0.138823
v 0.031944 1.741614 0.155438
v 0.103405 1.681112 0.100116
v 0.067531 1.764514 0.146874
v 0.111815 1.762368 0.109091
v -0.000000 1.539264 0.122645
v -0.000000 1.574347 0.135181
v 0.021339 1.532967 0.115355
v 0.028133 1.601938 0.135541
v 0.073680 1.560425 0.088384
v 0.007111 1.556178 0.125842
v 0.014516 1.635541 0.146243
v 0.063659 1.565882 0.107593
v 0.097530 1.606321 0.104628
v -0.002540 1.598713 0.143266
v 0.001017 1.620088 0.151631
v 0.000000 1.637139 0.170013
v 0.037289 1.577701 0.127276
v 0.013664 1.575047 0.131758
v 0.017281 1.574237 0.132963
v -0.000000 1.575078 0.134667
v 0.115224 1.631327 0.078388
v 0.042371 1.537954 0.093992
v 0.127595 1.808860 0.072987
v 0.103317 1.590526 0.080920
v -0.003714 1.526875 0.090340
v 0.134748 1.774699 0.029881
v 0.133888 1.750664 0.052334
v 0.106089 1.592220 0.045542
v 0.072340 1.559687 0.058162
v 0.119469 1.623288 0.056451
v 0.128622 1.691730 -0.008908
v 0.000000 1.542903 0.039240
v 0.027880 1.536231 0.072466
v 0.129437 1.725578 -0.012142
v 0.062743 1.568901 0.005970
v 0.000000 1.588157 -0.058650
v 0.132692 1.748653 0.002906
v 0.102424 1.595562 0.017856
v 0.116580 1.617539 0.009826
v 0.048006 1.570760 -0.010610
v 0.032272 1.584345 -0.044094
v 0.100980 1.610450 -0.013408
v 0.031692 1.555887 0.021796
v 0.111967 1.621746 -0.003534
v 0.082762 1.620786 -0.048100
v 0.061702 1.592580 -0.039115
v 0.118037 1.649352 -0.030137
v 0.038713 1.596367 -0.063929
v 0.155999 1.684405 -0.034968
v 0.148238 1.655250 -0.028423
v 0.131277 1.624798 -0.008884
v 0.131473 1.655188 -0.014752
v 0.125127 1.704199 -0.013990
v 0.153644 1.685617 -0.040606
v 0.150923 1.708960 -0.032249
v 0.136144 1.709677 -0.018780
v -0.122013 1.816512 0.087298
v -0.126895 1.754046 0.081506
v -0.034279 1.781927 0.159721
v -0.090167 1.759252 0.130088
v -0.027699 1.559591 0.122010
v -0.005795 1.585322 0.143534
v -0.055891 1.588689 0.124143
v -0.074118 1.615986 0.122341
v -0.013130 1.668253 0.141426
v -0.011160 1.825213 0.157428
v -0.103405 1.681112 0.100116
v -0.037778 1.659917 0.133265
v -0.102636 1.820229 0.109659
v -0.060421 1.823192 0.142175
v -0.082577 1.657292 0.113518
v -0.045074 1.692606 0.135422
v -0.031944 1.741615 0.155438
v -0.067531 1.764514 0.146874
v -0.111815 1.762368 0.109091
v -0.021339 1.532967 0.115356
v -0.020305 1.567703 0.130381
v -0.028897 1.603866 0.135573
v -0.073680 1.560426 0.088384
v -0.014516 1.635541 0.146243
v -0.063660 1.565882 0.107593
v -0.097530 1.606321 0.104628
v -0.013664 1.575047 0.131758
v -0.018117 1.574361 0.132905
v -0.115224 1.631327 0.078388
v -0.127595 1.808860 0.072987
v -0.033564 1.532731 0.098621
v -0.103317 1.590526 0.080920
v -0.134748 1.774699 0.029881
v -0.133888 1.750664 0.052334
v -0.106089 1.592220 0.045542
v -0.072340 1.559687 0.058162
v -0.119469 1.623288 0.056450
v -0.128622 1.691730 -0.008908
v -0.030777 1.538144 0.068774
v -0.129437 1.725578 -0.012142
v -0.132692 1.748653 0.002906
v -0.102424 1.595562 0.017856
v -0.062743 1.568901 0.005970
v -0.116580 1.617539 0.009826
v -0.048006 1.570760 -0.010610
v -0.032272 1.584345 -0.044094
v -0.100980 1.610450 -0.013408
v -0.031692 1.555887 0.021796
v -0.111967 1.621746 -0.003534
v -0.082762 1.620786 -0.048100
v -0.061702 1.592580 -0.039115
v -0.118037 1.649352 -0.030137
v -0.038713 1.596367 -0.063929
v -0.155999 1.684405 -0.034968
v -0.148238 1.655249 -0.028423
v -0.131278 1.624799 -0.008884
v -0.131473 1.655188 -0.014752
v -0.125127 1.704199 -0.013990
v -0.153644 1.685617 -0.040606
v -0.150923 1.708960 -0.032249
v -0.136144 1.709677 -0.018780
v 0.128454 1.784621 0.112625
v 0.098148 1.799240 0.138844
v 0.068277 1.799860 0.154238
v 0.038417 1.836694 0.154626
v 0.000000 1.842156 0.156925
v 0.053674 1.731836 0.158017
v 0.104515 1.721646 0.127015
v 0.064819 1.730153 0.153081
v 0.066921 1.810184 0.149093
v -0.000000 1.733442 0.169256
v 0.000000 1.556062 -0.250167
v -0.000000 1.709568 -0.217638
v 0.019694 1.548626 -0.249265
v 0.029577 1.530181 -0.248281
v 0.064316 1.691392 -0.197676
v 0.020058 1.513326 -0.249692
v 0.000000 1.571216 -0.232085
v 0.000000 1.604950 -0.239070
v 0.000000 1.665759 -0.230422
v 0.042775 1.602621 -0.224552
v 0.032061 1.558746 -0.220208
v 0.069506 1.642599 -0.190851
v 0.069767 1.547602 -0.187333
v 0.054620 1.536020 -0.198122
v 0.040697 1.576205 -0.031488
v 0.057149 1.541561 -0.141437
v 0.039983 1.512138 -0.172956
v 0.000929 1.568760 -0.279535
v 0.019102 1.548201 -0.274173
v 0.000000 1.505214 -0.250890
v 0.000000 1.499293 -0.159026
v 0.000000 1.549988 -0.095150
v 0.000000 1.576757 -0.044550
v 0.000000 1.536870 -0.279806
v 0.142523 1.543661 -0.197826
v 0.127450 1.680194 -0.168871
v 0.166582 1.536652 -0.182422
v 0.168236 1.505477 -0.186643
v 0.157515 1.681919 -0.132102
v 0.134820 1.558696 -0.185768
v 0.137796 1.590323 -0.188552
v 0.134134 1.648597 -0.180261
v 0.161524 1.643372 -0.144992
v 0.168842 1.588057 -0.152304
v 0.163011 1.549625 -0.160359
v 0.166316 1.638055 -0.101165
v 0.170882 1.582437 -0.102763
v 0.167396 1.526228 -0.136802
v 0.142549 1.541127 -0.102414
v 0.145870 1.503966 -0.128745
v 0.170395 1.533822 -0.208196
v 0.156998 1.555446 -0.216012
v 0.144498 1.492753 -0.200325
v 0.107498 1.491866 -0.140669
v 0.080909 1.542554 -0.097800
v 0.077386 1.591266 -0.012785
v 0.156995 1.526387 -0.220473
v 0.123092 1.537939 -0.209481
v 0.100813 1.680942 -0.183599
v 0.121693 1.505477 -0.215510
v 0.100752 1.588549 -0.198212
v 0.106467 1.551185 -0.196790
v 0.077416 1.526228 -0.192610
v 0.079764 1.503966 -0.169746
v 0.138414 1.546564 -0.218675
v 0.140041 1.533822 -0.227022
v 0.220348 1.538122 -0.080684
v 0.194104 1.673390 -0.052969
v 0.198171 1.681184 -0.005500
v 0.230390 1.501723 -0.047450
v 0.180799 1.695875 0.027797
v 0.204124 1.558681 -0.071072
v 0.209399 1.589954 -0.065205
v 0.202459 1.647098 -0.055195
v 0.218503 1.617392 -0.008259
v 0.219917 1.547666 -0.028405
v 0.177563 1.628366 0.031294
v 0.197188 1.576179 0.017395
v 0.210102 1.526228 -0.013078
v 0.150315 1.606474 0.027331
v 0.156336 1.555070 0.018336
v 0.187290 1.503966 -0.015889
v 0.233609 1.534220 -0.102338
v 0.238099 1.529532 -0.055224
v 0.246261 1.517768 -0.075345
v 0.251249 1.540187 -0.098991
v 0.208809 1.488946 -0.073847
v 0.158782 1.491866 -0.044208
v 0.115382 1.542554 -0.018495
v 0.106017 1.599974 -0.005673
v 0.236412 1.508800 -0.090201
v 0.200359 1.531291 -0.108490
v 0.196024 1.501723 -0.105456
v 0.174289 1.547666 -0.105418
v 0.102752 1.555070 -0.072107
v 0.147639 1.503966 -0.082814
v 0.228113 1.517768 -0.105976
v 0.107111 1.619129 0.100862
v 0.110827 1.708382 0.103269
v 0.178432 1.747357 0.022753
v 0.089354 1.574227 0.108132
v 0.152244 1.711074 0.089375
v 0.147366 1.794933 0.085884
v 0.145620 1.621844 0.087980
v 0.106814 1.573818 0.087761
v 0.186640 1.527034 0.028640
v 0.217870 1.544299 -0.002177
v 0.113138 1.711161 0.092479
v 0.130772 1.618434 0.073714
v 0.102815 1.619956 0.008642
v 0.113701 1.713979 0.074075
v 0.094498 1.801942 0.113927
v 0.120488 1.693997 0.048627
v 0.148422 1.622722 0.025051
v 0.244521 1.734776 0.000375
v 0.172356 1.602528 0.031935
v 0.140427 1.573245 0.075588
v 0.152805 1.544541 0.062506
v 0.188446 1.548303 0.015853
v 0.170532 1.539736 0.010738
v 0.171005 1.607680 0.064742
v 0.179715 1.556499 0.050024
v 0.172604 1.707497 0.058106
v 0.168725 1.770891 0.049091
v 0.196999 1.537585 0.028124
v 0.160348 1.805208 0.053754
v 0.133251 1.626546 0.038400
v 0.140143 1.579888 0.045854
v 0.116106 1.656043 0.029625
v 0.150319 1.549719 0.033737
v 0.174593 1.531127 0.014069
v 0.133610 1.708884 0.101195
v 0.107753 1.582580 0.103766
v 0.127405 1.611621 0.099835
v 0.133238 1.602898 0.085557
v 0.124094 1.594353 0.073665
v 0.096684 1.769096 -0.187247
v 0.170621 1.735005 -0.110350
v 0.192871 1.737326 -0.054079
v 0.182729 1.751089 0.003492
v 0.000000 1.809615 -0.215875
v 0.039264 1.789022 -0.213748
v 0.170577 1.767923 -0.097450
v 0.182697 1.773223 -0.055352
v 0.185419 1.776052 -0.018660
v 0.105434 1.879321 0.099723
v 0.117207 1.871165 -0.144249
v -0.006460 1.911069 -0.167381
v 0.034212 1.905400 -0.163220
v 0.093825 1.904149 -0.131423
v 0.123810 1.836727 -0.160101
v 0.126618 1.794948 -0.167475
v 0.125036 1.877373 -0.121878
v 0.130894 1.903459 -0.087973
v 0.137711 1.907817 -0.020611
v 0.122470 1.898267 0.050395
v 0.120794 1.822333 0.109589
v 0.072846 1.910913 0.091810
v 0.015259 1.906561 0.116309
v 0.000000 1.873037 -0.195910
v 0.043350 1.845237 -0.200009
v 0.050940 1.876540 -0.181666
v 0.090411 1.809071 -0.189170
v 0.167471 1.808180 -0.109313
v 0.155701 1.864696 -0.093568
v 0.179190 1.834495 -0.058650
v 0.158810 1.878099 -0.059094
v 0.178993 1.806783 -0.011849
v 0.174479 1.847264 -0.017886
v 0.159662 1.879156 -0.020918
v 0.168137 1.820030 0.019579
v 0.137127 1.872159 0.063527
v 0.068028 1.865062 0.133689
v 0.015289 1.879481 0.138572
v 0.055233 1.922047 -0.131316
v 0.000000 1.934977 -0.135621
v 0.104365 1.923040 -0.088869
v 0.075925 1.932644 -0.096176
v 0.061900 1.945431 -0.059013
v 0.099535 1.935568 -0.022650
v 0.040826 1.953179 -0.002758
v 0.000000 1.956065 0.008344
v 0.097892 1.923637 0.036463
v 0.067723 1.938984 0.033966
v 0.034963 1.935578 0.070078
v 0.013064 1.812149 0.161166
v 0.015355 1.768345 0.173677
v -0.009946 1.768628 0.169557
v 0.061313 1.773842 0.157454
v 0.205021 1.756686 -0.004744
v 0.204864 1.771455 0.001234
v 0.210065 1.763272 0.016644
v -0.128454 1.784621 0.112625
v -0.098148 1.799240 0.138844
v -0.068277 1.799860 0.154238
v -0.038417 1.836694 0.154626
v -0.053674 1.731836 0.158017
v -0.000000 1.733853 0.174166
v -0.104515 1.721646 0.127015
v -0.066286 1.809839 0.147876
v -0.029577 1.530181 -0.248281
v -0.064316 1.691392 -0.197676
v -0.020058 1.513326 -0.249692
v -0.042775 1.602621 -0.224552
v -0.032061 1.558746 -0.220208
v -0.069506 1.642599 -0.190851
v -0.069767 1.547602 -0.187333
v -0.054620 1.536020 -0.198122
v -0.040697 1.576205 -0.031488
v -0.057149 1.541561 -0.141437
v -0.039983 1.512138 -0.172956
v -0.021028 1.548091 -0.250968
v -0.019102 1.548201 -0.274173
v -0.142523 1.543661 -0.197826
v -0.127450 1.680194 -0.168871
v -0.166582 1.536652 -0.182422
v -0.168236 1.505477 -0.186643
v -0.157515 1.681919 -0.132102
v -0.134820 1.558696 -0.185768
v -0.137796 1.590323 -0.188552
v -0.134134 1.648597 -0.180261
v -0.161524 1.643372 -0.144992
v -0.168842 1.588057 -0.152304
v -0.163011 1.549625 -0.160359
v -0.166316 1.638055 -0.101165
v -0.170882 1.582437 -0.102763
v -0.167396 1.526228 -0.136802
v -0.142549 1.541127 -0.102414
v -0.145870 1.503966 -0.128745
v -0.170395 1.533822 -0.208196
v -0.156998 1.555446 -0.216012
v -0.144498 1.492753 -0.200325
v -0.107498 1.491866 -0.140669
v -0.080909 1.542554 -0.097800
v -0.077386 1.591266 -0.012785
v -0.156995 1.526387 -0.220473
v -0.123092 1.537939 -0.209481
v -0.100813 1.680942 -0.183599
v -0.121693 1.505477 -0.215510
v -0.100752 1.588549 -0.198212
v -0.106467 1.551185 -0.196790
v -0.077416 1.526228 -0.192610
v -0.079764 1.503966 -0.169746
v -0.138414 1.546564 -0.218675
v -0.140041 1.533822 -0.227022
v -0.220348 1.538122 -0.080684
v -0.194104 1.673390 -0.052969
v -0.235135 1.531291 -0.049795
v -0.198171 1.681184 -0.005500
v -0.230390 1.501723 -0.047450
v -0.180799 1.695875 0.027797
v -0.204124 1.558681 -0.071072
v -0.209399 1.589954 -0.065205
v -0.202459 1.647098 -0.055195
v -0.218503 1.617392 -0.008259
v -0.219917 1.547666 -0.028405
v -0.177563 1.628366 0.031294
v -0.197188 1.576179 0.017395
v -0.210102 1.526228 -0.013078
v -0.150315 1.606474 0.027331
v -0.156336 1.555070 0.018336
v -0.187290 1.503966 -0.015889
v -0.245710 1.534220 -0.081912
v -0.246261 1.517768 -0.075345
v -0.251249 1.540187 -0.098991
v -0.208809 1.488946 -0.073847
v -0.158782 1.491866 -0.044208
v -0.115382 1.542554 -0.018495
v -0.106017 1.599974 -0.005673
v -0.236412 1.508800 -0.090201
v -0.196024 1.501723 -0.105456
v -0.174289 1.547666 -0.105418
v -0.102752 1.555070 -0.072107
v -0.147639 1.503966 -0.082814
v -0.206545 1.529532 -0.108482
v -0.228113 1.517768 -0.105976
v -0.107111 1.619129 0.100862
v -0.110827 1.708382 0.103269
v -0.178432 1.747357 0.022753
v -0.089354 1.574227 0.108132
v -0.152244 1.711074 0.089375
v -0.147366 1.794933 0.085884
v -0.145620 1.621844 0.087980
v -0.106814 1.573818 0.087761
v -0.186640 1.527034 0.028640
v -0.217870 1.544299 -0.002177
v -0.113138 1.711161 0.092479
v -0.130772 1.618434 0.073714
v -0.102815 1.619956 0.008642
v -0.113701 1.713979 0.074075
v -0.094498 1.801942 0.113927
v -0.120488 1.693997 0.048627
v -0.148422 1.622722 0.025051
v -0.244521 1.734776 0.000375
v -0.172356 1.602528 0.031935
v -0.140427 1.573245 0.075588
v -0.152805 1.544541 0.062506
v -0.188446 1.548303 0.015853
v -0.170532 1.539736 0.010737
v -0.171006 1.607680 0.064741
v -0.179715 1.556499 0.050024
v -0.172604 1.707497 0.058106
v -0.168725 1.770891 0.049091
v -0.196999 1.537585 0.028124
v -0.160348 1.805208 0.053754
v -0.133251 1.626546 0.038400
v -0.140143 1.579888 0.045854
v -0.116106 1.656043 0.029625
v -0.150319 1.549719 0.033737
v -0.174593 1.531127 0.014069
v -0.133610 1.708884 0.101195
v -0.107753 1.582580 0.103766
v -0.127405 1.611621 0.099835
v -0.133238 1.602898 0.085557
v -0.124094 1.594353 0.073665
v -0.096684 1.769096 -0.187247
v -0.170621 1.735005 -0.110350
v -0.192871 1.737326 -0.054079
v -0.182729 1.751089 0.003492
v -0.039264 1.789022 -0.213748
v -0.170577 1.767923 -0.097450
v -0.182697 1.773223 -0.055352
v -0.185419 1.776052 -0.018660
v -0.105434 1.879321 0.099723
v -0.117207 1.871165 -0.144249
v -0.093825 1.904149 -0.131423
v -0.123810 1.836727 -0.160101
v -0.126618 1.794948 -0.167475
v -0.125036 1.877373 -0.121878
v -0.130894 1.903459 -0.087973
v -0.137711 1.907817 -0.020611
v -0.122470 1.898267 0.050395
v -0.120794 1.822333 0.109590
v -0.054295 1.903205 0.110540
v -0.043350 1.845237 -0.200009
v -0.050940 1.876540 -0.181666
v -0.090411 1.809071 -0.189170
v -0.167471 1.808180 -0.109313
v -0.155701 1.864696 -0.093568
v -0.179190 1.834495 -0.058650
v -0.158810 1.878099 -0.059094
v -0.178993 1.806783 -0.011849
v -0.174479 1.847264 -0.017886
v -0.159662 1.879156 -0.020918
v -0.168137 1.820030 0.019579
v -0.137127 1.872159 0.063527
v -0.068028 1.865062 0.133689
v -0.033673 1.878110 0.135640
v -0.055233 1.922047 -0.131316
v -0.097505 1.925997 -0.093258
v -0.000527 1.955444 -0.086529
v -0.061900 1.945431 -0.059013
v -0.099535 1.935568 -0.022650
v -0.040826 1.953179 -0.002758
v -0.097892 1.923637 0.036463
v -0.067723 1.938984 0.033966
v -0.017018 1.944289 0.055076
v -0.076116 1.916829 0.078816
v -0.014457 1.928321 0.088525
v -0.032362 1.771590 0.169811
v -0.060928 1.770513 0.157644
v -0.065220 1.730353 0.152946
v -0.205021 1.756686 -0.004744
v -0.204864 1.771455 0.001234
v -0.210065 1.763272 0.016644
v 0.170342 0.891773 0.055271
v 0.156808 0.884643 -0.070083
v 0.119266 1.092958 -0.036167
v -0.000000 0.874816 -0.059022
v -0.011106 1.093574 -0.069955
v -0.000000 0.910239 0.099912
v 0.061078 1.095488 -0.072448
v 0.103732 0.878993 -0.084489
v 0.074681 1.021208 0.098321
v 0.183651 0.889473 -0.009856
v 0.125567 1.092583 0.003907
v 0.148701 1.034847 -0.055297
v 0.133477 1.002012 0.059099
v 0.156736 0.935306 0.058899
v 0.000000 0.982651 0.114052
v -0.004385 1.041718 -0.098892
v 0.000000 0.955182 -0.106492
v 0.109876 1.039755 -0.094723
v 0.118946 0.954909 -0.109187
v 0.154219 1.027237 0.004387
v 0.000000 0.861155 -0.023539
v 0.000000 0.861307 0.033264
v 0.102708 0.929890 0.098328
v 0.105146 0.885175 0.095298
v 0.062324 0.902084 0.094290
v 0.013820 0.870460 0.036371
v 0.012220 0.865218 -0.038472
v 0.047802 0.867153 0.088028
v 0.170714 0.798324 0.054853
v 0.144686 0.799936 -0.075020
v 0.077577 0.800678 -0.085601
v 0.181558 0.798864 -0.016843
v 0.112090 0.798715 0.096595
v 0.020979 0.800738 -0.042386
v 0.052329 0.793346 0.087268
v 0.061989 0.956013 -0.120626
v 0.064057 1.041162 -0.104689
v 0.162793 0.918130 -0.067530
v -0.000000 0.902695 -0.089423
v 0.111787 0.908284 -0.099584
v 0.179540 0.924820 -0.005220
v -0.000000 0.880364 0.076315
v 0.022150 0.882837 0.058889
v 0.050149 0.904500 -0.103089
v 0.122175 1.447745 0.032578
v 0.111724 1.428265 -0.078707
v 0.000000 1.491262 -0.082832
v 0.047210 1.451843 -0.086413
v -0.000000 1.161669 -0.051313
v 0.005981 1.232013 -0.061933
v -0.000000 1.314629 -0.083518
v 0.013048 1.389572 -0.097048
v 0.059722 1.161510 -0.055720
v 0.133212 1.356012 -0.052602
v 0.110612 1.297536 -0.038138
v 0.105935 1.161791 -0.032013
v 0.048346 1.232828 0.086039
v 0.045199 1.280283 0.092835
v -0.000000 1.277990 0.100330
v -0.000000 1.123542 0.104610
v 0.133661 1.353779 -0.003765
v 0.117051 1.284758 0.001302
v 0.113809 1.162735 0.002930
v 0.140846 1.379176 0.031559
v 0.104722 1.286919 0.047561
v 0.094755 1.237267 0.049321
v 0.098624 1.128284 0.054861
v 0.110913 1.485055 0.003772
v 0.120511 1.471421 -0.060389
v 0.000000 1.498080 0.024675
v 0.032301 1.504159 -0.064255
v 0.032373 1.500146 0.010135
v 0.052624 1.509312 -0.024908
v 0.163109 1.429768 0.027817
v 0.138692 1.411854 -0.076462
v 0.159268 1.366882 -0.047432
v 0.158117 1.360596 -0.008819
v 0.176455 1.377815 0.019020
v 0.153338 1.455432 -0.068305
v 0.135843 1.493198 -0.032154
v 0.176653 1.462435 -0.003370
v 0.046487 1.471144 0.034211
v 0.000000 1.456332 0.053054
v 0.094507 1.372610 -0.072174
v 0.084996 1.161382 -0.048684
v 0.083981 1.286438 -0.063055
v 0.091395 1.093599 -0.061006
v 0.079234 1.487253 -0.054264
v 0.032735 0.879033 -0.081394
v 0.059667 1.268197 -0.070307
v 0.059723 1.383537 -0.086948
v 0.489914 1.181316 0.016212
v 0.491869 1.144548 -0.047942
v 0.491359 1.146961 0.032011
v 0.481486 1.134742 0.022786
v 0.506443 1.114281 -0.003641
v 0.481699 1.133833 -0.030330
v 0.256907 1.329150 -0.072459
v 0.196257 1.381374 -0.069145
v 0.282430 1.382237 -0.038579
v 0.199372 1.453850 -0.041833
v 0.249268 1.410900 -0.003441
v 0.185184 1.354369 -0.006756
v 0.185186 1.358558 -0.048341
v 0.207585 1.410554 0.020381
v 0.268115 1.356792 0.029857
v 0.212259 1.416354 -0.066522
v 0.272630 1.360964 -0.069692
v 0.244723 1.319930 0.027090
v 0.378053 1.192195 -0.036478
v 0.428889 1.208250 0.029570
v 0.405436 1.242332 -0.055080
v 0.488951 1.171091 -0.040050
v 0.395504 1.192124 0.024918
v 0.391795 1.213949 -0.058373
v 0.419386 1.256819 -0.027910
v 0.375419 1.292063 0.002221
v 0.377506 1.188425 -0.004507
v 0.345410 1.250615 -0.056941
v 0.375842 1.293079 -0.030133
v 0.333437 1.230007 -0.035490
v 0.359569 1.273261 0.023701
v 0.362644 1.277402 -0.054815
v 0.341157 1.239311 0.021674
v 0.118349 0.140348 -0.027202
v 0.095040 0.140336 0.029822
v 0.040263 0.141130 0.009705
v 0.037582 0.141856 -0.026982
v 0.142568 0.562793 -0.005626
v 0.114663 0.559719 -0.044105
v 0.051970 0.550892 0.063589
v 0.099900 0.556314 0.071132
v 0.132049 0.520987 0.038934
v 0.068346 0.553941 -0.051117
v 0.138113 0.491247 -0.009329
v 0.051718 0.459849 0.050984
v 0.067292 0.491225 -0.054515
v 0.111450 0.496621 -0.046146
v 0.095876 0.465245 0.059352
v 0.025333 0.504852 0.020395
v 0.145948 0.388493 -0.036144
v 0.052800 0.320313 0.033323
v 0.028882 0.379195 -0.047788
v 0.139660 0.369189 0.013323
v 0.068192 0.398548 -0.078453
v 0.100875 0.510957 0.080484
v 0.048050 0.505370 0.072794
v 0.031474 0.479863 -0.029127
v 0.132477 0.674696 -0.062786
v 0.010011 0.787574 0.028488
v 0.167844 0.675925 -0.013368
v 0.029731 0.551136 -0.023453
v 0.159034 0.675004 0.047532
v 0.072848 0.672035 -0.071773
v 0.039355 0.901901 0.089249
v 0.043369 0.000326 0.208848
v 0.113675 0.000382 0.202372
v 0.047809 0.000390 -0.077399
v 0.111016 0.000447 -0.077399
v 0.034096 0.000273 0.014370
v 0.020828 0.000328 0.140630
v 0.147787 0.000430 0.129102
v 0.131539 0.000444 -0.002041
v 0.049355 0.042252 0.199859
v 0.107780 0.042440 0.193500
v 0.051800 0.063812 -0.072481
v 0.040156 0.098034 -0.018839
v 0.040844 0.052718 0.060180
v 0.027939 0.043962 0.140877
v 0.139337 0.044891 0.130051
v 0.130020 0.061203 0.050744
v 0.065642 0.065160 0.147414
v 0.103162 0.065307 0.146228
v 0.043677 0.074417 0.124455
v 0.128945 0.075345 0.115122
v 0.072535 0.092369 0.093404
v 0.068839 0.086269 0.128479
v 0.097356 0.087555 0.129115
v 0.063793 0.139960 0.026689
v 0.098435 0.093499 0.089270
v 0.046347 0.105482 0.056654
v 0.118271 0.104475 0.056959
v 0.102628 0.075504 -0.068956
v 0.061228 0.138782 -0.049978
v 0.120815 0.091399 -0.019149
v 0.601075 1.048022 -0.062211
v 0.621350 1.063595 0.043479
v 0.522581 1.154256 -0.007715
v 0.610191 1.070912 0.020820
v 0.570585 1.114994 -0.009961
v 0.607776 1.069574 -0.009020
v 0.512847 1.099047 -0.049220
v 0.502922 1.112164 0.045512
v 0.604499 1.064969 -0.033976
v 0.547119 1.094000 -0.063807
v 0.590494 1.049657 -0.006001
v 0.592878 1.052316 0.023335
v 0.536060 1.124819 -0.054123
v 0.520254 1.132250 0.046714
v 0.531547 1.144979 0.034016
v 0.507975 1.104442 0.025478
v 0.558479 1.124802 0.042375
v 0.584641 1.100751 0.040174
v 0.569948 1.092462 0.049891
v 0.570962 1.094343 -0.057526
v 0.547538 1.084152 -0.008049
v 0.562375 1.065188 -0.053973
v 0.558032 1.078632 0.044147
v 0.543329 1.074018 0.026331
v 0.521153 1.104075 0.063867
v 0.537797 1.096532 0.067603
v 0.552914 1.050928 0.065204
v 0.544850 1.073146 0.051443
v 0.604238 1.056002 -0.005409
v 0.615596 1.064665 0.011561
v 0.599979 1.046072 0.014758
v 0.684292 0.999806 0.001184
v 0.677180 0.997823 0.015187
v 0.672419 0.989887 0.003353
v 0.673373 0.990718 0.011600
v 0.685003 1.000372 0.009943
v 0.686400 0.992108 0.005771
v 0.636960 1.015620 0.002640
v 0.648946 1.032419 0.000115
v 0.675556 0.996330 -0.002175
v 0.606261 1.058418 0.020086
v 0.637286 1.017111 0.013835
v 0.650185 1.033064 0.011228
v 0.598880 1.045203 0.003031
v 0.614664 1.063720 0.000126
v 0.606990 1.058486 0.026083
v 0.608296 1.045440 0.046377
v 0.675964 1.004308 0.049947
v 0.671766 0.996486 0.038761
v 0.685535 1.002629 0.045751
v 0.650738 1.035520 0.033799
v 0.684540 1.001143 0.037393
v 0.637313 1.021155 0.036088
v 0.670730 0.997754 0.046793
v 0.674861 1.002515 0.033424
v 0.611805 1.058285 0.051194
v 0.650202 1.037584 0.044220
v 0.600759 1.048988 0.034200
v 0.613359 1.069385 0.030153
v 0.597197 1.057041 -0.036126
v 0.609260 1.063449 -0.019507
v 0.594721 1.047756 -0.017285
v 0.674460 0.999458 -0.025132
v 0.665888 1.002036 -0.019802
v 0.661549 0.995056 -0.030712
v 0.662062 0.995609 -0.023151
v 0.673534 1.000519 -0.033057
v 0.629141 1.018551 -0.029638
v 0.637977 1.035612 -0.031859
v 0.664073 1.000964 -0.035579
v 0.602332 1.056851 -0.011908
v 0.629380 1.020025 -0.019477
v 0.642583 1.033305 -0.022069
v 0.591184 1.048377 -0.030404
v 0.602028 1.062592 -0.047439
v 0.589553 1.048130 -0.042976
v 0.659750 1.004867 -0.055693
v 0.651970 1.007130 -0.050549
v 0.646442 1.000886 -0.060614
v 0.648344 1.001225 -0.053684
v 0.658789 1.005941 -0.063008
v 0.627799 1.037067 -0.060981
v 0.650064 1.006324 -0.065166
v 0.595254 1.041754 -0.056165
v 0.597698 1.054298 -0.041911
v 0.614788 1.026475 -0.048828
v 0.630569 1.036333 -0.051750
v 0.604396 1.057213 -0.057593
v 0.571887 1.002360 0.086356
v 0.551808 0.999395 0.091496
v 0.557234 1.000737 0.071755
v 0.549932 0.996763 0.080252
v 0.563363 0.998815 0.094478
v 0.568503 1.005500 0.075107
v 0.565912 0.990887 0.086936
v 0.545109 1.038396 0.065850
v 0.531647 1.051757 0.083394
v 0.557643 1.049809 0.079343
v 0.533799 1.039588 0.074539
v 0.546633 1.049924 0.088338
v 0.551562 1.078095 0.061689
v 0.518771 1.071077 0.064992
v 0.520626 1.080235 0.047088
v 0.053663 0.871456 -0.059311
v 0.095384 0.836888 -0.088034
v 0.106727 0.840902 0.100945
v 0.012111 0.826046 0.036626
v 0.045635 0.832037 0.089769
v 0.021736 0.841650 0.069410
v 0.188193 0.864990 0.028061
v 0.180195 0.862282 -0.047578
v 0.072776 0.849761 0.103481
v 0.150257 0.860570 0.081548
v 0.002833 0.837750 0.012977
v 0.138313 0.855375 -0.087810
v 0.070794 0.847421 -0.090448
v 0.021465 0.840170 -0.062857
v 0.173128 0.849808 0.056130
v 0.158877 0.845112 -0.073265
v 0.186484 0.850354 -0.011081
v 0.009818 0.824193 -0.040538
v 0.021676 0.806552 0.069467
v 0.188271 0.829912 0.028084
v 0.180266 0.827202 -0.047619
v 0.072758 0.814671 0.103566
v 0.150304 0.825489 0.081615
v 0.002757 0.802650 0.012987
v 0.138350 0.820290 -0.087884
v 0.046953 0.831007 -0.075463
v 0.070774 0.812329 -0.090524
v 0.021541 0.805030 -0.063817
v 0.038660 0.194750 -0.031308
v 0.121443 0.191509 0.006825
v 0.064417 0.196053 -0.055501
v 0.099202 0.195462 -0.054380
v 0.095388 0.189869 0.030902
v 0.036337 0.193052 0.003739
v 0.116929 0.140512 0.009684
v 0.095867 0.139740 -0.051084
v 0.060641 0.144197 0.034174
v 0.124816 0.184039 -0.030556
v 0.059024 0.181096 0.033240
v 0.032514 0.176443 -0.032927
v 0.126822 0.175346 0.009483
v 0.061286 0.176320 -0.060675
v 0.100724 0.175949 -0.059746
v 0.097814 0.175473 0.037180
v 0.030710 0.176264 0.006927
v 0.160798 0.987124 -0.064154
v -0.002136 1.002471 -0.110426
v 0.114411 0.999742 -0.108830
v 0.168446 0.975413 0.001304
v 0.061428 0.997809 -0.120058
v 0.054797 0.945498 0.102513
v 0.048836 1.382121 0.111102
v 0.053122 1.351334 0.128790
v 0.053666 1.319504 0.128302
v 0.046001 1.292049 0.116148
v 0.093984 1.408764 0.072621
v 0.122759 1.395682 0.052745
v 0.101126 1.380675 0.092155
v 0.103469 1.350661 0.102542
v 0.102196 1.322156 0.106436
v 0.093042 1.297839 0.097021
v 0.120672 1.351439 0.067326
v 0.116424 1.320526 0.067497
v 0.095384 0.836888 -0.088034
v 0.106727 0.840902 0.100945
v 0.012111 0.826046 0.036626
v 0.045635 0.832037 0.089769
v 0.021736 0.841650 0.069410
v 0.188193 0.864990 0.028061
v 0.180195 0.862282 -0.047578
v 0.072776 0.849761 0.103481
v 0.150257 0.860570 0.081548
v 0.002833 0.837750 0.012977
v 0.138313 0.855375 -0.087810
v 0.070794 0.847421 -0.090448
v 0.021465 0.840170 -0.062857
v 0.173128 0.849808 0.056130
v 0.158877 0.845112 -0.073265
v 0.186484 0.850354 -0.011081
v 0.009818 0.824193 -0.040538
v 0.021676 0.806552 0.069467
v 0.188271 0.829912 0.028084
v 0.180266 0.827202 -0.047619
v 0.072758 0.814671 0.103566
v 0.150304 0.825489 0.081615
v 0.002757 0.802650 0.012987
v 0.138350 0.820290 -0.087884
v 0.046953 0.831007 -0.075463
v 0.070774 0.812329 -0.090524
v 0.021541 0.805030 -0.063817
v 0.116353 0.404744 -0.072845
v 0.098857 0.322868 0.039544
v 0.019524 0.370962 -0.000091
v -0.170342 0.891773 0.055271
v -0.156808 0.884643 -0.070083
v -0.119266 1.092958 -0.036167
v -0.103732 0.878993 -0.084489
v -0.074681 1.021208 0.098321
v -0.183651 0.889473 -0.009856
v -0.125567 1.092583 0.003907
v -0.148701 1.034847 -0.055297
v -0.133477 1.002012 0.059099
v -0.156736 0.935306 0.058899
v -0.109876 1.039755 -0.094723
v -0.118946 0.954909 -0.109187
v -0.154219 1.027237 0.004387
v -0.102708 0.929890 0.098328
v -0.105146 0.885175 0.095298
v -0.062324 0.902084 0.094290
v -0.013820 0.870460 0.036371
v -0.012220 0.865218 -0.038472
v -0.047802 0.867153 0.088028
v -0.170714 0.798324 0.054853
v -0.144686 0.799936 -0.075020
v -0.077577 0.800678 -0.085601
v -0.181558 0.798864 -0.016843
v -0.112090 0.798715 0.096594
v -0.020979 0.800738 -0.042386
v -0.052329 0.793347 0.087268
v -0.061989 0.956013 -0.120626
v -0.162793 0.918130 -0.067530
v -0.111787 0.908284 -0.099584
v -0.179540 0.924820 -0.005220
v -0.022150 0.882837 0.058889
v -0.050149 0.904500 -0.103089
v -0.122175 1.447745 0.032578
v -0.111724 1.428265 -0.078707
v -0.047210 1.451843 -0.086413
v -0.040990 1.386094 -0.092521
v -0.057440 1.254917 -0.068763
v -0.059722 1.161510 -0.055720
v -0.133212 1.356012 -0.052602
v -0.110612 1.297536 -0.038138
v -0.105935 1.161791 -0.032013
v -0.048346 1.232828 0.086039
v -0.045199 1.280283 0.092835
v -0.133661 1.353779 -0.003765
v -0.117051 1.284758 0.001302
v -0.113809 1.162735 0.002930
v -0.140846 1.379176 0.031559
v -0.104722 1.286919 0.047561
v -0.094755 1.237267 0.049321
v -0.098624 1.128284 0.054861
v -0.110913 1.485055 0.003772
v -0.120511 1.471421 -0.060389
v -0.032301 1.504159 -0.064255
v -0.032373 1.500146 0.010135
v -0.052624 1.509312 -0.024908
v -0.163109 1.429768 0.027817
v -0.138692 1.411854 -0.076462
v -0.159268 1.366882 -0.047432
v -0.158117 1.360596 -0.008819
v -0.176455 1.377815 0.019020
v -0.153338 1.455432 -0.068305
v -0.135843 1.493197 -0.032154
v -0.176653 1.462435 -0.003370
v -0.046487 1.471144 0.034211
v -0.094507 1.372609 -0.072174
v -0.084996 1.161382 -0.048684
v -0.083981 1.286438 -0.063055
v -0.091395 1.093599 -0.061006
v -0.079234 1.487253 -0.054264
v -0.060896 1.094149 -0.073346
v -0.032735 0.879033 -0.081394
v -0.070737 1.041057 -0.103488
v -0.489914 1.181316 0.016212
v -0.491869 1.144548 -0.047942
v -0.491359 1.146961 0.032011
v -0.481486 1.134742 0.022786
v -0.506443 1.114281 -0.003641
v -0.481699 1.133833 -0.030330
v -0.256907 1.329150 -0.072459
v -0.196256 1.381374 -0.069145
v -0.282430 1.382237 -0.038579
v -0.199372 1.453849 -0.041833
v -0.249267 1.410900 -0.003441
v -0.185184 1.354368 -0.006756
v -0.185186 1.358558 -0.048340
v -0.207585 1.410554 0.020381
v -0.268115 1.356792 0.029857
v -0.212259 1.416354 -0.066522
v -0.272630 1.360964 -0.069692
v -0.244723 1.319930 0.027090
v -0.378053 1.192195 -0.036479
v -0.428890 1.208250 0.029570
v -0.405436 1.242332 -0.055080
v -0.488951 1.171091 -0.040050
v -0.395504 1.192124 0.024918
v -0.391795 1.213949 -0.058373
v -0.419385 1.256819 -0.027910
v -0.375419 1.292063 0.002221
v -0.377505 1.188425 -0.004507
v -0.345410 1.250614 -0.056941
v -0.375842 1.293079 -0.030133
v -0.333437 1.230007 -0.035490
v -0.359569 1.273260 0.023701
v -0.362644 1.277402 -0.054815
v -0.341157 1.239311 0.021674
v -0.118349 0.140348 -0.027202
v -0.095040 0.140336 0.029821
v -0.040263 0.141130 0.009705
v -0.037582 0.141856 -0.026982
v -0.142568 0.562793 -0.005626
v -0.114663 0.559719 -0.044105
v -0.051970 0.550892 0.063589
v -0.098287 0.556669 0.070601
v -0.132049 0.520987 0.038934
v -0.068346 0.553941 -0.051117
v -0.138113 0.491247 -0.009329
v -0.051718 0.459849 0.050984
v -0.067292 0.491225 -0.054515
v -0.111450 0.496621 -0.046146
v -0.095876 0.465246 0.059352
v -0.025333 0.504853 0.020394
v -0.145948 0.388493 -0.036144
v -0.052800 0.320313 0.033323
v -0.028882 0.379195 -0.047788
v -0.139660 0.369189 0.013323
v -0.068192 0.398548 -0.078453
v -0.111273 0.672471 0.084240
v -0.100875 0.510957 0.080484
v -0.048050 0.505370 0.072794
v -0.031474 0.479864 -0.029127
v -0.132477 0.674696 -0.062786
v -0.010011 0.787574 0.028488
v -0.167844 0.675925 -0.013368
v -0.029731 0.551136 -0.023453
v -0.159034 0.675004 0.047532
v -0.072848 0.672035 -0.071773
v -0.039355 0.901901 0.089249
v -0.043369 0.000326 0.208848
v -0.113675 0.000383 0.202372
v -0.047809 0.000390 -0.077399
v -0.111016 0.000447 -0.077399
v -0.034096 0.000273 0.014370
v -0.020828 0.000328 0.140630
v -0.147787 0.000430 0.129102
v -0.131539 0.000444 -0.002041
v -0.049355 0.042252 0.199859
v -0.107780 0.042440 0.193500
v -0.051800 0.063812 -0.072481
v -0.040156 0.098034 -0.018839
v -0.040844 0.052719 0.060180
v -0.027939 0.043963 0.140877
v -0.139337 0.044891 0.130051
v -0.130020 0.061203 0.050744
v -0.065642 0.065160 0.147414
v -0.103162 0.065308 0.146228
v -0.043677 0.074417 0.124455
v -0.128945 0.075345 0.115122
v -0.072535 0.092369 0.093404
v -0.068839 0.086269 0.128479
v -0.097356 0.087555 0.129115
v -0.063793 0.139960 0.026689
v -0.098435 0.093499 0.089269
v -0.046347 0.105482 0.056654
v -0.118271 0.104476 0.056959
v -0.102628 0.075504 -0.068956
v -0.061228 0.138782 -0.049978
v -0.120815 0.091399 -0.019149
v -0.601075 1.048022 -0.062211
v -0.621350 1.063595 0.043479
v -0.522582 1.154256 -0.007715
v -0.610191 1.070912 0.020820
v -0.570585 1.114994 -0.009961
v -0.609897 1.068667 -0.003666
v -0.502922 1.112164 0.045512
v -0.604499 1.064969 -0.033976
v -0.547119 1.094000 -0.063807
v -0.590494 1.049657 -0.006001
v -0.607588 1.069126 -0.010054
v -0.592878 1.052316 0.023335
v -0.536060 1.124819 -0.054123
v -0.520254 1.132250 0.046714
v -0.531547 1.144979 0.034016
v -0.507975 1.104442 0.025478
v -0.558479 1.124802 0.042375
v -0.584641 1.100751 0.040174
v -0.569948 1.092462 0.049891
v -0.570962 1.094343 -0.057526
v -0.547538 1.084152 -0.008049
v -0.512847 1.099047 -0.049220
v -0.562375 1.065188 -0.053973
v -0.558032 1.078632 0.044147
v -0.543329 1.074018 0.026331
v -0.521153 1.104075 0.063867
v -0.537797 1.096532 0.067603
v -0.552914 1.050928 0.065204
v -0.544850 1.073146 0.051443
v -0.604238 1.056002 -0.005409
v -0.615539 1.065006 0.011463
v -0.599979 1.046072 0.014758
v -0.683135 1.001173 0.001307
v -0.677180 0.997823 0.015187
v -0.672419 0.989887 0.003353
v -0.673373 0.990718 0.011600
v -0.685003 1.000373 0.009943
v -0.686400 0.992108 0.005771
v -0.636960 1.015620 0.002640
v -0.675556 0.996330 -0.002175
v -0.606261 1.058418 0.020086
v -0.638130 1.042052 -0.000099
v -0.637287 1.017110 0.013835
v -0.650009 1.033289 0.011208
v -0.598880 1.045203 0.003031
v -0.606990 1.058486 0.026084
v -0.608296 1.045439 0.046377
v -0.675964 1.004308 0.049947
v -0.671766 0.996486 0.038761
v -0.685535 1.002630 0.045751
v -0.650738 1.035520 0.033799
v -0.684540 1.001143 0.037393
v -0.637313 1.021155 0.036088
v -0.670730 0.997754 0.046793
v -0.674862 1.002515 0.033424
v -0.611805 1.058284 0.051194
v -0.650202 1.037584 0.044220
v -0.600759 1.048988 0.034200
v -0.613359 1.069385 0.030153
v -0.597197 1.057041 -0.036126
v -0.609260 1.063449 -0.019507
v -0.594721 1.047756 -0.017285
v -0.674460 0.999458 -0.025132
v -0.665889 1.002036 -0.019802
v -0.661549 0.995056 -0.030712
v -0.662062 0.995609 -0.023151
v -0.673534 1.000519 -0.033057
v -0.629141 1.018551 -0.029638
v -0.637977 1.035611 -0.031859
v -0.664073 1.000964 -0.035579
v -0.602332 1.056851 -0.011908
v -0.629380 1.020026 -0.019477
v -0.642583 1.033305 -0.022069
v -0.591184 1.048377 -0.030404
v -0.602028 1.062592 -0.047439
v -0.589553 1.048130 -0.042976
v -0.659750 1.004867 -0.055693
v -0.651970 1.007130 -0.050549
v -0.646442 1.000886 -0.060614
v -0.648344 1.001225 -0.053684
v -0.658789 1.005941 -0.063008
v -0.627799 1.037067 -0.060981
v -0.650064 1.006324 -0.065166
v -0.595254 1.041754 -0.056165
v -0.597698 1.054298 -0.041911
v -0.614788 1.026475 -0.048828
v -0.630569 1.036333 -0.051750
v -0.604396 1.057213 -0.057593
v -0.571887 1.002360 0.086356
v -0.551808 0.999395 0.091496
v -0.557234 1.000737 0.071754
v -0.549932 0.996763 0.080252
v -0.563363 0.998815 0.094478
v -0.568503 1.005500 0.075107
v -0.565912 0.990887 0.086936
v -0.545109 1.038396 0.065850
v -0.531647 1.051757 0.083394
v -0.557643 1.049809 0.079343
v -0.533799 1.039588 0.074539
v -0.546633 1.049924 0.088338
v -0.551562 1.078095 0.061690
v -0.518771 1.071077 0.064992
v -0.520626 1.080235 0.047088
v -0.053663 0.871456 -0.059311
v -0.095384 0.836888 -0.088034
v -0.106727 0.840902 0.100945
v -0.012111 0.826046 0.036626
v -0.045635 0.832037 0.089769
v -0.021736 0.841650 0.069410
v -0.188193 0.864990 0.028061
v -0.180195 0.862282 -0.047579
v -0.072776 0.849761 0.103481
v -0.150257 0.860570 0.081548
v -0.002833 0.837750 0.012977
v -0.138313 0.855375 -0.087810
v -0.070794 0.847421 -0.090448
v -0.021465 0.840170 -0.062857
v -0.173128 0.849808 0.056130
v -0.158877 0.845112 -0.073265
v -0.186484 0.850354 -0.011081
v -0.009818 0.824193 -0.040538
v -0.021676 0.806552 0.069467
v -0.188271 0.829912 0.028084
v -0.180266 0.827202 -0.047619
v -0.072758 0.814671 0.103566
v -0.150304 0.825489 0.081615
v -0.002757 0.802650 0.012987
v -0.138350 0.820290 -0.087884
v -0.046953 0.831007 -0.075463
v -0.070774 0.812329 -0.090524
v -0.021541 0.805030 -0.063817
v -0.038660 0.194750 -0.031308
v -0.121443 0.191509 0.006825
v -0.064417 0.196053 -0.055501
v -0.099202 0.195462 -0.054381
v -0.095388 0.189869 0.030902
v -0.036337 0.193052 0.003739
v -0.116929 0.140512 0.009684
v -0.095867 0.139740 -0.051084
v -0.060641 0.144197 0.034174
v -0.124816 0.184039 -0.030556
v -0.059024 0.181096 0.033239
v -0.032514 0.176443 -0.032927
v -0.126822 0.175346 0.009483
v -0.061286 0.176320 -0.060675
v -0.100724 0.175950 -0.059746
v -0.097814 0.175473 0.037180
v -0.030710 0.176264 0.006927
v -0.160797 0.987124 -0.064154
v -0.114411 0.999742 -0.108831
v -0.168446 0.975413 0.001304
v -0.071941 1.000841 -0.118383
v -0.054797 0.945498 0.102513
v -0.050206 1.382265 0.110257
v -0.051955 1.352097 0.129519
v -0.052238 1.319703 0.129519
v -0.046602 1.291947 0.115304
v -0.093984 1.408764 0.072621
v -0.122759 1.395682 0.052744
v -0.101126 1.380675 0.092155
v -0.103469 1.350661 0.102542
v -0.102196 1.322156 0.106436
v -0.093042 1.297839 0.097021
v -0.120672 1.351439 0.067326
v -0.116424 1.320526 0.067497
v -0.095384 0.836888 -0.088034
v -0.106727 0.840902 0.100945
v -0.012111 0.826046 0.036626
v -0.045635 0.832037 0.089769
v -0.021736 0.841650 0.069410
v -0.188193 0.864990 0.028061
v -0.180195 0.862282 -0.047579
v -0.072776 0.849761 0.103481
v -0.150257 0.860570 0.081548
v -0.002833 0.837750 0.012977
v -0.138313 0.855375 -0.087810
v -0.070794 0.847421 -0.090448
v -0.021465 0.840170 -0.062857
v -0.173128 0.849808 0.056130
v -0.158877 0.845112 -0.073265
v -0.186484 0.850354 -0.011081
v -0.009818 0.824193 -0.040538
v -0.021676 0.806552 0.069467
v -0.188271 0.829912 0.028084
v -0.180266 0.827202 -0.047619
v -0.072758 0.814671 0.103566
v -0.150304 0.825489 0.081615
v -0.002757 0.802650 0.012987
v -0.138350 0.820290 -0.087884
v -0.046953 0.831007 -0.075463
v -0.070774 0.812329 -0.090524
v -0.021541 0.805030 -0.063817
v -0.116353 0.404744 -0.072845
v -0.098857 0.322868 0.039544
v -0.019524 0.370962 -0.000091
vn -0.4484 -0.3539 0.8208
vn 0.0148 -0.9820 0.1885
vn 0.1330 -0.6605 0.7390
vn 0.6108 -0.0580 0.7897
vn 0.9093 0.2517 0.3314
vn 0.5905 0.7083 0.3868
vn -0.6217 -0.6616 -0.4194
vn 0.2866 -0.5538 -0.7817
vn 0.0341 -0.9373 -0.3469
vn 0.2878 0.3931 -0.8733
vn 0.9421 0.2621 -0.2092
vn 0.6836 -0.0317 -0.7292
vn -0.6749 -0.7141 0.1861
vn 0.6490 0.7092 -0.2752
vn -0.0829 0.9357 0.3429
vn -0.0207 0.9693 -0.2450
vn -0.9524 -0.2758 0.1295
vn -0.2638 0.6349 -0.7262
vn -0.9016 -0.2345 -0.3634
vn -0.6656 0.1121 -0.7378
vn -0.3553 0.5954 0.7206
vn -0.7542 -0.0065 0.6567
vn -0.9894 0.1377 0.0470
vn -0.3050 -0.3826 -0.8721
vn 0.5342 -0.8293 -0.1639
vn -0.4793 -0.7229 0.4977
vn -0.6040 -0.5758 -0.5510
vn 0.1684 -0.0262 0.9854
vn -0.4928 0.8701 -0.0057
vn 0.3424 0.8045 -0.4853
vn 0.9441 -0.1375 -0.2998
vn -0.6565 0.7409 -0.1417
vn -0.7664 -0.6377 0.0776
vn 0.2430 -0.9506 0.1933
vn 0.4036 -0.6602 -0.6334
vn -0.2203 0.1586 -0.9625
vn 0.9875 0.1242 -0.0966
vn 0.5003 0.8644 0.0507
vn 0.8018 0.5431 0.2493
vn 0.3277 -0.0455 0.9437
vn -0.6414 -0.4832 0.5959
vn -0.4306 0.6754 0.5987
vn 0.7854 -0.0058 0.6189
vn 0.5922 0.1345 0.7945
vn 0.6353 -0.0587 0.7700
vn 0.9441 0.0259 0.3287
vn 0.8415 0.0617 0.5367
vn 0.9161 -0.1336 0.3779
vn 0.6286 -0.1173 0.7688
vn 0.7246 -0.2451 0.6442
vn 0.2686 0.0076 0.9632
vn -0.1394 0.0451 0.9892
vn 0.0292 0.4263 0.9041
vn 0.2501 0.0508 0.9669
vn -0.0798 0.1628 0.9834
vn 0.0040 -0.0916 0.9958
vn 0.4740 -0.0633 0.8783
vn 0.2927 0.1601 0.9427
vn 0.4970 0.0307 0.8672
vn 0.2895 -0.1987 0.9363
vn 0.2217 -0.2420 0.9446
vn -0.0507 -0.1865 0.9811
vn 0.4153 -0.2976 0.8596
vn 0.3460 -0.0697 0.9356
vn 0.2391 -0.2969 0.9245
vn 0.3976 -0.6490 0.6486
vn -0.0071 -0.3206 0.9472
vn 0.0418 -0.8943 0.4456
vn 0.0830 -0.3502 0.9330
vn 0.2454 -0.4721 0.8467
vn 0.0042 -0.4375 0.8992
vn 0.0268 -0.6568 0.7536
vn -0.0951 -0.3137 0.9447
vn -0.0347 -0.1396 0.9896
vn 0.0335 -0.3935 0.9187
vn 0.5627 -0.5115 0.6493
vn 0.3548 -0.4180 0.8363
vn 0.6683 -0.7004 0.2506
vn 0.4672 -0.0744 0.8810
vn 0.5986 0.0492 0.7995
vn -0.0072 0.0932 0.9956
vn 0.8193 -0.5115 0.2592
vn 0.9626 -0.2545 0.0931
vn 0.9288 -0.0313 0.3693
vn 0.9919 -0.0420 0.1197
vn 0.4897 -0.8655 0.1049
vn -0.0412 -0.9782 -0.2036
vn 0.2621 -0.9356 -0.2364
vn 0.5694 -0.8106 -0.1368
vn 0.9991 0.0046 0.0432
vn 0.8122 -0.5750 -0.0988
vn 0.4438 -0.8223 -0.3562
vn 0.7221 -0.6564 -0.2182
vn 0.9323 -0.0184 0.3613
vn 0.9974 -0.0543 -0.0477
vn 0.8525 -0.5135 -0.0980
vn 0.0005 -0.9480 0.3182
vn 0.9938 -0.1098 -0.0196
vn 0.6593 -0.6494 -0.3789
vn 0.3701 -0.7977 -0.4761
vn 0.6279 -0.7658 0.1391
vn 0.7938 -0.5336 -0.2917
vn 0.4692 -0.7763 -0.4211
vn 0.6245 -0.3436 -0.7014
vn 0.7470 0.0442 0.6633
vn 0.1382 0.9867 0.0856
vn 0.8665 -0.4706 -0.1663
vn 0.9860 -0.0519 0.1582
vn 0.7308 -0.6781 -0.0782
vn 0.3521 0.9049 -0.2392
vn -0.0657 -0.3972 -0.9154
vn 0.3463 0.1011 -0.9326
vn -0.4295 0.9020 0.0437
vn -0.7261 0.0874 0.6820
vn -0.7878 -0.0038 0.6159
vn -0.6313 -0.0489 0.7740
vn -0.9099 0.0108 0.4147
vn -0.9288 -0.0313 0.3694
vn -0.5102 -0.6598 0.5517
vn -0.6322 -0.1177 0.7658
vn -0.9161 -0.1336 0.3779
vn -0.7246 -0.2451 0.6442
vn -0.5592 0.0288 0.8285
vn -0.3633 -0.0287 0.9312
vn -0.3566 -0.0770 0.9311
vn -0.2584 0.0482 0.9648
vn -0.4743 0.1576 0.8662
vn -0.4829 -0.0547 0.8739
vn -0.3540 -0.1998 0.9136
vn -0.4990 0.0226 0.8663
vn -0.2384 -0.2273 0.9442
vn -0.4109 -0.2994 0.8611
vn -0.3797 -0.6390 0.6690
vn -0.3223 -0.3803 0.8669
vn -0.4328 -0.3270 0.8401
vn 0.1287 -0.7882 0.6018
vn -0.2230 -0.4496 0.8650
vn -0.5564 -0.5135 0.6532
vn -0.6649 -0.7045 0.2481
vn -0.4641 -0.0720 0.8828
vn -0.4541 -0.8835 0.1151
vn -0.9626 -0.2545 0.0931
vn -0.5706 -0.8101 -0.1344
vn -0.8122 -0.5750 -0.0988
vn -0.8193 -0.5115 0.2592
vn -0.9991 0.0046 0.0432
vn -0.9919 -0.0420 0.1197
vn -0.4439 -0.8220 -0.3567
vn -0.7221 -0.6565 -0.2182
vn -0.2800 -0.9245 -0.2588
vn -0.9323 -0.0184 0.3613
vn -0.9938 -0.1098 -0.0196
vn -0.6593 -0.6494 -0.3789
vn -0.3701 -0.7977 -0.4761
vn -0.8525 -0.5135 -0.0980
vn -0.6276 -0.7663 0.1380
vn -0.7938 -0.5336 -0.2917
vn -0.6245 -0.3436 -0.7014
vn -0.4692 -0.7763 -0.4211
vn -0.3097 -0.8544 -0.4173
vn -0.7470 0.0442 0.6633
vn -0.7308 -0.6781 -0.0782
vn -0.1382 0.9867 0.0856
vn -0.9860 -0.0519 0.1582
vn -0.3521 0.9049 -0.2392
vn -0.3463 0.1011 -0.9327
vn 0.4295 0.9020 0.0437
vn 0.0657 -0.3972 -0.9154
vn -0.8665 -0.4706 -0.1663
vn 0.1392 0.0725 0.9876
vn 0.7196 -0.6587 -0.2200
vn 0.9530 -0.2537 -0.1658
vn 0.5689 0.1206 0.8135
vn -0.5176 -0.8007 0.3017
vn 0.3064 -0.9189 -0.2484
vn 0.7846 -0.4098 -0.4652
vn 0.5650 -0.6985 -0.4391
vn 0.8911 -0.0815 -0.4465
vn 0.0937 -0.3721 -0.9234
vn 0.5590 -0.8211 0.1152
vn -0.2474 -0.8560 0.4539
vn -0.4166 -0.8778 0.2363
vn -0.2349 -0.6815 0.6931
vn 0.6542 0.1585 -0.7395
vn 0.7048 0.6670 -0.2417
vn 0.5464 -0.0306 -0.8369
vn 0.4504 0.0317 -0.8923
vn 0.0051 0.3055 -0.9522
vn 0.0030 0.9866 -0.1633
vn -0.0000 0.2147 -0.9767
vn -0.0000 -0.0250 -0.9997
vn 0.7811 0.1574 -0.6042
vn 0.0230 0.8474 -0.5305
vn -0.0013 -0.3818 -0.9243
vn -0.0074 -0.9017 0.4323
vn -0.0000 -0.9003 0.4353
vn -0.1458 -0.9207 0.3619
vn -0.0000 -0.9468 0.3220
vn -0.0000 -0.9039 -0.4278
vn 0.6433 0.2024 -0.7384
vn 0.9056 0.1969 -0.3755
vn 0.5653 0.2388 -0.7896
vn 0.8553 0.0853 -0.5111
vn 0.9056 0.0096 -0.4240
vn 0.8284 -0.5529 -0.0894
vn 0.9112 -0.2953 0.2874
vn 0.3747 -0.7423 0.5555
vn -0.0342 -0.9957 -0.0866
vn 0.8893 0.4569 -0.0189
vn 0.9306 0.2174 -0.2946
vn 0.8954 0.0053 -0.4452
vn 0.9290 0.0317 -0.3686
vn 0.4929 0.3366 -0.8023
vn 0.0813 0.9815 -0.1733
vn 0.5358 0.0244 -0.8440
vn 0.9375 0.0819 -0.3382
vn 0.2963 0.8897 -0.3473
vn 0.5053 -0.2740 -0.8183
vn -0.2033 -0.9125 0.3549
vn 0.2330 -0.8970 -0.3756
vn 0.3611 0.0688 -0.9300
vn -0.3046 -0.5186 -0.7989
vn -0.6686 -0.7320 -0.1312
vn -0.7085 -0.2163 -0.6717
vn -0.4016 0.5387 -0.7406
vn -0.1033 0.2484 -0.9631
vn 0.0128 0.0184 -0.9997
vn -0.1539 0.0766 -0.9851
vn -0.4603 0.7748 -0.4333
vn 0.9523 0.1732 -0.2512
vn 0.9517 0.1338 0.2764
vn 0.9115 0.2184 -0.3485
vn 0.9597 0.1510 0.2370
vn 0.8921 -0.0562 0.4483
vn 0.6630 -0.6379 0.3918
vn 0.6176 -0.3138 0.7211
vn 0.0804 -0.7400 0.6678
vn -0.1974 -0.4106 0.8902
vn 0.5273 -0.1958 0.8268
vn -0.9361 -0.3350 0.1068
vn 0.8748 0.3706 0.3122
vn 0.9569 0.1247 0.2624
vn 0.7798 0.3525 -0.5173
vn 0.4551 0.8564 -0.2439
vn 0.8733 0.0731 -0.4816
vn 0.0429 0.7378 -0.6736
vn 0.6561 0.6275 -0.4193
vn 0.9349 -0.3376 0.1094
vn 0.6150 -0.6993 -0.3644
vn -0.3064 -0.4271 0.8507
vn -0.6571 -0.5962 0.4613
vn -0.3664 -0.9048 0.2171
vn 0.1930 -0.9745 -0.1143
vn -0.0357 -0.6334 -0.7730
vn -0.5376 -0.7365 -0.4106
vn 0.1293 0.3559 -0.9255
vn 0.1773 0.2097 -0.9616
vn 0.3484 -0.3206 -0.8808
vn 0.5957 -0.2059 0.7764
vn 0.3590 -0.0433 0.9323
vn 0.4467 -0.2329 0.8638
vn 0.8453 -0.0745 0.5290
vn -0.4824 -0.4343 0.7607
vn 0.7944 -0.0682 0.6035
vn 0.1860 -0.9398 0.2866
vn 0.8349 -0.0472 0.5484
vn 0.9431 0.0488 0.3291
vn 0.9078 0.0435 0.4171
vn 0.7669 -0.4598 0.4476
vn 0.7939 0.0196 0.6077
vn -0.8759 0.1604 0.4550
vn -0.9708 -0.1000 -0.2180
vn -0.9076 -0.2328 -0.3493
vn -0.8387 -0.4301 -0.3341
vn -0.3166 -0.6998 0.6403
vn 0.1224 -0.4090 -0.9043
vn -0.8122 -0.5822 -0.0372
vn -0.9292 -0.2117 -0.3029
vn 0.7947 0.1121 -0.5965
vn -0.4756 -0.1372 -0.8689
vn -0.0711 -0.8417 -0.5353
vn 0.8456 -0.5315 0.0493
vn -0.3854 -0.5226 0.7605
vn -0.9902 -0.1379 0.0198
vn -0.7403 -0.0998 0.6648
vn -0.1478 -0.1374 0.9794
vn 0.5924 0.0121 0.8056
vn 0.8317 0.1542 0.5333
vn 0.8541 0.2671 0.4464
vn 0.3986 0.8378 -0.3730
vn 0.8154 0.1526 -0.5584
vn -0.3703 -0.8224 -0.4319
vn 0.8714 -0.4494 -0.1966
vn 0.7225 0.5193 0.4564
vn 0.7115 0.0172 0.7025
vn -0.9087 -0.1769 0.3780
vn 0.5457 -0.4030 0.7348
vn -0.7342 -0.5132 0.4445
vn -0.0000 0.0831 -0.9965
vn 0.2553 0.0668 -0.9645
vn 0.3923 0.0094 -0.9198
vn 0.9759 0.1395 -0.1679
vn 0.7780 -0.5801 -0.2413
vn 0.6874 0.0828 -0.7216
vn 0.8818 0.0695 -0.4665
vn 0.4793 -0.0039 -0.8777
vn 0.9449 0.1029 -0.3106
vn 0.9243 0.0662 -0.3758
vn 0.9710 0.1378 -0.1955
vn -0.0000 0.1739 -0.9848
vn 0.2817 0.3254 -0.9027
vn 0.0045 0.4749 -0.8800
vn 0.3348 0.5204 -0.7855
vn 0.4627 0.1709 -0.8699
vn 0.6498 0.3159 -0.6913
vn 0.2356 0.7096 -0.6640
vn 0.8881 0.1019 -0.4482
vn 0.8094 0.4286 -0.4014
vn 0.8353 0.5308 -0.1429
vn 0.9613 0.2375 -0.1397
vn 0.9244 0.3230 0.2028
vn 0.9511 0.3058 0.0425
vn 0.8562 0.5009 0.1263
vn 0.8761 0.3873 0.2871
vn 0.8008 0.4230 0.4240
vn 0.6853 0.5426 -0.4858
vn 0.6468 0.6777 -0.3498
vn 0.6962 0.7146 0.0676
vn 0.6633 0.6651 0.3431
vn 0.6046 0.4972 0.6223
vn 0.7211 0.2711 0.6376
vn 0.3804 0.4528 0.8064
vn 0.0767 0.5489 0.8323
vn 0.2150 0.3003 0.9293
vn -0.0083 0.3367 0.9416
vn 0.0807 0.7127 0.6968
vn 0.4882 0.6831 -0.5432
vn 0.3252 0.8858 -0.3310
vn 0.5003 0.8116 -0.3017
vn 0.0080 0.8673 -0.4976
vn 0.2888 0.8106 -0.5095
vn -0.0071 0.9726 -0.2326
vn 0.2781 0.9521 -0.1270
vn 0.1898 0.9780 0.0870
vn 0.4628 0.8862 0.0207
vn 0.3197 0.9112 0.2597
vn 0.0103 0.9910 0.1338
vn 0.1723 0.8928 0.4162
vn 0.3752 0.7404 0.5578
vn 0.5105 0.8096 0.2896
vn 0.6603 0.4903 -0.5689
vn -0.0534 0.7163 -0.6958
vn -0.0815 0.8411 0.5348
vn 0.7752 0.5402 -0.3277
vn -0.0588 -0.1829 -0.9814
vn -0.4079 -0.1331 -0.9033
vn -0.0138 -0.7750 -0.6318
vn 0.0610 -0.0912 -0.9940
vn 0.2508 0.0325 0.9675
vn 0.1620 -0.1801 -0.9702
vn -0.0004 -0.6345 0.7729
vn -0.2440 0.0709 0.9672
vn -0.6849 -0.6906 -0.2322
vn -0.9251 -0.3289 -0.1896
vn -0.5690 0.1208 0.8134
vn 0.4945 -0.8180 0.2939
vn -0.2797 0.0340 0.9595
vn -0.3923 0.0094 -0.9198
vn -0.5650 -0.6985 -0.4391
vn -0.7846 -0.4098 -0.4652
vn -0.8908 -0.1006 -0.4431
vn -0.5590 -0.8211 0.1152
vn -0.0937 -0.3721 -0.9234
vn 0.4166 -0.8778 0.2363
vn 0.2474 -0.8560 0.4539
vn 0.2349 -0.6815 0.6931
vn -0.6605 0.1615 -0.7333
vn -0.7318 0.6406 -0.2326
vn -0.5464 -0.0306 -0.8369
vn -0.4504 0.0317 -0.8923
vn -0.7687 0.1717 -0.6161
vn 0.0074 -0.9017 0.4323
vn 0.1458 -0.9207 0.3619
vn -0.9056 0.1969 -0.3755
vn -0.6433 0.2024 -0.7384
vn -0.5653 0.2388 -0.7896
vn -0.9056 0.0096 -0.4240
vn -0.8553 0.0853 -0.5111
vn -0.8284 -0.5529 -0.0894
vn -0.3747 -0.7423 0.5555
vn -0.9112 -0.2953 0.2874
vn 0.0320 -0.9957 -0.0868
vn -0.8954 0.0053 -0.4452
vn -0.8893 0.4569 -0.0189
vn -0.9306 0.2174 -0.2946
vn -0.9290 0.0317 -0.3686
vn -0.4929 0.3366 -0.8023
vn -0.0813 0.9815 -0.1733
vn -0.5358 0.0244 -0.8440
vn -0.9375 0.0819 -0.3382
vn -0.2963 0.8897 -0.3473
vn -0.5053 -0.2740 -0.8183
vn 0.2033 -0.9125 0.3549
vn -0.2330 -0.8970 -0.3756
vn 0.3046 -0.5186 -0.7989
vn 0.7085 -0.2163 -0.6717
vn 0.6686 -0.7320 -0.1312
vn 0.4016 0.5387 -0.7406
vn 0.1033 0.2484 -0.9631
vn -0.0128 0.0184 -0.9997
vn -0.3611 0.0688 -0.9300
vn 0.1539 0.0766 -0.9851
vn 0.4603 0.7748 -0.4333
vn -0.9517 0.1338 0.2764
vn -0.9523 0.1732 -0.2512
vn -0.9115 0.2184 -0.3485
vn -0.8921 -0.0562 0.4483
vn -0.9597 0.1510 0.2370
vn -0.6635 -0.6387 0.3896
vn -0.0804 -0.7400 0.6678
vn -0.6157 -0.3141 0.7227
vn 0.1974 -0.4106 0.8902
vn -0.5273 -0.1958 0.8268
vn 0.9361 -0.3350 0.1068
vn -0.8757 0.3590 0.3230
vn -0.9574 0.1290 0.2584
vn -0.7857 0.3527 -0.5083
vn -0.4325 0.8564 -0.2820
vn -0.8733 0.0731 -0.4816
vn -0.9399 -0.3206 0.1175
vn -0.6114 0.7378 0.2859
vn -0.6829 0.6275 -0.3740
vn -0.6150 -0.6993 -0.3644
vn 0.3064 -0.4271 0.8507
vn 0.6571 -0.5962 0.4613
vn -0.1930 -0.9745 -0.1143
vn 0.0380 -0.6317 -0.7743
vn 0.5376 -0.7365 -0.4106
vn -0.1397 0.3691 -0.9188
vn -0.1718 0.1980 -0.9650
vn -0.3531 -0.3376 -0.8725
vn 0.3664 -0.9048 0.2171
vn -0.3590 -0.0433 0.9323
vn -0.5957 -0.2059 0.7764
vn -0.4467 -0.2329 0.8638
vn -0.8453 -0.0745 0.5290
vn 0.4824 -0.4343 0.7607
vn -0.7944 -0.0682 0.6035
vn -0.1860 -0.9398 0.2866
vn 0.3166 -0.6998 0.6403
vn -0.9431 0.0488 0.3291
vn -0.9078 0.0435 0.4171
vn -0.7669 -0.4598 0.4476
vn -0.7939 0.0196 0.6077
vn 0.8759 0.1604 0.4550
vn 0.9708 -0.1000 -0.2180
vn 0.7403 -0.0998 0.6648
vn 0.8387 -0.4301 -0.3341
vn 0.3703 -0.8224 -0.4319
vn 0.9076 -0.2328 -0.3493
vn -0.1224 -0.4090 -0.9043
vn 0.8122 -0.5822 -0.0372
vn 0.7983 -0.5445 0.2574
vn -0.7947 0.1121 -0.5965
vn 0.4756 -0.1372 -0.8689
vn -0.3985 0.8379 -0.3730
vn 0.0711 -0.8417 -0.5353
vn -0.8456 -0.5315 0.0493
vn 0.3854 -0.5226 0.7605
vn 0.9902 -0.1379 0.0198
vn 0.9676 -0.2434 -0.0669
vn 0.1478 -0.1374 0.9794
vn -0.5939 0.0089 0.8045
vn -0.8317 0.1542 0.5333
vn 0.9292 -0.2117 -0.3029
vn -0.8154 0.1526 -0.5584
vn -0.8349 -0.0472 0.5484
vn -0.8714 -0.4494 -0.1966
vn -0.7225 0.5193 0.4564
vn -0.7115 0.0172 0.7025
vn 0.9087 -0.1769 0.3780
vn -0.5457 -0.4030 0.7348
vn 0.7342 -0.5132 0.4445
vn -0.2553 0.0668 -0.9645
vn -0.9759 0.1395 -0.1679
vn -0.7780 -0.5801 -0.2413
vn -0.6874 0.0828 -0.7216
vn -0.8818 0.0695 -0.4665
vn -0.4793 -0.0039 -0.8777
vn -0.9449 0.1029 -0.3106
vn -0.9710 0.1378 -0.1955
vn -0.2817 0.3254 -0.9027
vn -0.4627 0.1709 -0.8699
vn -0.3375 0.5310 -0.7773
vn -0.6603 0.4903 -0.5689
vn -0.4884 0.6782 -0.5491
vn -0.6498 0.3159 -0.6913
vn -0.8881 0.1019 -0.4482
vn -0.8094 0.4286 -0.4014
vn -0.6847 0.5429 -0.4863
vn -0.9243 0.0662 -0.3758
vn -0.9613 0.2375 -0.1397
vn -0.8562 0.5009 0.1263
vn -0.8353 0.5308 -0.1429
vn -0.8761 0.3873 0.2871
vn -0.9244 0.3230 0.2028
vn -0.9511 0.3058 0.0425
vn -0.8008 0.4230 0.4240
vn -0.8541 0.2671 0.4464
vn -0.6962 0.7146 0.0676
vn -0.6496 0.6787 -0.3426
vn -0.6652 0.6636 0.3423
vn -0.6036 0.5005 0.6207
vn -0.3941 0.4303 0.8121
vn -0.2083 0.3010 0.9306
vn -0.1397 0.5528 0.8215
vn -0.7211 0.2711 0.6376
vn -0.2666 0.6967 0.6660
vn -0.4556 0.8294 -0.3232
vn -0.2909 0.8078 -0.5127
vn -0.2746 0.9521 -0.1343
vn -0.4633 0.8859 0.0211
vn -0.1939 0.9779 0.0780
vn -0.3187 0.9110 0.2619
vn -0.0911 0.9371 0.3370
vn -0.3963 0.7884 0.4706
vn -0.5152 0.8098 0.2807
vn -0.7752 0.5402 -0.3277
vn 0.3902 -0.1751 -0.9039
vn -0.3040 -0.9198 -0.2482
vn -0.1620 -0.1801 -0.9702
vn 0.4498 0.4461 -0.7737
vn 0.8354 0.3635 -0.4122
vn 0.8481 0.3981 -0.3496
vn 0.9542 0.2776 0.1116
vn 0.7447 0.2431 0.6216
vn 0.9193 0.3340 0.2080
vn 0.8175 0.1464 0.5569
vn 0.3886 0.1107 0.9147
vn -0.0034 0.3919 -0.9200
vn 0.1536 0.3820 -0.9113
vn 0.0738 0.4262 -0.9016
vn 0.8850 0.1888 -0.4256
vn 0.9881 0.1520 0.0226
vn 0.8208 -0.0328 -0.5702
vn 0.9574 0.2397 0.1611
vn 0.0072 -0.1829 -0.9831
vn -0.0854 -0.4471 -0.8904
vn -0.0000 -0.5141 -0.8577
vn 0.0026 0.1365 -0.9906
vn 0.0180 0.1592 -0.9871
vn 0.7685 0.1935 0.6099
vn 0.4558 -0.0687 -0.8874
vn 0.4590 0.2014 -0.8653
vn -0.0000 -0.8466 0.5322
vn 0.3380 -0.8904 0.3047
vn -0.2568 -0.7884 0.5590
vn -0.0000 -0.9992 -0.0410
vn -0.0000 -0.9849 0.1734
vn 0.1288 -0.5860 -0.8000
vn -0.0142 -0.9498 -0.3125
vn -0.1345 -0.7921 -0.5954
vn -0.4940 -0.2000 0.8462
vn -0.1424 -0.3781 0.9147
vn 0.2538 0.0158 0.9671
vn 0.8445 -0.0527 0.5330
vn 0.8225 0.0007 0.5687
vn 0.9956 -0.0022 -0.0941
vn 0.9767 -0.0785 -0.1999
vn -0.9456 0.0001 0.3255
vn -0.5131 -0.0567 0.8565
vn -0.5162 -0.0325 0.8559
vn -0.0347 0.0627 -0.9974
vn 0.5380 -0.0884 -0.8383
vn -0.2578 -0.0171 -0.9660
vn 0.2445 -0.0383 0.9689
vn 0.6742 -0.0100 -0.7384
vn -0.8455 -0.0231 -0.5335
vn -0.9697 -0.0427 0.2404
vn -0.5031 0.0921 -0.8593
vn -0.8353 -0.0480 -0.5477
vn -0.0221 -0.9579 -0.2862
vn -0.0000 -0.8840 -0.4675
vn 0.2402 -0.0462 0.9696
vn -0.1106 -0.1462 0.9831
vn 0.2886 -0.3422 -0.8942
vn 0.6899 -0.1697 -0.7037
vn 0.8122 0.1702 0.5580
vn 0.9932 0.0773 -0.0873
vn 0.1268 -0.1202 -0.9846
vn 0.0333 -0.8195 -0.5721
vn 0.5619 -0.5338 -0.6319
vn 0.4573 0.0017 0.8893
vn 0.7988 -0.0325 0.6008
vn 0.3434 -0.5990 0.7233
vn 0.9941 0.0788 0.0746
vn 0.9857 -0.1659 0.0302
vn 0.8269 -0.3979 0.3974
vn 0.8483 0.0760 -0.5240
vn 0.8749 -0.2467 -0.4168
vn 0.7677 -0.6258 0.1381
vn -0.0000 0.0719 0.9974
vn -0.0018 -0.4753 0.8798
vn 0.4675 0.3977 -0.7894
vn 0.5154 -0.1536 -0.8431
vn 0.0145 0.3748 -0.9270
vn 0.1161 0.0571 -0.9916
vn -0.0038 0.0608 -0.9981
vn -0.0035 -0.1823 -0.9832
vn 0.1785 0.2593 -0.9492
vn -0.0005 0.2981 -0.9545
vn 0.5015 0.4104 -0.7616
vn 0.1465 0.5976 -0.7883
vn 0.1376 0.1139 -0.9839
vn 0.2095 0.7238 -0.6575
vn 0.7303 0.6828 -0.0226
vn 0.5081 0.4091 0.7579
vn -0.0000 0.2435 -0.9699
vn -0.0000 0.2348 0.9721
vn 0.3260 0.9345 -0.1430
vn 0.2211 0.4809 -0.8485
vn 0.0652 -0.9727 0.2225
vn 0.3004 0.5466 0.7817
vn 0.4573 0.7544 0.4709
vn 0.2498 0.7899 0.5600
vn 0.6807 -0.3792 0.6268
vn -0.0453 -0.4538 0.8899
vn -0.1357 -0.2381 -0.9617
vn 0.5475 0.7820 -0.2980
vn 0.1856 0.6432 0.7429
vn -0.0011 0.6161 0.7877
vn 0.1974 -0.1603 -0.9671
vn 0.3139 -0.2063 -0.9268
vn 0.2306 -0.0952 -0.9684
vn 0.4570 0.0540 -0.8878
vn 0.0154 -0.1875 -0.9821
vn 0.0617 -0.0393 -0.9973
vn -0.0141 -0.1326 -0.9911
vn -0.1344 -0.2556 -0.9574
vn 0.5057 0.5162 -0.6912
vn -0.2543 -0.0995 -0.9620
vn -0.3611 -0.4901 0.7934
vn -0.6277 -0.7782 -0.0200
vn -0.6663 -0.5872 0.4597
vn 0.1575 0.2048 0.9660
vn -0.2582 0.1826 0.9487
vn -0.5104 -0.7259 -0.4610
vn -0.5735 -0.7360 -0.3597
vn -0.5807 -0.7966 0.1682
vn 0.5452 0.6557 0.5222
vn 0.6498 0.7496 -0.1260
vn 0.6605 0.7059 -0.2559
vn 0.3469 0.3404 -0.8740
vn -0.1999 -0.3272 -0.9236
vn -0.4953 -0.8395 0.2236
vn -0.3895 -0.4557 0.8004
vn 0.2325 0.3312 0.9145
vn 0.3477 0.3082 0.8855
vn 0.2304 0.2961 0.9270
vn 0.5792 0.7185 0.3851
vn -0.4264 -0.7565 -0.4958
vn 0.3075 0.3685 -0.8773
vn 0.6533 0.6991 -0.2908
vn 0.6067 0.6710 0.4261
vn 0.6472 0.6920 -0.3198
vn 0.3534 0.3088 -0.8830
vn 0.3507 0.3495 -0.8688
vn -0.5748 -0.6890 -0.4416
vn -0.3660 -0.4064 0.8372
vn 0.2229 0.2447 0.9436
vn -0.1876 -0.2882 -0.9390
vn 0.3599 0.1884 0.9138
vn 0.9224 0.0502 0.3829
vn 0.8911 0.1187 0.4380
vn -0.8512 0.3228 -0.4138
vn -0.3622 0.0216 -0.9318
vn -0.9082 0.0627 -0.4138
vn -0.2534 -0.1254 -0.9592
vn 0.5248 -0.1112 -0.8439
vn -0.2338 -0.0551 -0.9707
vn -0.5668 0.0377 0.8230
vn 0.2832 -0.0077 0.9590
vn 0.8883 -0.0958 0.4492
vn 0.8471 -0.1458 0.5111
vn 0.9582 -0.1502 -0.2436
vn 0.9581 -0.1727 -0.2285
vn -0.8645 -0.0368 -0.5013
vn -0.9783 -0.0359 0.2038
vn 0.5194 -0.1725 -0.8369
vn 0.5310 0.1321 -0.8370
vn -0.2516 0.1568 -0.9551
vn -0.5755 -0.1013 0.8115
vn -0.5442 -0.2182 0.8101
vn 0.9719 0.0563 -0.2284
vn 0.2903 -0.2567 0.9219
vn 0.3726 -0.1106 0.9214
vn 0.4847 0.0934 -0.8697
vn -0.2689 0.0708 -0.9605
vn -0.8668 0.0832 -0.4916
vn -0.8454 0.0089 -0.5340
vn -0.9740 -0.0424 0.2226
vn -0.4769 -0.0799 0.8753
vn 0.8816 -0.0765 0.4657
vn 0.9527 0.0014 -0.3038
vn 0.2704 -0.1013 0.9574
vn 0.0013 -1.0000 -0.0003
vn 0.0013 -1.0000 -0.0008
vn 0.0017 -1.0000 -0.0004
vn 0.0008 -1.0000 0.0001
vn 0.0008 -1.0000 -0.0003
vn 0.0010 -1.0000 -0.0000
vn -0.5674 0.1736 -0.8049
vn -0.9866 0.0470 -0.1563
vn -0.4629 -0.0434 -0.8853
vn 0.4468 0.5542 0.7022
vn 0.7403 0.6302 0.2341
vn 0.1521 0.8184 0.5542
vn -0.9334 0.3338 0.1316
vn -0.4220 0.5555 0.7165
vn -0.6837 0.6901 0.2373
vn -0.9786 0.1791 0.1009
vn 0.9700 0.1768 0.1669
vn 0.5604 0.2406 0.7925
vn -0.6298 0.0857 -0.7720
vn -0.5314 0.2494 0.8096
vn 0.9823 0.1777 -0.0597
vn 0.9304 0.2929 0.2206
vn -0.9935 0.0909 -0.0687
vn -0.9873 0.1578 -0.0205
vn 0.5924 0.1253 -0.7958
vn 0.9778 0.0732 -0.1964
vn 0.9804 0.0933 -0.1735
vn 0.5216 0.1918 -0.8313
vn -0.0648 0.8391 0.5401
vn 0.2074 0.8501 0.4841
vn -0.2423 0.8623 0.4446
vn -0.1165 0.9213 0.3709
vn -0.8110 0.4742 0.3426
vn 0.1655 0.9059 0.3897
vn 0.3707 0.3369 0.8655
vn 0.7679 0.5527 0.3236
vn 0.9470 0.0396 0.3189
vn -0.3874 -0.1224 0.9137
vn -0.9327 -0.0322 0.3591
vn 0.3850 0.0044 -0.9229
vn -0.9149 -0.1799 -0.3615
vn 0.9440 -0.0588 -0.3247
vn -0.0000 -0.0365 0.9993
vn -0.3581 -0.9090 -0.2134
vn -0.2745 -0.8900 0.3642
vn 0.5605 -0.5821 -0.5891
vn 0.8724 0.4845 0.0644
vn 0.5229 0.6997 -0.4869
vn -0.2239 -0.9745 -0.0130
vn -0.5511 -0.7368 -0.3917
vn 0.7777 0.4897 -0.3942
vn 0.6298 0.6319 0.4517
vn 0.6139 0.6741 0.4107
vn 0.9412 0.3369 -0.0241
vn -0.5788 -0.7021 -0.4148
vn 0.9277 0.3084 -0.2102
vn 0.6867 0.7115 -0.1490
vn -0.0876 -0.0491 -0.9950
vn -0.1150 -0.0536 -0.9919
vn 0.5273 0.6770 0.5134
vn 0.3859 0.7847 0.4851
vn 0.1408 -0.8794 0.4547
vn 0.2947 0.1138 0.9488
vn 0.9206 -0.0225 0.3899
vn -0.5740 -0.8181 -0.0355
vn -0.7375 -0.6567 -0.1576
vn 0.3572 0.5876 -0.7261
vn -0.6491 -0.6136 -0.4496
vn -0.2314 -0.9640 0.1308
vn -0.4689 -0.6203 0.6288
vn -0.3532 -0.9288 -0.1119
vn 0.3130 -0.8420 -0.4394
vn 0.5210 0.5883 -0.6185
vn 0.5192 0.5237 -0.6754
vn 0.0803 0.0987 0.9919
vn -0.3328 0.3717 0.8666
vn 0.2767 0.4186 0.8650
vn -0.8366 -0.1475 0.5276
vn -0.0765 0.5333 0.8425
vn -0.6496 -0.6607 -0.3761
vn 0.6253 0.6608 0.4152
vn 0.7422 0.2535 -0.6204
vn 0.5372 0.5707 -0.6210
vn 0.1037 -0.3003 -0.9482
vn 0.2789 -0.1370 0.9505
vn 0.8338 0.3169 0.4521
vn -0.2157 -0.9094 -0.3556
vn -0.4506 -0.6290 0.6335
vn -0.5432 -0.7246 -0.4241
vn 0.8001 -0.5985 -0.0404
vn -0.1172 -0.8214 0.5582
vn 0.1911 -0.3013 -0.9342
vn 0.3336 -0.1423 0.9319
vn -0.4490 -0.8412 -0.3013
vn -0.3868 -0.7583 0.5247
vn 0.7468 0.6003 0.2863
vn 0.6991 0.5078 -0.5034
vn 0.9029 -0.1251 0.4112
vn 0.8342 -0.2797 -0.4753
vn 0.5712 0.5510 -0.6084
vn 0.2272 -0.0700 0.9713
vn 0.6199 0.6738 0.4021
vn -0.1274 -0.9431 -0.3071
vn -0.1700 -0.8161 0.5524
vn -0.5301 -0.7435 -0.4078
vn 0.1416 -0.2628 -0.9544
vn 0.2985 -0.3755 -0.8774
vn -0.1696 -0.8972 -0.4078
vn 0.9101 -0.2436 0.3352
vn 0.8175 -0.1276 -0.5615
vn 0.6556 0.6480 0.3877
vn 0.0443 -0.2506 -0.9671
vn 0.5334 0.5855 -0.6104
vn -0.5619 -0.7232 -0.4015
vn -0.1076 -0.8565 0.5048
vn -0.4385 -0.6416 0.6293
vn -0.1713 -0.9171 -0.3601
vn 0.3239 -0.0727 0.9433
vn 0.5052 -0.3200 0.8015
vn -0.2480 -0.8919 0.3782
vn 0.8508 0.4948 0.1770
vn 0.9157 -0.2598 0.3066
vn 0.8067 -0.1381 -0.5747
vn 0.6611 0.6420 0.3883
vn 0.0335 -0.2460 -0.9687
vn 0.4833 0.5868 -0.6497
vn -0.2389 -0.8985 -0.3683
vn -0.0657 -0.8665 0.4948
vn -0.4491 -0.6675 0.5939
vn 0.3432 -0.0928 0.9347
vn -0.1177 0.3555 0.9272
vn 0.1541 0.2970 0.9424
vn 0.9709 -0.0668 0.2301
vn 0.8823 0.3591 0.3044
vn -0.8662 -0.4507 -0.2160
vn -0.5809 -0.4435 0.6826
vn -0.6792 -0.0259 0.7335
vn 0.7547 -0.1369 -0.6417
vn -0.1786 -0.3316 -0.9264
vn 0.6921 -0.0894 -0.7163
vn 0.2400 -0.2566 0.9362
vn -0.0573 -0.5001 -0.8641
vn 0.3714 -0.9210 0.1174
vn -0.6658 -0.7105 -0.2277
vn -0.9478 -0.2615 0.1825
vn -0.8746 0.2803 -0.3955
vn -0.9513 0.0425 -0.3052
vn -0.9885 0.1059 0.1079
vn 0.9679 0.2267 -0.1088
vn 0.9645 0.1507 0.2169
vn 0.9930 0.0454 -0.1091
vn 0.7900 0.2363 0.5657
vn 0.5605 0.1461 0.8152
vn 0.8156 0.0374 0.5774
vn -0.9369 0.2071 0.2818
vn -0.9451 0.0208 0.3260
vn -0.8284 0.1295 0.5449
vn -0.4505 0.5596 -0.6956
vn -0.2738 0.2420 -0.9308
vn -0.6746 0.2141 -0.7065
vn -0.0551 0.2993 -0.9526
vn 0.2955 0.1449 -0.9443
vn 0.0596 0.0403 -0.9974
vn 0.6221 0.2742 -0.7334
vn 0.8917 0.1632 -0.4221
vn 0.6707 0.0498 -0.7401
vn 0.2053 0.2490 0.9465
vn -0.2005 0.1556 0.9673
vn 0.2251 0.0804 0.9710
vn -0.2666 0.0022 -0.9638
vn -0.5605 0.0415 0.8271
vn -0.5406 0.2428 0.8055
vn -0.8524 0.0023 0.5228
vn 0.5639 0.0023 0.8259
vn -0.2148 0.0025 0.9766
vn 0.2433 0.0023 -0.9699
vn 0.9771 0.0023 0.2129
vn -0.4804 -0.0514 -0.8756
vn 0.9046 0.0023 -0.4263
vn -0.7093 0.0177 -0.7047
vn -0.9971 0.0022 0.0756
vn 0.4024 -0.1072 -0.9092
vn -0.3562 -0.1132 -0.9275
vn -0.9028 -0.1026 -0.4176
vn -0.9395 -0.0683 0.3357
vn -0.4219 0.0350 0.9060
vn 0.9298 -0.0708 -0.3611
vn 0.4254 -0.0003 -0.9050
vn 0.3590 0.1189 0.9257
vn -0.3603 -0.4595 0.8118
vn -0.9257 0.0736 0.3710
vn -0.8948 0.3539 0.2722
vn 0.3733 0.2729 -0.8867
vn -0.3290 0.2911 -0.8983
vn 0.3382 0.0132 0.9410
vn 0.0882 -0.1154 0.9894
vn -0.0000 -0.4167 0.9090
vn 0.1647 0.5532 0.8166
vn 0.1775 -0.6686 0.7222
vn -0.1813 -0.6827 0.7079
vn 0.4101 0.5638 0.7169
vn 0.7035 0.1751 0.6887
vn 0.2208 0.2593 0.9402
vn 0.5506 -0.6663 0.5028
vn 0.2209 -0.2324 0.9472
vn 0.7127 -0.2047 0.6709
vn 0.9212 -0.2703 0.2800
vn 0.5865 0.3998 0.7044
vn 0.9243 -0.0436 0.3792
vn 0.6889 0.1918 0.6991
vn 0.8746 -0.2803 0.3955
vn 0.9885 -0.1059 -0.1079
vn 0.9513 -0.0425 0.3052
vn -0.9679 -0.2267 0.1088
vn -0.9930 -0.0454 0.1091
vn -0.9645 -0.1507 -0.2169
vn -0.7900 -0.2363 -0.5657
vn -0.8156 -0.0374 -0.5774
vn -0.5605 -0.1461 -0.8152
vn 0.9369 -0.2071 -0.2818
vn 0.8284 -0.1295 -0.5449
vn 0.9451 -0.0208 -0.3260
vn 0.4505 -0.5596 0.6956
vn 0.6746 -0.2141 0.7065
vn 0.2738 -0.2420 0.9308
vn 0.0551 -0.2993 0.9526
vn -0.0596 -0.0403 0.9974
vn -0.2955 -0.1449 0.9443
vn -0.6221 -0.2742 0.7334
vn -0.6707 -0.0498 0.7401
vn -0.8917 -0.1632 0.4221
vn -0.2053 -0.2490 -0.9465
vn -0.2251 -0.0804 -0.9710
vn 0.2005 -0.1556 -0.9673
vn 0.5406 -0.2428 -0.8055
vn 0.5605 -0.0415 -0.8271
vn 0.4804 0.0514 0.8756
vn -0.4556 0.4490 -0.7687
vn -0.8354 0.3635 -0.4122
vn -0.4716 0.3984 -0.7867
vn -0.7447 0.2431 0.6216
vn -0.9542 0.2776 0.1116
vn -0.9193 0.3340 0.2080
vn -0.3886 0.1107 0.9147
vn -0.8175 0.1464 0.5569
vn -0.8481 0.3981 -0.3496
vn -0.9881 0.1520 0.0226
vn -0.8850 0.1888 -0.4256
vn -0.8208 -0.0328 -0.5702
vn -0.9574 0.2397 0.1611
vn 0.0854 -0.4471 -0.8904
vn -0.7685 0.1935 0.6099
vn -0.4558 -0.0687 -0.8874
vn -0.4678 0.1960 -0.8618
vn -0.3380 -0.8904 0.3047
vn 0.2568 -0.7884 0.5590
vn 0.0221 -0.9579 -0.2862
vn -0.1288 -0.5860 -0.8000
vn 0.1345 -0.7921 -0.5954
vn 0.0142 -0.9498 -0.3125
vn 0.4940 -0.2000 0.8462
vn -0.8445 -0.0527 0.5330
vn -0.2538 0.0158 0.9671
vn -0.8225 0.0007 0.5687
vn -0.9956 -0.0022 -0.0941
vn 0.5132 -0.0566 0.8564
vn 0.9456 0.0001 0.3255
vn 0.5162 -0.0325 0.8559
vn 0.0347 0.0627 -0.9974
vn -0.5380 -0.0884 -0.8383
vn -0.6742 -0.0100 -0.7384
vn -0.2443 -0.0357 0.9690
vn -0.9767 -0.0785 -0.1999
vn 0.9697 -0.0427 0.2404
vn 0.8455 -0.0231 -0.5335
vn 0.2578 -0.0171 -0.9660
vn 0.5031 0.0921 -0.8593
vn -0.0842 0.4327 -0.8976
vn -0.2402 -0.0462 0.9696
vn 0.1106 -0.1462 0.9831
vn -0.3382 0.0132 0.9410
vn 0.1424 -0.3781 0.9147
vn -0.6899 -0.1697 -0.7037
vn -0.2886 -0.3422 -0.8942
vn -0.8122 0.1702 0.5580
vn -0.9932 0.0773 -0.0873
vn -0.1689 0.2657 -0.9492
vn -0.1656 -0.0640 -0.9841
vn -0.0333 -0.8195 -0.5721
vn -0.1268 -0.1202 -0.9846
vn -0.5619 -0.5338 -0.6319
vn -0.4573 0.0017 0.8893
vn -0.7988 -0.0325 0.6008
vn -0.3424 -0.5971 0.7254
vn -0.9941 0.0788 0.0746
vn -0.8269 -0.3979 0.3974
vn -0.9857 -0.1659 0.0302
vn -0.8483 0.0760 -0.5240
vn -0.7677 -0.6258 0.1381
vn -0.8749 -0.2467 -0.4168
vn -0.5089 -0.1537 -0.8470
vn -0.1742 -0.1605 -0.9715
vn -0.1131 0.0560 -0.9920
vn -0.1465 0.5976 -0.7883
vn -0.1427 0.1144 -0.9831
vn -0.7303 0.6828 -0.0226
vn -0.5081 0.4091 0.7579
vn -0.5015 0.4104 -0.7616
vn -0.3260 0.9345 -0.1430
vn -0.4573 0.7544 0.4709
vn -0.2498 0.7899 0.5600
vn -0.2211 0.4809 -0.8485
vn -0.0652 -0.9727 0.2225
vn -0.3004 0.5466 0.7817
vn -0.6807 -0.3792 0.6268
vn -0.5475 0.7820 -0.2980
vn -0.2095 0.7238 -0.6575
vn -0.1854 0.6426 0.7434
vn -0.4570 0.0540 -0.8878
vn -0.3006 -0.2042 -0.9316
vn -0.0700 0.1903 -0.9792
vn 0.0081 -0.1315 -0.9913
vn -0.1401 0.3912 -0.9096
vn 0.3611 -0.4901 0.7934
vn 0.6277 -0.7782 -0.0200
vn 0.5807 -0.7966 0.1682
vn -0.1575 0.2048 0.9660
vn 0.6663 -0.5872 0.4597
vn 0.5104 -0.7259 -0.4610
vn 0.2543 -0.0995 -0.9620
vn 0.1344 -0.2556 -0.9574
vn -0.6498 0.7496 -0.1260
vn -0.5452 0.6557 0.5222
vn -0.6605 0.7059 -0.2559
vn 0.1357 -0.2381 -0.9617
vn -0.3075 0.3685 -0.8773
vn -0.3469 0.3404 -0.8740
vn 0.3895 -0.4557 0.8004
vn 0.4953 -0.8395 0.2236
vn 0.0453 -0.4538 0.8899
vn -0.2325 0.3312 0.9145
vn -0.3477 0.3082 0.8855
vn -0.2304 0.2961 0.9270
vn 0.4264 -0.7565 -0.4958
vn 0.1999 -0.3272 -0.9236
vn -0.6533 0.6991 -0.2908
vn -0.5792 0.7185 0.3851
vn -0.6067 0.6710 0.4261
vn -0.6472 0.6920 -0.3198
vn 0.5748 -0.6890 -0.4416
vn -0.3534 0.3088 -0.8830
vn -0.5057 0.5162 -0.6912
vn -0.3507 0.3495 -0.8688
vn 0.1876 -0.2882 -0.9390
vn 0.3660 -0.4064 0.8372
vn -0.2229 0.2447 0.9436
vn -0.9224 0.0502 0.3829
vn -0.3599 0.1884 0.9138
vn -0.8911 0.1187 0.4380
vn 0.4219 0.0350 0.9060
vn 0.9257 0.0736 0.3710
vn 0.8948 0.3539 0.2722
vn 0.8512 0.3228 -0.4138
vn 0.3622 0.0216 -0.9318
vn 0.3290 0.2911 -0.8983
vn 0.2534 -0.1254 -0.9592
vn -0.5248 -0.1112 -0.8439
vn -0.5194 -0.1725 -0.8369
vn 0.8645 -0.0368 -0.5013
vn 0.2338 -0.0551 -0.9707
vn 0.5652 0.0388 0.8240
vn -0.8862 -0.0922 0.4541
vn -0.2591 -0.1172 0.9587
vn -0.8582 -0.1444 0.4925
vn -0.9582 -0.1502 -0.2436
vn -0.9581 -0.1727 -0.2285
vn -0.2648 -0.0068 0.9643
vn -0.5310 0.1321 -0.8370
vn 0.5755 -0.1013 0.8115
vn 0.5442 -0.2182 0.8101
vn 0.9783 -0.0359 0.2038
vn -0.9719 0.0563 -0.2284
vn -0.2903 -0.2567 0.9219
vn -0.3764 -0.1026 0.9208
vn 0.2516 0.1568 -0.9551
vn -0.4847 0.0934 -0.8697
vn 0.8668 0.0832 -0.4916
vn 0.2689 0.0708 -0.9605
vn 0.9740 -0.0424 0.2226
vn -0.8816 -0.0765 0.4657
vn -0.9527 0.0014 -0.3038
vn 0.8454 0.0089 -0.5340
vn -0.2704 -0.1013 0.9574
vn 0.8353 -0.0480 -0.5477
vn -0.0013 -1.0000 -0.0003
vn -0.5016 -0.5433 -0.6732
vn 0.5261 -0.5528 -0.6462
vn -0.0008 -1.0000 -0.0003
vn -0.0008 -1.0000 0.0001
vn -0.0010 -1.0000 -0.0000
vn -0.4468 0.5542 0.7022
vn -0.1521 0.8184 0.5542
vn -0.7403 0.6302 0.2341
vn 0.9334 0.3338 0.1316
vn 0.6837 0.6901 0.2373
vn 0.4220 0.5555 0.7165
vn -0.5216 0.1918 -0.8313
vn 0.4629 -0.0434 -0.8853
vn 0.5674 0.1736 -0.8049
vn 0.9786 0.1791 0.1009
vn 0.5314 0.2494 0.8096
vn -0.9700 0.1768 0.1669
vn -0.5604 0.2406 0.7925
vn 0.9866 0.0470 -0.1563
vn 0.9935 0.0909 -0.0687
vn -0.9823 0.1777 -0.0597
vn -0.9804 0.0933 -0.1735
vn -0.9778 0.0732 -0.1964
vn 0.9873 0.1578 -0.0205
vn 0.0648 0.8391 0.5401
vn -0.2074 0.8501 0.4841
vn 0.8110 0.4742 0.3426
vn 0.1165 0.9213 0.3709
vn -0.9304 0.2929 0.2206
vn 0.2423 0.8623 0.4446
vn -0.1655 0.9059 0.3897
vn -0.3707 0.3369 0.8655
vn -0.7679 0.5527 0.3236
vn 0.3874 -0.1224 0.9137
vn -0.9470 0.0396 0.3189
vn -0.3850 0.0044 -0.9229
vn 0.9327 -0.0322 0.3591
vn -0.9440 -0.0588 -0.3247
vn 0.2744 -0.8900 0.3642
vn 0.3581 -0.9090 -0.2134
vn -0.5605 -0.5821 -0.5891
vn -0.8722 0.4848 0.0652
vn -0.4254 0.7568 -0.4962
vn 0.5511 -0.7368 -0.3917
vn 0.2249 -0.9743 -0.0131
vn -0.6279 0.6320 0.4542
vn -0.7777 0.4897 -0.3942
vn -0.6139 0.6741 0.4107
vn -0.9439 0.3299 -0.0156
vn 0.5788 -0.7021 -0.4148
vn -0.9581 0.2164 -0.1875
vn 0.0876 -0.0491 -0.9950
vn -0.8112 0.4410 -0.3840
vn -0.6849 0.7130 -0.1502
vn -0.5273 0.6770 0.5134
vn -0.3572 0.5876 -0.7261
vn 0.1150 -0.0536 -0.9919
vn -0.1408 -0.8794 0.4547
vn -0.9206 -0.0225 0.3899
vn -0.2947 0.1138 0.9488
vn 0.5740 -0.8181 -0.0355
vn 0.7375 -0.6567 -0.1576
vn 0.6496 -0.6607 -0.3761
vn 0.6491 -0.6136 -0.4496
vn -0.5192 0.5237 -0.6754
vn 0.2314 -0.9640 0.1308
vn 0.4689 -0.6203 0.6288
vn -0.0803 0.0987 0.9919
vn 0.3532 -0.9288 -0.1119
vn -0.3130 -0.8420 -0.4394
vn -0.5210 0.5883 -0.6185
vn 0.3328 0.3717 0.8666
vn 0.0765 0.5333 0.8425
vn 0.5735 -0.7360 -0.3597
vn 0.8366 -0.1475 0.5276
vn 0.2582 0.1826 0.9487
vn -0.3859 0.7847 0.4851
vn -0.6266 0.6639 0.4082
vn -0.7147 0.3396 -0.6114
vn -0.8449 0.3065 0.4385
vn 0.4506 -0.6290 0.6335
vn -0.2789 -0.1371 0.9505
vn 0.1172 -0.8214 0.5582
vn 0.2157 -0.9094 -0.3556
vn 0.5432 -0.7246 -0.4241
vn -0.8155 -0.5751 -0.0642
vn -0.1207 -0.2941 -0.9481
vn -0.3344 -0.1409 0.9318
vn -0.1747 -0.3359 -0.9256
vn -0.5389 0.5601 -0.6292
vn 0.4490 -0.8412 -0.3013
vn 0.3868 -0.7583 0.5247
vn -0.7441 0.6011 0.2917
vn -0.5712 0.5510 -0.6084
vn -0.1416 -0.2628 -0.9544
vn -0.8342 -0.2797 -0.4753
vn -0.6199 0.6738 0.4021
vn -0.9029 -0.1251 0.4112
vn 0.1700 -0.8161 0.5524
vn 0.1274 -0.9431 -0.3072
vn 0.5301 -0.7435 -0.4078
vn -0.2272 -0.0700 0.9713
vn -0.2985 -0.3755 -0.8774
vn 0.1696 -0.8972 -0.4079
vn -0.8176 -0.1276 -0.5615
vn -0.9101 -0.2436 0.3352
vn -0.6556 0.6480 0.3877
vn 0.4385 -0.6416 0.6293
vn -0.3239 -0.0727 0.9433
vn 0.1076 -0.8565 0.5048
vn -0.0443 -0.2506 -0.9671
vn -0.5334 0.5855 -0.6104
vn 0.5619 -0.7232 -0.4015
vn 0.1713 -0.9171 -0.3601
vn -0.4947 -0.2936 0.8180
vn 0.2480 -0.8919 0.3782
vn -0.8424 0.5061 0.1849
vn -0.8067 -0.1381 -0.5747
vn -0.9157 -0.2598 0.3066
vn -0.6611 0.6420 0.3883
vn 0.4491 -0.6676 0.5939
vn -0.3432 -0.0928 0.9347
vn 0.0657 -0.8665 0.4948
vn -0.0335 -0.2460 -0.9687
vn -0.4833 0.5868 -0.6497
vn 0.2389 -0.8985 -0.3683
vn 0.1177 0.3556 0.9272
vn -0.1541 0.2970 0.9424
vn -0.9709 -0.0668 0.2301
vn -0.2400 -0.2566 0.9362
vn 0.8662 -0.4507 -0.2160
vn 0.5809 -0.4435 0.6826
vn 0.6658 -0.7105 -0.2277
vn 0.1786 -0.3316 -0.9264
vn -0.7547 -0.1369 -0.6417
vn -0.6921 -0.0894 -0.7163
vn -0.8823 0.3591 0.3044
vn 0.6792 -0.0259 0.7335
vn 0.0573 -0.5001 -0.8641
vn -0.3714 -0.9210 0.1174
vn 0.9478 -0.2615 0.1825
vn -0.2767 0.4186 0.8650
vn 0.8746 0.2803 -0.3955
vn 0.9885 0.1059 0.1079
vn 0.9513 0.0425 -0.3052
vn -0.9679 0.2267 -0.1088
vn -0.9930 0.0454 -0.1091
vn -0.9645 0.1507 0.2169
vn -0.7900 0.2363 0.5657
vn -0.8156 0.0374 0.5774
vn -0.5605 0.1461 0.8152
vn 0.9369 0.2071 0.2818
vn 0.8284 0.1295 0.5449
vn 0.9451 0.0208 0.3260
vn 0.4505 0.5596 -0.6956
vn 0.6746 0.2141 -0.7065
vn 0.2738 0.2420 -0.9308
vn 0.0551 0.2993 -0.9526
vn -0.0596 0.0403 -0.9974
vn -0.2955 0.1449 -0.9443
vn -0.6221 0.2742 -0.7334
vn -0.6707 0.0498 -0.7401
vn -0.8917 0.1632 -0.4221
vn -0.2053 0.2490 0.9465
vn -0.2251 0.0804 0.9710
vn 0.2005 0.1556 0.9673
vn 0.5406 0.2428 0.8055
vn 0.5605 0.0415 0.8271
vn 0.4804 -0.0514 -0.8756
vn -0.4024 -0.1072 -0.9092
vn 0.3562 -0.1132 -0.9275
vn 0.4769 -0.0799 0.8753
vn 0.9395 -0.0683 0.3357
vn -0.9298 -0.0708 -0.3611
vn 0.9028 -0.1026 -0.4176
vn -0.4254 -0.0003 -0.9050
vn -0.3590 0.1189 0.9257
vn 0.3603 -0.4595 0.8118
vn 0.9149 -0.1799 -0.3615
vn 0.9082 0.0627 -0.4138
vn -0.3733 0.2729 -0.8867
vn -0.0882 -0.1154 0.9894
vn -0.1724 0.5628 0.8084
vn -0.2132 0.2777 0.9367
vn -0.2109 -0.2390 0.9478
vn -0.4090 0.5637 0.7176
vn -0.7043 0.1760 0.6878
vn -0.5850 0.3998 0.7056
vn -0.6889 0.1918 0.6991
vn -0.5505 -0.6672 0.5018
vn -0.7147 -0.2043 0.6689
vn -0.9212 -0.2703 0.2800
vn -0.9243 -0.0436 0.3792
vn -0.8746 -0.2803 0.3955
vn -0.9513 -0.0425 0.3052
vn -0.9885 -0.1059 -0.1079
vn 0.9679 -0.2267 0.1088
vn 0.9645 -0.1507 -0.2169
vn 0.9930 -0.0454 0.1091
vn 0.7900 -0.2363 -0.5657
vn 0.5605 -0.1461 -0.8152
vn 0.8156 -0.0374 -0.5774
vn -0.9369 -0.2071 -0.2818
vn -0.9451 -0.0208 -0.3260
vn -0.8284 -0.1295 -0.5449
vn -0.4505 -0.5596 0.6956
vn -0.2738 -0.2420 0.9308
vn -0.6746 -0.2141 0.7065
vn -0.0551 -0.2993 0.9526
vn 0.2955 -0.1449 0.9443
vn 0.0596 -0.0403 0.9974
vn 0.6221 -0.2742 0.7334
vn 0.8917 -0.1632 0.4221
vn 0.6707 -0.0498 0.7401
vn 0.2053 -0.2490 -0.9465
vn -0.2005 -0.1556 -0.9673
vn 0.2251 -0.0804 -0.9710
vn -0.2666 -0.0022 0.9638
vn -0.5605 -0.0415 -0.8271
vn -0.5406 -0.2428 -0.8055
vn -0.8524 -0.0023 -0.5228
vn 0.5639 -0.0023 -0.8259
vn -0.2148 -0.0025 -0.9766
vn 0.2433 -0.0023 0.9699
vn 0.9771 -0.0023 -0.2129
vn -0.4804 0.0514 0.8756
vn 0.9046 -0.0023 0.4263
vn -0.7093 -0.0177 0.7047
vn -0.9971 -0.0022 -0.0756
vn 0.1847 -0.6425 0.7437
vn 0.6084 -0.6143 -0.5025
vn 0.3097 -0.8544 -0.4173
vn -0.9974 -0.0542 -0.0477
vn -0.6084 -0.6143 -0.5025
vn -0.0000 -0.8839 0.4676
vn -0.7983 -0.5445 0.2574
vn -0.9676 -0.2434 -0.0669
vn 0.0009 -1.0000 -0.0011
vn 0.2666 -0.0022 0.9638
vn 0.8524 -0.0023 -0.5228
vn -0.5639 -0.0023 -0.8259
vn 0.2148 -0.0025 -0.9766
vn 0.9971 -0.0022 -0.0756
vn -0.9046 -0.0023 0.4263
vn -0.2433 -0.0023 0.9699
vn -0.9771 -0.0023 -0.2129
vn 0.7093 -0.0177 0.7047
vn -0.0017 -1.0000 -0.0004
vn 0.2666 0.0022 -0.9638
vn 0.8524 0.0023 0.5228
vn -0.5639 0.0023 0.8259
vn 0.2148 0.0025 0.9766
vn 0.9971 0.0022 0.0756
vn -0.9046 0.0023 -0.4263
vn -0.2433 0.0023 -0.9699
vn -0.9771 0.0023 0.2129
vn 0.7093 0.0177 -0.7047
vt 0.883231 0.078673
vt 0.934626 0.118763
vt 0.883231 0.118763
vt 0.815507 0.115593
vt 0.757401 0.118763
vt 0.757401 0.076988
vt 0.534570 0.077908
vt 0.587588 0.115268
vt 0.534570 0.118763
vt 0.643939 0.079410
vt 0.699654 0.118763
vt 0.643939 0.118763
vt 0.934626 0.079347
vt 0.992483 0.118763
vt 0.699654 0.075237
vt 0.757401 0.013251
vt 0.699654 0.013251
vt 0.934626 0.013251
vt 0.992483 0.077908
vt 0.643939 0.013251
vt 0.534570 0.013251
vt 0.587588 0.013444
vt 0.815507 0.013488
vt 0.883231 0.013251
vt 0.519972 0.105229
vt 0.498801 0.142329
vt 0.519972 0.035584
vt 0.498801 0.010347
vt 0.468868 0.142329
vt 0.469355 0.010347
vt 0.450112 0.109261
vt 0.450112 0.047908
vt 0.669141 0.213653
vt 0.736376 0.210914
vt 0.705994 0.267367
vt 0.646337 0.278316
vt 0.655905 0.268539
vt 0.657666 0.266862
vt 0.689342 0.158919
vt 0.759626 0.158396
vt 0.765778 0.217548
vt 0.689401 0.158477
vt 0.736376 0.210914
vt 0.706636 0.267654
vt 0.767355 0.217242
vt 0.759626 0.158396
vt 0.703357 0.254167
vt 0.678377 0.202624
vt 0.656127 0.267255
vt 0.653097 0.225799
vt 0.400917 0.938266
vt 0.351625 1.037438
vt 0.370844 0.933061
vt 0.416961 0.995783
vt 0.413009 1.028496
vt 0.402578 0.720294
vt 0.387745 0.806272
vt 0.375458 0.679150
vt 0.272289 0.775367
vt 0.220710 0.781283
vt 0.236707 0.753250
vt 0.285513 0.968565
vt 0.220627 1.042427
vt 0.236707 0.940282
vt 0.336234 0.941876
vt 0.291709 1.041208
vt 0.358246 0.763251
vt 0.289160 0.820651
vt 0.282809 0.902639
vt 0.223158 0.821168
vt 0.319250 0.650761
vt 0.272296 0.674994
vt 0.261480 0.644887
vt 0.267900 0.557923
vt 0.236707 0.566050
vt 0.236707 0.543006
vt 0.246901 0.595261
vt 0.259043 0.622090
vt 0.236707 0.624620
vt 0.236707 0.625749
vt 0.227532 0.642935
vt 0.233059 0.663884
vt 0.237433 0.697661
vt 0.329237 0.610638
vt 0.287830 0.627327
vt 0.339446 0.602236
vt 0.343486 0.696605
vt 0.257846 0.726536
vt 0.236557 0.729870
vt 0.036162 0.615623
vt 0.034683 0.609167
vt 0.039710 0.613874
vt 0.041928 0.634631
vt 0.046383 0.632711
vt 0.026829 0.594031
vt 0.026688 0.590766
vt 0.030111 0.597024
vt 0.030073 0.589872
vt 0.033018 0.594229
vt 0.036244 0.601730
vt 0.045834 0.642631
vt 0.051026 0.635394
vt 0.039805 0.608045
vt 0.043933 0.599457
vt 0.044288 0.606714
vt 0.053038 0.620746
vt 0.055164 0.625797
vt 0.046590 0.610556
vt 0.037938 0.590489
vt 0.053949 0.630097
vt 0.049336 0.606770
vt 0.048867 0.609751
vt 0.029077 0.559161
vt 0.033332 0.560966
vt 0.031411 0.563581
vt 0.036936 0.564857
vt 0.038496 0.563257
vt 0.046247 0.597361
vt 0.051344 0.599454
vt 0.043607 0.560922
vt 0.043594 0.565350
vt 0.397912 0.637779
vt 0.426320 0.592944
vt 0.412655 0.662974
vt 0.469566 0.604061
vt 0.478445 0.651320
vt 0.431216 0.548191
vt 0.454586 0.676896
vt 0.049785 0.612958
vt 0.055124 0.611307
vt 0.058859 0.617988
vt 0.054820 0.616068
vt 0.059173 0.617208
vt 0.062840 0.615165
vt 0.062810 0.613623
vt 0.064685 0.612951
vt 0.061920 0.617555
vt 0.089172 1.033940
vt 0.072497 0.938266
vt 0.102570 0.933061
vt 0.056453 0.995783
vt 0.053149 0.924014
vt 0.059019 1.028201
vt 0.085669 0.806272
vt 0.070836 0.720294
vt 0.097956 0.679150
vt 0.215568 0.726536
vt 0.178466 0.765572
vt 0.193102 0.678457
vt 0.187901 0.968565
vt 0.149356 1.039298
vt 0.137181 0.941876
vt 0.172132 0.820031
vt 0.115168 0.763251
vt 0.190606 0.902639
vt 0.154164 0.650761
vt 0.205515 0.557923
vt 0.197412 0.603297
vt 0.207358 0.614888
vt 0.216808 0.625698
vt 0.210882 0.625426
vt 0.144177 0.610638
vt 0.133968 0.602236
vt 0.129929 0.696605
vt 0.031831 0.578103
vt 0.029299 0.585473
vt 0.026815 0.586988
vt 0.041842 0.546275
vt 0.039657 0.567080
vt 0.036099 0.565335
vt 0.036210 0.579252
vt 0.039764 0.572920
vt 0.034629 0.571807
vt 0.045742 0.538250
vt 0.050958 0.545493
vt 0.046310 0.548191
vt 0.043912 0.581517
vt 0.044257 0.574247
vt 0.033566 0.586211
vt 0.053001 0.560170
vt 0.053897 0.550796
vt 0.049315 0.574182
vt 0.048840 0.571196
vt 0.046558 0.570393
vt 0.033305 0.551798
vt 0.029066 0.553613
vt 0.031385 0.549188
vt 0.036918 0.547909
vt 0.038484 0.549513
vt 0.046235 0.583618
vt 0.043614 0.551826
vt 0.043588 0.547401
vt 0.046897 0.550933
vt 0.385133 0.526109
vt 0.049757 0.567982
vt 0.061909 0.563361
vt 0.059157 0.563712
vt 0.058841 0.562931
vt 0.062805 0.567300
vt 0.062834 0.565755
vt 0.064685 0.567970
vt 0.055108 0.569630
vt 0.054797 0.564860
vt 0.636553 0.343731
vt 0.655561 0.301417
vt 0.666600 0.329189
vt 0.718100 0.423192
vt 0.745786 0.360212
vt 0.757721 0.385947
vt 0.917282 0.246457
vt 0.902112 0.238255
vt 0.906562 0.235929
vt 0.923204 0.247628
vt 0.912866 0.255476
vt 0.937828 0.272729
vt 0.946262 0.280521
vt 0.941288 0.302880
vt 0.936749 0.889158
vt 0.959609 0.919567
vt 0.946303 0.929699
vt 0.949094 0.830416
vt 0.955087 0.852958
vt 0.907239 0.870485
vt 0.885469 0.812166
vt 0.922449 0.925472
vt 0.933524 0.943429
vt 0.860785 0.903744
vt 0.900024 0.920565
vt 0.952296 0.956186
vt 0.939841 0.976917
vt 0.903816 0.227546
vt 0.897712 0.228006
vt 0.901987 0.220180
vt 0.930369 0.297944
vt 0.914285 0.282302
vt 0.925567 0.262030
vt 0.903667 0.262781
vt 0.896496 0.239514
vt 0.861362 0.731785
vt 0.885214 0.680145
vt 0.884787 0.732853
vt 0.860568 0.675058
vt 0.882176 0.629912
vt 0.950308 0.239614
vt 0.956791 0.249941
vt 0.950673 0.252841
vt 0.961274 0.267567
vt 0.974931 0.682323
vt 0.957552 0.627003
vt 0.991102 0.651604
vt 0.953953 0.669961
vt 0.916643 0.615909
vt 0.923197 0.671840
vt 0.953899 0.732358
vt 0.973166 0.730332
vt 0.926172 0.732493
vt 0.993950 0.691282
vt 0.994655 0.724390
vt 0.949295 0.231616
vt 0.945174 0.232316
vt 0.946446 0.225550
vt 0.941911 0.253825
vt 0.943962 0.240160
vt 0.860296 0.771084
vt 0.938073 0.237726
vt 0.933839 0.250280
vt 0.928638 0.245633
vt 0.977116 0.768589
vt 0.962867 0.831670
vt 0.956837 0.782734
vt 0.926377 0.781749
vt 0.995607 0.762690
vt 0.993711 0.802052
vt 0.989009 0.748791
vt 0.941450 0.230403
vt 0.851690 0.575412
vt 0.878492 0.508385
vt 0.869011 0.567687
vt 0.838491 0.525386
vt 0.856458 0.458871
vt 0.986755 0.288660
vt 0.981576 0.299685
vt 0.975799 0.294861
vt 0.966474 0.308105
vt 0.976370 0.313397
vt 0.958631 0.329850
vt 0.951321 0.512545
vt 0.931103 0.462823
vt 0.959905 0.478627
vt 0.926570 0.495625
vt 0.892530 0.456963
vt 0.928554 0.557683
vt 0.949354 0.552667
vt 0.906275 0.557686
vt 0.963965 0.564460
vt 0.975327 0.551137
vt 0.968450 0.515445
vt 0.991197 0.280452
vt 0.987105 0.278041
vt 0.993394 0.272079
vt 0.946209 0.309070
vt 0.956120 0.296194
vt 0.970787 0.287798
vt 0.980692 0.282614
vt 0.978421 0.275678
vt 0.967679 0.279311
vt 0.979944 0.268920
vt 0.972715 0.265361
vt 0.973992 0.256999
vt 0.953526 0.593481
vt 0.985543 0.273892
vt 0.986960 0.270760
vt 0.841436 0.391983
vt 0.787591 0.415678
vt 0.839539 0.363095
vt 0.858547 0.416458
vt 0.871292 0.368731
vt 0.892235 0.406049
vt 0.914679 0.403786
vt 0.911648 0.418802
vt 0.820243 0.495385
vt 0.805679 0.470874
vt 0.790185 0.524900
vt 0.770127 0.510572
vt 0.913490 0.341352
vt 0.913782 0.315469
vt 0.931758 0.352131
vt 0.967794 0.353277
vt 0.976919 0.359375
vt 0.963411 0.359782
vt 0.916940 0.354219
vt 0.942092 0.330993
vt 0.958348 0.346953
vt 0.970492 0.334030
vt 0.976247 0.352065
vt 0.939357 0.365422
vt 0.954550 0.357123
vt 0.909057 0.356487
vt 0.919995 0.358286
vt 0.942341 0.313566
vt 0.923596 0.315814
vt 0.910787 0.316830
vt 0.901891 0.290670
vt 0.743364 0.446486
vt 0.748062 0.482856
vt 0.752437 0.517043
vt 0.906701 0.437385
vt 0.926978 0.451278
vt 0.976484 0.354815
vt 0.989084 0.353269
vt 0.980135 0.348923
vt 0.870571 0.444637
vt 0.783822 0.543392
vt 0.777315 0.542797
vt 0.792948 0.437971
vt 0.932442 0.320202
vt 0.781616 0.392857
vt 0.829983 0.346002
vt 0.850988 0.332230
vt 0.850553 0.309153
vt 0.858010 0.336710
vt 0.900383 0.351665
vt 0.975080 0.329244
vt 0.831685 0.890053
vt 0.785417 0.833834
vt 0.853846 0.813324
vt 0.813527 0.594258
vt 0.793676 0.544315
vt 0.790211 0.726225
vt 0.819982 0.655008
vt 0.807070 0.768734
vt 0.785398 0.570919
vt 0.798652 0.648913
vt 0.793434 0.606306
vt 0.766979 0.868380
vt 0.752581 0.810146
vt 0.726820 0.840474
vt 0.735755 0.787353
vt 0.779325 0.771019
vt 0.765900 0.726376
vt 0.714310 0.783053
vt 0.779752 0.665258
vt 0.750988 0.664461
vt 0.740767 0.638053
vt 0.762545 0.623581
vt 0.749858 0.595519
vt 0.768114 0.577030
vt 0.734313 0.608151
vt 0.753588 0.553994
vt 0.715470 0.538452
vt 0.743365 0.696787
vt 0.730238 0.671307
vt 0.718266 0.618509
vt 0.703503 0.559931
vt 0.694323 0.510298
vt 0.721617 0.470632
vt 0.674588 0.467305
vt 0.640037 0.471891
vt 0.655630 0.420891
vt 0.632049 0.425634
vt 0.638498 0.509816
vt 0.725527 0.722176
vt 0.703413 0.703276
vt 0.715874 0.683734
vt 0.681483 0.782342
vt 0.706503 0.742122
vt 0.660957 0.734520
vt 0.686044 0.681489
vt 0.660037 0.638128
vt 0.696674 0.634440
vt 0.672840 0.593458
vt 0.636979 0.637777
vt 0.650684 0.564099
vt 0.672293 0.531836
vt 0.690020 0.581928
vt 0.748036 0.719107
vt 0.702035 0.805290
vt 0.637891 0.547631
vt 0.781234 0.551024
vt 0.922507 0.290231
vt 0.940055 0.304707
vt 0.920610 0.304744
vt 0.940022 0.276290
vt 0.941172 0.290106
vt 0.700098 0.377027
vt 0.692535 0.371155
vt 0.947966 0.324381
vt 0.920843 0.304788
vt 0.945181 0.307428
vt 0.784985 0.548552
vt 0.632633 0.303581
vt 0.647294 0.340884
vt 0.666600 0.329189
vt 0.745677 0.360228
vt 0.632528 0.298123
vt 0.946277 0.930721
vt 0.860297 0.771084
vt 0.947969 0.507742
vt 0.963529 0.536351
vt 0.981470 0.269320
vt 0.955807 0.588466
vt 0.937784 0.611917
vt 0.858547 0.416458
vt 0.892235 0.406049
vt 0.914679 0.403786
vt 0.890032 0.369676
vt 0.770127 0.510572
vt 0.976919 0.359375
vt 0.948895 0.326926
vt 0.980135 0.348923
vt 0.917147 0.313622
vt 0.906701 0.437385
vt 0.777315 0.542797
vt 0.849413 0.371683
vt 0.785417 0.833834
vt 0.793676 0.544315
vt 0.790211 0.726225
vt 0.752581 0.810146
vt 0.725527 0.722176
vt 0.779752 0.665258
vt 0.743365 0.696787
vt 0.798652 0.648913
vt 0.762545 0.623581
vt 0.734313 0.608152
vt 0.753588 0.553994
vt 0.715470 0.538452
vt 0.703503 0.559931
vt 0.694323 0.510298
vt 0.674588 0.467305
vt 0.651569 0.473291
vt 0.721618 0.470632
vt 0.661685 0.512224
vt 0.712525 0.688927
vt 0.706503 0.742122
vt 0.686044 0.681489
vt 0.660037 0.638128
vt 0.641253 0.586089
vt 0.674122 0.545391
vt 0.690020 0.581928
vt 0.922623 0.290230
vt 0.920452 0.304745
vt 0.947889 0.324403
vt 0.920610 0.332675
vt 0.723348 0.419887
vt 0.924617 0.276357
vt 0.159580 0.463227
vt 0.127377 0.508069
vt 0.135987 0.444570
vt 0.104286 0.503932
vt 0.076816 0.429519
vt 0.107689 0.433507
vt 0.072045 0.542061
vt 0.043067 0.435944
vt 0.197811 0.506241
vt 0.163394 0.529328
vt 0.176517 0.483201
vt 0.240919 0.178187
vt 0.306178 0.238465
vt 0.306178 0.178187
vt 0.197550 0.178187
vt 0.256247 0.238465
vt 0.266938 0.021536
vt 0.306178 0.067406
vt 0.306178 0.021536
vt 0.232138 0.023378
vt 0.197550 0.077263
vt 0.232138 0.074155
vt 0.140175 0.239406
vt 0.108603 0.183779
vt 0.098738 0.239406
vt 0.189562 0.239406
vt 0.169205 0.183779
vt 0.266938 0.123751
vt 0.232138 0.123751
vt 0.094850 0.017233
vt 0.041950 0.042161
vt 0.064430 0.048686
vt 0.031657 0.017233
vt 0.060029 0.017233
vt 0.336752 0.123751
vt 0.358388 0.083239
vt 0.336752 0.057278
vt 0.057058 0.072945
vt 0.112063 0.054504
vt 0.251888 0.952657
vt 0.279551 0.914323
vt 0.277034 0.959988
vt 0.299219 0.960908
vt 0.302134 0.916201
vt 0.212874 0.935222
vt 0.238353 0.903217
vt 0.233368 0.939697
vt 0.339776 0.952920
vt 0.323663 0.915848
vt 0.344818 0.912406
vt 0.257162 0.910375
vt 0.321414 0.958374
vt 0.373547 0.939581
vt 0.389971 0.893535
vt 0.398335 0.934046
vt 0.358411 0.945893
vt 0.367565 0.907582
vt 0.375131 0.047374
vt 0.336752 0.021536
vt 0.060679 0.125116
vt 0.101932 0.086768
vt 0.306178 0.123751
vt 0.336752 0.178187
vt 0.065577 0.183779
vt 0.069768 0.239406
vt 0.336752 0.238465
vt 0.403993 0.570461
vt 0.389286 0.602226
vt 0.383929 0.583297
vt 0.036117 0.648633
vt 0.068981 0.659209
vt 0.032338 0.694353
vt 0.101589 0.582335
vt 0.095984 0.716209
vt 0.069115 0.711811
vt 0.122643 0.585429
vt 0.117916 0.734390
vt 0.093088 0.786465
vt 0.008711 0.540974
vt 0.010694 0.688070
vt 0.147405 0.518810
vt 0.138009 0.723098
vt 0.116604 0.800952
vt 0.183995 0.546724
vt 0.152911 0.593842
vt 0.181096 0.602746
vt 0.178085 0.664883
vt 0.175477 0.899402
vt 0.207417 0.931874
vt 0.187980 0.957034
vt 0.133063 0.931644
vt 0.136575 0.878858
vt 0.157762 0.950091
vt 0.003712 0.959981
vt 0.017931 0.978337
vt 0.003712 0.978337
vt 0.017931 0.941761
vt 0.017931 0.959981
vt 0.003712 0.941761
vt 0.017931 0.925779
vt 0.017931 0.994172
vt 0.003712 0.994172
vt 0.123981 0.968971
vt 0.116385 0.915134
vt 0.120146 0.864669
vt 0.374504 0.611929
vt 0.368104 0.597130
vt 0.057895 0.861339
vt 0.072589 0.893075
vt 0.053365 0.899759
vt 0.487561 0.580810
vt 0.497730 0.607039
vt 0.482492 0.607841
vt 0.420359 0.560051
vt 0.405792 0.618004
vt 0.436367 0.550965
vt 0.450580 0.571435
vt 0.434711 0.587429
vt 0.170932 0.994932
vt 0.025073 0.877768
vt 0.004588 0.901513
vt 0.004057 0.860399
vt 0.154596 0.702314
vt 0.140975 0.815326
vt 0.162778 0.822485
vt 0.138475 0.589416
vt 0.019266 0.909419
vt 0.176449 0.730965
vt 0.197550 0.123751
vt 0.189695 0.820150
vt 0.266938 0.073982
vt 0.030245 0.936208
vt 0.412668 0.805179
vt 0.428091 0.878377
vt 0.419570 0.885169
vt 0.475730 0.820038
vt 0.482844 0.892463
vt 0.470834 0.894437
vt 0.462745 0.830143
vt 0.463633 0.894082
vt 0.400563 0.810540
vt 0.411704 0.894437
vt 0.401418 0.893879
vt 0.389211 0.816396
vt 0.452402 0.875824
vt 0.440856 0.885754
vt 0.436797 0.799034
vt 0.420439 0.669092
vt 0.407573 0.676454
vt 0.494595 0.625093
vt 0.481498 0.675984
vt 0.463822 0.611585
vt 0.468286 0.577109
vt 0.465163 0.670406
vt 0.449427 0.634263
vt 0.392625 0.623178
vt 0.421375 0.611197
vt 0.435138 0.664713
vt 0.377986 0.629977
vt 0.449910 0.759251
vt 0.436364 0.758069
vt 0.423335 0.758138
vt 0.424253 0.798092
vt 0.397555 0.768511
vt 0.477858 0.767736
vt 0.462945 0.760451
vt 0.489478 0.813563
vt 0.410287 0.762582
vt 0.545934 0.637168
vt 0.555758 0.617952
vt 0.555758 0.637168
vt 0.595078 0.637168
vt 0.585471 0.617952
vt 0.595078 0.617952
vt 0.341205 0.849503
vt 0.319836 0.790620
vt 0.337361 0.784632
vt 0.216025 0.892922
vt 0.251602 0.781710
vt 0.267517 0.788192
vt 0.285384 0.771431
vt 0.282784 0.854565
vt 0.301855 0.793851
vt 0.302426 0.856630
vt 0.354702 0.779907
vt 0.367983 0.753632
vt 0.321935 0.854760
vt 0.318870 0.753377
vt 0.335399 0.748562
vt 0.254950 0.759690
vt 0.237884 0.752955
vt 0.255453 0.736281
vt 0.301880 0.753585
vt 0.270652 0.741834
vt 0.268753 0.766155
vt 0.318780 0.706386
vt 0.332328 0.701765
vt 0.350979 0.741630
vt 0.346219 0.691460
vt 0.243071 0.684446
vt 0.261620 0.664814
vt 0.290154 0.693113
vt 0.304974 0.700891
vt 0.361191 0.685335
vt 0.276236 0.669578
vt 0.080615 0.839647
vt 0.103503 0.802808
vt 0.109496 0.832587
vt 0.078020 0.890573
vt 0.106322 0.913582
vt 0.085684 0.917416
vt 0.115370 0.884017
vt 0.550811 0.731215
vt 0.546753 0.779883
vt 0.525594 0.767114
vt 0.590112 0.936979
vt 0.562937 0.924514
vt 0.576771 0.918999
vt 0.594991 0.874416
vt 0.600605 0.911033
vt 0.581350 0.875264
vt 0.610909 0.862673
vt 0.570311 0.981653
vt 0.599949 0.960747
vt 0.571621 0.705272
vt 0.614560 0.917184
vt 0.539576 0.932790
vt 0.568367 0.946832
vt 0.588250 0.771847
vt 0.577330 0.823530
vt 0.485801 0.983792
vt 0.510175 0.909439
vt 0.517488 0.983784
vt 0.534564 0.706631
vt 0.556522 0.665555
vt 0.583723 0.898396
vt 0.570412 0.905618
vt 0.575197 0.890493
vt 0.564003 0.877369
vt 0.556809 0.841127
vt 0.557241 0.894226
vt 0.530507 0.859075
vt 0.541213 0.897006
vt 0.519231 0.869380
vt 0.536428 0.837316
vt 0.535072 0.812683
vt 0.516337 0.745524
vt 0.530037 0.789726
vt 0.488472 0.922296
vt 0.506620 0.870114
vt 0.002745 0.428897
vt 0.384682 0.443592
vt 0.391211 0.442138
vt 0.386337 0.442397
vt 0.311063 0.400521
vt 0.316369 0.400317
vt 0.309787 0.402032
vt 0.370271 0.443334
vt 0.396673 0.405003
vt 0.273309 0.401151
vt 0.268001 0.444621
vt 0.264145 0.391599
vt 0.279642 0.404916
vt 0.399146 0.450541
vt 0.295226 0.404273
vt 0.296706 0.470927
vt 0.401204 0.451264
vt 0.398302 0.374896
vt 0.269695 0.490366
vt 0.298005 0.531793
vt 0.275343 0.520294
vt 0.429699 0.321042
vt 0.432635 0.333867
vt 0.436562 0.317027
vt 0.368133 0.381642
vt 0.350956 0.333603
vt 0.366358 0.327846
vt 0.321017 0.493875
vt 0.391812 0.340216
vt 0.387832 0.301702
vt 0.353612 0.444546
vt 0.341199 0.462050
vt 0.338627 0.399813
vt 0.341498 0.395717
vt 0.351358 0.383175
vt 0.421652 0.314436
vt 0.432154 0.307545
vt 0.322879 0.394786
vt 0.324831 0.462045
vt 0.323102 0.451168
vt 0.265299 0.452528
vt 0.260989 0.394368
vt 0.440384 0.483914
vt 0.427957 0.480476
vt 0.433275 0.469087
vt 0.422004 0.498875
vt 0.432233 0.506312
vt 0.410136 0.288801
vt 0.424046 0.289841
vt 0.412021 0.273226
vt 0.439154 0.452411
vt 0.448251 0.463080
vt 0.284667 0.560036
vt 0.424141 0.531246
vt 0.279496 0.535919
vt 0.270413 0.512511
vt 0.318236 0.531191
vt 0.314456 0.556087
vt 0.379606 0.295205
vt 0.397873 0.272682
vt 0.281363 0.337839
vt 0.285580 0.273832
vt 0.288129 0.337923
vt 0.288421 0.281146
vt 0.277692 0.281489
vt 0.280219 0.273900
vt 0.367310 0.561026
vt 0.360200 0.508031
vt 0.366585 0.508793
vt 0.365317 0.567884
vt 0.362393 0.561156
vt 0.282876 0.267433
vt 0.369777 0.556772
vt 0.359901 0.556855
vt 0.368491 0.449952
vt 0.355593 0.450626
vt 0.365684 0.452812
vt 0.358105 0.453545
vt 0.282483 0.395691
vt 0.290306 0.394970
vt 0.258062 0.279034
vt 0.262640 0.277835
vt 0.267503 0.340552
vt 0.256104 0.290039
vt 0.261191 0.343425
vt 0.346551 0.554612
vt 0.341998 0.552559
vt 0.347295 0.505083
vt 0.343088 0.560843
vt 0.349352 0.550942
vt 0.346838 0.561197
vt 0.340246 0.550390
vt 0.351523 0.451397
vt 0.338265 0.456415
vt 0.348056 0.452668
vt 0.302778 0.284514
vt 0.307049 0.286051
vt 0.301791 0.343614
vt 0.309212 0.295539
vt 0.307747 0.349319
vt 0.385282 0.498943
vt 0.382557 0.546723
vt 0.379317 0.498145
vt 0.387128 0.546772
vt 0.383036 0.553391
vt 0.388919 0.542816
vt 0.386813 0.553209
vt 0.379766 0.543512
vt 0.372514 0.447528
vt 0.376584 0.446752
vt 0.300720 0.398071
vt 0.321475 0.303035
vt 0.325301 0.304565
vt 0.319386 0.355722
vt 0.326809 0.312738
vt 0.324667 0.358368
vt 0.404828 0.528114
vt 0.400584 0.529650
vt 0.396205 0.479542
vt 0.400747 0.536103
vt 0.406192 0.526048
vt 0.404315 0.535740
vt 0.397545 0.527146
vt 0.389389 0.444416
vt 0.428495 0.428358
vt 0.429421 0.385555
vt 0.433967 0.425900
vt 0.418053 0.428731
vt 0.421839 0.392365
vt 0.423233 0.435682
vt 0.462657 0.289025
vt 0.446766 0.288426
vt 0.444290 0.299868
vt 0.466444 0.292406
vt 0.448750 0.309380
vt 0.425048 0.388312
vt 0.461602 0.281726
vt 0.444470 0.277840
vt 0.424868 0.380771
vt 0.468243 0.281314
vt 0.417765 0.390881
vt 0.353496 0.445984
vt 0.293065 0.396120
vt 0.370145 0.444218
vt 0.313804 0.397847
vt 0.312782 0.401915
vt 0.430013 0.277523
vt 0.419728 0.458867
vt 0.040578 0.405415
vt 0.040826 0.335176
vt 0.003118 0.366913
vt 0.237786 0.405415
vt 0.206936 0.366913
vt 0.237579 0.335140
vt 0.181564 0.405415
vt 0.158359 0.366913
vt 0.181401 0.335165
vt 0.040578 0.405415
vt 0.040834 0.335098
vt 0.058391 0.366913
vt 0.086958 0.405415
vt 0.102847 0.366913
vt 0.057893 0.366913
vt 0.130052 0.405415
vt 0.129944 0.335091
vt 0.181597 0.405415
vt 0.181401 0.335199
vt 0.130052 0.405415
vt 0.130014 0.335219
vt 0.102599 0.296356
vt 0.087112 0.335176
vt 0.086958 0.405415
vt 0.003118 0.366913
vt 0.003118 0.405415
vt 0.058516 0.296356
vt 0.158040 0.296356
vt 0.102707 0.296356
vt 0.157979 0.296356
vt 0.206523 0.296356
vt 0.086997 0.335111
vt 0.058336 0.296356
vt 0.003118 0.296356
vt 0.316100 0.609559
vt 0.327122 0.607970
vt 0.338170 0.604217
vt 0.260004 0.599212
vt 0.271405 0.601567
vt 0.293621 0.607461
vt 0.304973 0.609371
vt 0.348920 0.599212
vt 0.282392 0.604506
vt 0.575437 0.617952
vt 0.565668 0.578907
vt 0.575437 0.577935
vt 0.545934 0.617952
vt 0.536247 0.583598
vt 0.545935 0.578042
vt 0.526418 0.617952
vt 0.516741 0.580068
vt 0.526418 0.578692
vt 0.565668 0.627039
vt 0.555758 0.578602
vt 0.536247 0.625160
vt 0.585471 0.576602
vt 0.595078 0.580068
vt 0.526418 0.637168
vt 0.516741 0.617952
vt 0.536247 0.575709
vt 0.575437 0.637168
vt 0.585471 0.637168
vt 0.120589 0.125116
vt 0.142712 0.065156
vt 0.120989 0.017233
vt 0.022811 0.784236
vt 0.027307 0.714538
vt 0.027540 0.714662
vt 0.043722 0.816476
vt 0.044825 0.765987
vt 0.024345 0.759383
vt 0.046353 0.727865
vt 0.026500 0.737657
vt 0.045134 0.746483
vt 0.061279 0.746363
vt 0.044428 0.788942
vt 0.059968 0.773044
vt 0.058680 0.812970
vt 0.074648 0.805876
vt 0.072997 0.850491
vt 0.072045 0.542061
vt 0.240919 0.178187
vt 0.306178 0.067406
vt 0.108603 0.183779
vt 0.008997 0.032595
vt 0.336752 0.057278
vt 0.238353 0.903217
vt 0.197550 0.083239
vt 0.197550 0.025177
vt 0.101932 0.086768
vt 0.112063 0.054504
vt 0.175477 0.899402
vt 0.173811 0.822444
vt 0.095984 0.716209
vt 0.138009 0.723098
vt 0.154696 0.683431
vt 0.002423 0.925779
vt 0.066587 0.927030
vt 0.502782 0.590567
vt 0.123981 0.968971
vt 0.025073 0.877768
vt 0.174162 0.480510
vt 0.232138 0.083239
vt 0.266938 0.073982
vt 0.163433 0.529362
vt 0.475730 0.820038
vt 0.489478 0.813563
vt 0.462745 0.830143
vt 0.400563 0.810540
vt 0.412668 0.805179
vt 0.389211 0.816396
vt 0.452402 0.875824
vt 0.436797 0.799034
vt 0.494595 0.625093
vt 0.468285 0.577109
vt 0.392625 0.623178
vt 0.449427 0.634263
vt 0.449910 0.759251
vt 0.436364 0.758069
vt 0.397555 0.768511
vt 0.423335 0.758138
vt 0.428091 0.878377
vt 0.410287 0.762582
vt 0.477858 0.767736
vt 0.462945 0.760451
vt 0.216025 0.892922
vt 0.263574 0.849472
vt 0.267513 0.788250
vt 0.350979 0.741630
vt 0.290154 0.693113
vt 0.084868 0.802808
vt 0.525594 0.767114
vt 0.517488 0.983784
vt 0.556809 0.841127
vt 0.557241 0.894226
vt 0.391211 0.442138
vt 0.386337 0.442397
vt 0.316369 0.400317
vt 0.311063 0.400521
vt 0.309787 0.402032
vt 0.396673 0.405003
vt 0.370271 0.443334
vt 0.268001 0.444621
vt 0.264145 0.391599
vt 0.279642 0.404916
vt 0.399146 0.450541
vt 0.297561 0.404291
vt 0.401204 0.451264
vt 0.292385 0.402530
vt 0.296706 0.470927
vt 0.269695 0.490366
vt 0.321017 0.493875
vt 0.318236 0.531191
vt 0.324831 0.462045
vt 0.436562 0.317027
vt 0.353129 0.355580
vt 0.391812 0.340216
vt 0.398302 0.374896
vt 0.323102 0.451168
vt 0.353612 0.444546
vt 0.341199 0.462051
vt 0.338265 0.456415
vt 0.432154 0.307545
vt 0.322879 0.394786
vt 0.260989 0.394368
vt 0.427957 0.480477
vt 0.439154 0.452411
vt 0.422004 0.498874
vt 0.351540 0.296340
vt 0.412021 0.273226
vt 0.281369 0.338204
vt 0.285678 0.276251
vt 0.360200 0.508031
vt 0.359901 0.556855
vt 0.366585 0.508794
vt 0.277692 0.281489
vt 0.288421 0.281146
vt 0.369777 0.556773
vt 0.279772 0.397595
vt 0.293065 0.396121
vt 0.288792 0.356443
vt 0.368491 0.449952
vt 0.365684 0.452812
vt 0.358105 0.453545
vt 0.282483 0.396030
vt 0.267503 0.340551
vt 0.266396 0.288899
vt 0.261191 0.343424
vt 0.341998 0.552559
vt 0.347295 0.505083
vt 0.349352 0.550942
vt 0.340246 0.550390
vt 0.256104 0.290039
vt 0.351523 0.451397
vt 0.275469 0.397483
vt 0.307049 0.286051
vt 0.301791 0.343614
vt 0.379317 0.498145
vt 0.379766 0.543511
vt 0.307747 0.349319
vt 0.385282 0.498943
vt 0.387128 0.546772
vt 0.388919 0.542816
vt 0.297247 0.397870
vt 0.299741 0.295321
vt 0.376584 0.446752
vt 0.300720 0.398071
vt 0.325301 0.304565
vt 0.321475 0.303035
vt 0.319386 0.355722
vt 0.396205 0.479542
vt 0.326809 0.312738
vt 0.324667 0.358368
vt 0.404828 0.528114
vt 0.313804 0.397847
vt 0.318343 0.312244
vt 0.324710 0.389138
vt 0.389389 0.444416
vt 0.428495 0.428358
vt 0.429421 0.385555
vt 0.418053 0.428731
vt 0.421839 0.392365
vt 0.444290 0.299868
vt 0.448750 0.309380
vt 0.423233 0.435682
vt 0.444470 0.277840
vt 0.461602 0.281726
vt 0.463011 0.273441
vt 0.468243 0.281314
vt 0.424868 0.380771
vt 0.433967 0.425900
vt 0.419728 0.458867
vt 0.433275 0.469087
vt 0.430013 0.277523
vt 0.565668 0.627039
vt 0.555758 0.578602
vt 0.585471 0.576602
vt 0.516741 0.637168
vt 0.142712 0.065156
vt 0.168728 0.017233
vt 0.023361 0.784219
vt 0.023896 0.759309
vt 0.025957 0.737447
vt 0.058680 0.812970
vt 0.992483 0.013251
vt 0.420265 0.924014
vt 0.383871 0.656192
vt 0.256606 0.625698
vt 0.031873 0.602890
vt 0.030217 0.556384
vt 0.054798 0.603644
vt 0.046895 0.561812
vt 0.385133 0.526109
vt 0.089543 0.656192
vt 0.055122 0.555103
vt 0.054789 0.577306
vt 0.051339 0.581505
vt 0.918109 0.297901
vt 0.920599 0.332678
vt 0.692563 0.371149
vt 0.197550 0.238465
vt 0.186931 0.085746
vt 0.387755 0.021536
vt 0.494368 0.869130
vt 0.324710 0.389138
vt 0.416595 0.529334
vt 0.275469 0.397483
vt 0.299741 0.295321
vt 0.318343 0.312244
s 1
usemtl char_body_mat
f 22/1/1 6/2/2 14/3/3
f 20/4/4 4/5/5 17/6/6
f 19/7/7 1/8/8 9/9/9
f 21/10/10 2/11/11 12/12/12
f 18/13/13 9/14/9 6/2/2
f 17/6/6 2/11/11 16/15/14
f 5/16/15 16/15/14 3/17/16
f 7/18/17 19/19/7 18/13/13
f 11/20/18 16/15/14 21/10/10
f 8/21/19 15/22/20 19/7/7
f 10/23/21 17/6/6 5/16/15
f 22/1/1 20/4/4 10/23/21
f 7/18/17 22/1/1 13/24/22
f 15/22/20 21/10/10 1/8/8
f 10/25/21 5/26/15 13/27/22
f 13/27/22 5/26/15 7/28/17
f 5/26/15 3/29/16 7/28/17
f 7/28/17 3/29/16 8/30/19
f 3/29/16 11/31/18 8/30/19
f 15/32/20 8/30/19 11/31/18
f 20/27/4 14/25/3 4/28/5
f 4/28/5 14/25/3 2/30/11
f 14/25/3 6/26/2 2/30/11
f 2/30/11 6/26/2 12/32/12
f 6/26/2 9/29/9 12/32/12
f 12/32/12 9/29/9 1/31/8
f 29/33/23 24/34/24 31/35/25
f 28/36/26 29/33/23 23/37/27
f 25/38/28 28/36/26 31/35/25
f 30/39/29 29/33/23 25/38/28
f 31/35/25 28/36/26 23/37/27
f 24/34/24 30/39/29 27/40/30
f 26/41/31 30/39/29 25/38/28
f 29/33/23 31/35/25 23/37/27
f 37/42/32 33/43/33 40/44/34
f 34/45/35 35/46/36 38/47/37
f 38/47/37 39/48/38 23/37/39
f 38/47/37 28/36/40 40/44/34
f 40/44/34 28/36/40 32/49/41
f 23/37/39 36/50/42 28/36/40
f 35/46/36 37/42/32 39/48/38
f 33/43/33 37/42/32 35/46/36
f 38/47/37 40/44/34 34/45/35
f 360/204/170 179/205/171 362/206/172
f 175/207/173 181/208/174 180/209/175
f 197/210/176 189/211/177 187/212/178
f 196/213/179 200/214/180 197/210/176
f 228/215/181 268/216/182 229/217/183
f 194/218/184 187/219/178 186/220/185
f 194/218/184 196/221/179 197/222/176
f 193/223/186 195/224/187 196/221/179
f 190/225/188 186/220/185 184/226/189
f 190/225/188 193/223/186 194/218/184
f 192/227/190 193/223/186 191/228/191
f 186/220/185 202/229/192 201/230/193
f 202/231/192 207/232/194 201/233/193
f 198/234/195 205/235/196 199/236/197
f 199/236/197 204/237/198 200/214/180
f 189/211/177 207/232/194 202/231/192
f 200/214/180 203/238/199 189/211/177
f 209/239/200 216/240/201 215/241/202
f 212/242/203 219/243/204 216/240/201
f 211/244/205 221/245/206 223/246/207
f 221/245/206 222/247/208 223/246/207
f 210/248/209 221/249/206 211/250/205
f 218/251/210 220/252/211 221/249/206
f 217/253/212 219/243/204 220/252/211
f 213/254/213 210/248/209 208/255/214
f 213/254/213 217/253/212 218/251/210
f 214/256/215 216/240/201 217/253/212
f 210/248/209 224/257/216 225/258/217
f 224/259/216 230/260/218 225/261/217
f 222/247/208 227/262/219 223/246/207
f 211/244/205 230/260/218 224/259/216
f 223/246/207 226/263/220 211/244/205
f 215/241/202 232/264/221 209/239/200
f 233/265/222 237/266/223 236/267/224
f 237/266/223 196/213/179 236/267/224
f 231/268/225 236/269/224 235/270/226
f 235/270/226 196/221/179 234/271/227
f 234/271/227 195/224/187 232/264/221
f 231/268/225 213/254/213 208/255/214
f 213/254/213 234/271/227 214/256/215
f 214/256/215 232/264/221 215/241/202
f 231/268/225 239/272/228 233/273/222
f 208/255/214 238/274/229 231/268/225
f 238/274/229 225/258/217 239/272/228
f 239/275/228 225/261/217 230/260/218
f 228/215/181 198/234/195 199/236/197
f 227/262/219 199/236/197 237/266/223
f 233/265/222 230/260/218 226/263/220
f 226/263/220 237/266/223 233/265/222
f 241/276/230 248/277/231 247/278/232
f 242/279/233 250/280/234 248/277/231
f 243/281/235 252/282/236 255/283/237
f 252/282/236 254/284/238 255/283/237
f 251/285/239 253/286/240 254/284/238
f 257/287/241 252/288/236 243/289/235
f 249/290/242 251/291/239 252/288/236
f 245/292/243 257/287/241 240/293/244
f 246/294/245 249/290/242 245/292/243
f 247/278/232 248/277/231 246/294/245
f 240/293/244 257/287/241 256/295/246
f 256/295/246 257/287/241 259/296/247
f 257/287/241 258/297/248 259/296/247
f 258/298/248 264/299/249 259/300/247
f 254/284/238 263/301/250 262/302/251
f 255/283/237 262/302/251 261/303/252
f 243/281/235 264/299/249 258/298/248
f 255/283/237 260/304/253 243/281/235
f 247/278/232 212/242/203 241/276/230
f 266/305/254 269/306/255 222/247/208
f 265/307/256 222/247/208 267/308/257
f 267/308/257 222/247/208 220/309/211
f 265/310/256 245/292/243 240/293/244
f 245/292/243 220/252/211 246/294/245
f 246/294/245 219/243/204 247/278/232
f 265/307/256 270/311/258 266/305/254
f 240/293/244 256/295/246 265/310/256
f 256/312/246 259/300/247 270/311/258
f 270/311/258 259/300/247 264/299/249
f 262/302/251 229/217/183 268/216/182
f 269/306/255 262/302/251 268/216/182
f 266/305/254 264/299/249 260/304/253
f 260/304/253 269/306/255 266/305/254
f 277/313/259 305/314/260 307/315/261
f 294/316/262 290/317/263 295/318/264
f 295/318/264 279/319/265 298/320/266
f 294/316/262 244/321/267 296/322/268
f 296/322/268 273/323/269 297/324/270
f 271/325/271 281/326/272 282/327/273
f 303/328/274 279/329/265 291/330/275
f 271/325/271 282/327/273 309/331/276
f 300/332/277 253/286/240 301/333/278
f 289/334/279 293/335/280 253/286/240
f 277/336/259 282/327/273 290/337/263
f 278/338/281 309/331/276 308/339/282
f 253/286/240 283/340/283 263/301/250
f 281/326/272 286/341/284 282/327/273
f 272/342/285 285/343/286 281/326/272
f 174/344/287 305/314/260 276/345/288
f 299/346/289 276/345/288 297/324/270
f 301/333/278 282/327/273 300/332/277
f 301/333/278 291/330/275 290/337/263
f 292/347/290 298/320/266 280/348/291
f 279/329/265 304/349/292 280/350/291
f 293/335/280 292/351/290 280/350/291
f 250/280/234 294/316/262 289/352/279
f 288/353/293 365/354/294 297/324/270
f 275/355/295 297/324/270 276/345/288
f 277/313/259 296/322/268 275/355/295
f 289/352/279 295/318/264 292/347/290
f 293/335/280 303/328/274 301/333/278
f 282/327/273 302/356/296 300/332/277
f 293/335/280 304/349/292 303/328/274
f 280/350/291 304/349/292 293/335/280
f 280/348/291 298/320/266 279/319/265
f 307/315/261 272/357/285 271/358/271
f 306/359/297 274/360/298 278/361/281
f 278/361/281 307/315/261 306/359/297
f 308/339/282 282/327/273 277/336/259
f 274/362/298 309/331/276 278/338/281
f 306/359/297 271/358/271 274/360/298
f 250/363/234 289/334/279 253/286/240
f 263/301/250 283/340/283 229/217/183
f 283/340/283 300/332/277 302/356/296
f 185/364/299 315/365/300 188/366/301
f 242/279/233 312/367/302 313/368/303
f 244/321/267 313/368/303 273/323/269
f 232/264/221 325/369/304 209/239/200
f 209/239/200 311/370/305 212/242/203
f 241/276/230 311/370/305 312/367/302
f 188/366/301 310/371/306 232/264/221
f 312/367/302 318/372/307 313/368/303
f 311/370/305 325/369/304 316/373/308
f 311/370/305 317/374/309 312/367/302
f 314/375/310 334/376/311 315/365/300
f 333/377/312 335/378/313 334/376/311
f 315/365/300 336/379/314 310/371/306
f 334/376/311 336/379/314 315/365/300
f 334/376/311 335/378/313 324/380/315
f 333/377/312 322/381/316 335/378/313
f 336/379/314 324/380/315 325/369/304
f 336/379/314 325/369/304 310/371/306
f 337/382/317 317/374/309 316/373/308
f 338/383/318 340/384/319 339/385/320
f 339/385/320 318/372/307 317/374/309
f 339/385/320 342/386/321 341/387/322
f 339/385/320 343/388/323 342/386/321
f 342/386/321 344/389/324 341/387/322
f 343/388/323 344/389/324 342/386/321
f 344/389/324 345/390/325 299/346/289
f 325/369/304 324/380/315 337/382/317
f 326/391/326 327/392/327 338/383/318
f 338/383/318 327/392/327 340/384/319
f 340/384/319 328/393/328 343/388/323
f 343/388/323 329/394/329 345/390/325
f 276/345/288 319/395/330 330/396/331
f 346/397/332 347/398/333 177/399/334
f 347/398/333 178/400/335 177/399/334
f 174/344/287 330/396/331 175/207/173
f 330/396/331 319/395/330 175/207/173
f 346/397/332 332/401/336 347/398/333
f 323/402/337 351/403/338 350/404/339
f 349/405/340 351/403/338 348/406/341
f 524/407/342 352/408/343 351/403/338
f 352/408/343 354/409/344 353/410/345
f 524/407/342 354/409/344 352/408/343
f 354/409/344 357/411/346 353/410/345
f 355/412/347 358/413/348 354/409/344
f 357/411/346 331/414/349 356/415/350
f 358/413/348 331/414/349 357/411/346
f 320/416/351 323/402/337 326/391/326
f 321/417/352 348/406/341 322/381/316
f 532/418/353 332/401/336 358/413/348
f 331/414/349 319/395/330 329/394/329
f 356/415/350 329/394/329 328/393/328
f 327/392/327 353/410/345 328/393/328
f 326/391/326 350/404/339 327/392/327
f 288/353/293 364/419/354 365/354/294
f 365/354/294 344/389/324 299/346/289
f 276/345/288 305/314/260 275/355/295
f 362/420/172 359/421/355 182/422/356
f 174/344/287 272/357/285 305/314/260
f 183/423/357 361/424/358 362/420/172
f 176/425/359 362/206/172 182/426/356
f 177/399/334 362/206/172 176/425/359
f 178/400/335 360/204/170 177/399/334
f 181/427/174 174/428/287 180/429/175
f 174/344/287 175/207/173 180/209/175
f 364/419/354 318/372/307 341/387/322
f 288/353/293 313/368/303 363/430/360
f 297/324/270 273/323/269 288/353/293
f 363/430/360 364/419/354 288/353/293
f 363/430/360 313/368/303 318/372/307
f 365/354/294 341/387/322 344/389/324
f 273/323/269 313/368/303 288/353/293
f 371/431/361 360/204/170 533/432/362
f 370/205/363 533/432/362 534/433/364
f 367/207/365 535/434/366 368/425/367
f 370/205/363 183/435/357 371/431/361
f 192/227/190 375/366/368 185/364/299
f 376/211/369 381/210/370 374/212/371
f 384/214/372 380/213/373 381/210/370
f 446/216/374 407/215/375 408/217/376
f 374/219/371 378/218/377 385/436/378
f 378/218/377 380/221/373 377/223/379
f 377/223/379 379/224/380 375/366/368
f 385/436/378 190/225/188 184/226/189
f 190/225/188 377/223/379 191/228/191
f 377/223/379 192/227/190 191/228/191
f 385/436/378 386/229/381 374/219/371
f 374/212/371 386/231/381 376/211/369
f 385/436/378 201/230/193 386/229/381
f 386/231/381 201/233/193 207/232/194
f 205/235/196 382/234/382 383/236/383
f 204/237/198 383/236/383 384/214/372
f 376/211/369 207/232/194 203/238/199
f 203/238/199 384/214/372 376/211/369
f 395/240/384 388/239/385 394/241/386
f 398/243/387 391/242/388 395/240/384
f 390/244/389 402/246/390 400/245/391
f 400/245/391 401/247/392 399/309/393
f 389/248/394 400/249/391 397/251/395
f 397/251/395 399/252/393 396/253/396
f 396/253/396 398/243/387 395/240/384
f 389/248/394 392/254/397 387/255/398
f 392/254/397 396/253/396 393/256/399
f 393/256/399 395/240/384 394/241/386
f 389/248/394 403/257/400 390/250/389
f 387/255/398 404/258/401 389/248/394
f 403/259/400 404/261/401 409/260/402
f 406/262/403 401/247/392 402/246/390
f 390/244/389 409/260/402 405/263/404
f 405/263/404 402/246/390 390/244/389
f 412/265/405 415/267/406 416/266/407
f 380/213/373 416/266/407 415/267/406
f 410/268/408 415/269/406 412/273/405
f 414/270/409 380/221/373 415/269/406
f 413/271/410 379/224/380 380/221/373
f 392/254/397 410/268/408 387/255/398
f 392/254/397 413/271/410 414/270/409
f 393/256/399 411/437/411 413/271/410
f 410/268/408 418/272/412 417/274/413
f 387/255/398 417/274/413 404/258/401
f 417/274/413 418/272/412 404/258/401
f 418/275/412 409/260/402 404/261/401
f 382/234/382 407/215/375 383/236/383
f 383/236/383 406/262/403 416/266/407
f 412/265/405 409/260/402 418/275/412
f 416/266/407 405/263/404 412/265/405
f 428/277/414 420/276/415 427/278/416
f 430/280/417 422/279/418 428/277/414
f 423/281/419 435/283/420 432/282/421
f 432/282/421 434/284/422 431/285/423
f 431/285/423 433/286/424 430/363/417
f 421/438/425 432/288/421 429/290/426
f 429/290/426 431/291/423 428/277/414
f 421/438/425 425/292/427 419/293/428
f 429/290/426 426/294/429 425/292/427
f 428/277/414 427/278/416 426/294/429
f 421/438/425 437/297/430 423/289/419
f 419/293/428 436/439/431 421/438/425
f 436/439/431 438/296/432 437/297/430
f 437/298/430 438/300/432 443/299/433
f 434/284/422 442/301/434 433/286/424
f 435/283/420 441/302/435 434/284/422
f 423/281/419 443/299/433 439/304/436
f 439/304/436 435/283/420 423/281/419
f 427/278/416 391/242/388 398/243/387
f 444/305/437 401/247/392 447/306/438
f 448/440/439 401/247/392 444/305/437
f 425/292/427 448/441/439 419/293/428
f 425/292/427 399/252/393 445/442/440
f 426/294/429 398/243/387 399/252/393
f 419/293/428 448/441/439 436/439/431
f 436/439/431 448/441/439 438/296/432
f 448/440/439 449/311/441 438/300/432
f 449/311/441 443/299/433 438/300/432
f 408/217/376 441/302/435 446/216/374
f 447/306/438 441/302/435 440/303/442
f 444/305/437 443/299/433 449/311/441
f 447/306/438 439/304/436 444/305/437
f 484/314/443 456/313/444 486/315/445
f 473/443/446 469/317/447 456/313/444
f 474/444/448 458/445/449 470/446/450
f 424/321/451 473/443/446 475/322/452
f 452/323/453 475/322/452 476/447/454
f 450/325/455 460/326/456 451/342/457
f 482/328/458 458/448/449 483/349/459
f 461/327/460 450/325/455 488/331/461
f 479/332/462 433/286/424 466/449/463
f 468/334/464 472/335/465 471/450/466
f 488/331/461 457/338/467 487/339/468
f 462/340/469 433/286/424 442/301/434
f 460/326/456 465/341/470 463/451/471
f 451/342/457 460/326/456 464/343/472
f 366/344/473 455/345/474 484/314/443
f 461/327/460 480/333/475 479/332/462
f 480/333/475 470/330/450 482/328/458
f 474/444/448 470/446/450 469/317/447
f 471/452/466 459/348/476 477/320/477
f 458/448/449 459/350/476 483/349/459
f 472/335/465 459/350/476 471/450/466
f 467/353/478 476/447/454 538/453/479
f 476/447/454 454/355/480 455/345/474
f 475/322/452 456/313/444 454/355/480
f 471/452/466 477/320/477 474/444/448
f 468/352/464 474/444/448 473/443/446
f 461/327/460 481/356/481 465/341/470
f 433/286/424 480/333/475 472/335/465
f 459/350/476 472/335/465 483/349/459
f 459/348/476 458/445/449 477/320/477
f 487/454/468 486/315/445 456/313/444
f 451/357/457 486/315/445 450/358/455
f 485/359/482 457/361/467 453/360/483
f 457/361/467 486/315/445 487/454/468
f 461/327/460 487/339/468 456/336/444
f 488/331/461 453/362/483 457/338/467
f 485/359/482 450/358/455 486/315/445
f 430/363/417 433/286/424 468/334/464
f 442/301/434 408/217/376 462/340/469
f 479/332/462 462/340/469 481/356/481
f 493/455/484 185/364/299 375/366/368
f 422/279/418 491/367/485 420/276/415
f 424/321/451 492/456/486 422/279/418
f 501/457/487 411/437/411 388/239/385
f 490/370/488 388/239/385 391/242/388
f 420/276/415 490/370/488 391/242/388
f 489/371/489 375/366/368 411/437/411
f 496/372/490 491/367/485 492/456/486
f 495/374/491 490/370/488 491/367/485
f 314/375/310 508/458/492 333/377/312
f 510/379/493 508/458/492 493/455/484
f 509/378/494 498/416/495 499/459/496
f 500/380/497 498/416/495 509/378/494
f 501/457/487 510/379/493 489/371/489
f 511/460/498 512/383/499 500/380/497
f 500/380/497 512/383/499 502/461/500
f 495/374/491 511/460/498 494/462/501
f 511/460/498 513/463/502 512/383/499
f 496/372/490 513/463/502 495/374/491
f 513/463/502 517/464/503 514/384/504
f 518/465/505 516/386/506 515/387/507
f 518/465/505 517/464/503 516/386/506
f 518/465/505 519/466/508 517/464/503
f 478/346/509 455/345/474 519/466/508
f 514/384/504 504/393/510 503/392/511
f 517/464/503 505/467/512 504/393/510
f 519/466/508 497/468/513 505/467/512
f 455/345/474 497/468/513 519/466/508
f 367/207/365 520/469/514 497/468/513
f 368/425/367 369/399/515 520/469/514
f 178/400/335 521/470/516 369/399/515
f 366/344/473 367/207/365 506/471/517
f 347/398/333 507/472/518 521/470/516
f 499/459/496 523/473/519 522/474/520
f 524/407/342 349/405/340 522/474/520
f 525/475/521 524/407/342 523/473/519
f 523/473/519 526/410/522 525/475/521
f 527/476/523 524/407/342 525/475/521
f 529/411/524 527/476/523 526/410/522
f 530/477/525 355/412/347 527/476/523
f 531/478/526 529/411/524 528/479/527
f 531/478/526 530/477/525 529/411/524
f 498/416/495 502/461/500 499/459/496
f 499/459/496 522/474/520 321/417/352
f 507/472/518 532/418/353 531/478/526
f 497/468/513 531/478/526 505/467/512
f 505/467/512 528/479/527 504/393/510
f 503/392/511 526/410/522 523/473/519
f 502/461/500 523/473/519 499/459/496
f 467/353/478 538/453/479 537/419/528
f 518/465/505 538/453/479 478/346/509
f 455/345/474 454/355/480 484/314/443
f 534/480/364 373/481/529 361/424/358
f 535/482/366 366/428/473 373/483/529
f 366/344/473 451/357/457 464/484/472
f 370/485/363 361/424/358 183/423/357
f 534/433/364 369/399/515 368/425/367
f 533/432/362 178/400/335 369/399/515
f 366/428/473 535/482/366 372/429/530
f 366/344/473 372/209/530 367/207/365
f 455/345/474 366/344/473 506/471/517
f 496/372/490 537/419/528 515/387/507
f 467/353/478 536/430/531 492/456/486
f 476/447/454 467/353/478 452/323/453
f 536/430/531 467/353/478 537/419/528
f 538/453/479 515/387/507 537/419/528
f 452/323/453 467/353/478 492/456/486
f 556/486/532 541/487/533 550/488/534
f 549/489/535 551/490/536 558/491/537
f 605/492/538 547/493/539 551/490/536
f 554/494/540 545/495/541 575/496/542
f 541/487/533 558/491/537 550/488/534
f 872/497/543 579/498/544 576/499/545
f 550/500/534 875/501/546 872/497/543
f 555/502/547 582/503/548 577/504/549
f 873/505/550 575/506/542 876/507/551
f 875/508/546 552/509/552 579/510/544
f 558/511/537 551/512/536 875/508/546
f 872/497/543 576/499/545 557/513/553
f 874/514/554 550/500/534 872/497/543
f 580/515/555 564/516/556 581/517/557
f 559/518/558 564/516/556 560/519/559
f 546/520/560 827/521/561 627/522/562
f 581/517/557 566/523/563 693/524/564
f 562/525/565 567/526/566 539/527/567
f 548/528/568 567/526/566 570/529/569
f 564/530/570 573/531/571 566/532/572
f 546/533/573 568/534/574 569/535/575
f 566/532/572 571/536/576 562/525/565
f 540/537/577 570/529/569 568/534/574
f 565/538/578 688/539/579 564/540/570
f 827/541/580 569/535/575 572/542/581
f 565/543/582 542/544/583 627/522/562
f 562/545/584 563/546/585 566/523/563
f 693/524/564 580/515/555 581/517/557
f 578/547/586 540/548/587 546/520/560
f 579/510/544 539/549/588 548/550/589
f 552/509/552 562/545/584 539/549/588
f 577/504/549 627/522/562 542/544/583
f 540/548/587 576/499/545 548/551/589
f 578/547/586 557/513/553 576/499/545
f 613/552/590 614/553/591 592/554/592
f 547/493/539 605/492/538 595/555/593
f 604/556/594 596/557/595 595/555/593
f 601/558/596 604/556/594 605/492/538
f 600/559/597 603/560/598 604/556/594
f 541/487/533 601/558/596 549/489/535
f 594/561/599 600/559/597 601/558/596
f 593/562/600 599/563/601 600/559/597
f 598/564/602 595/555/593 597/565/603
f 625/566/604 594/561/599 541/487/533
f 624/567/605 593/562/600 594/561/599
f 624/567/605 592/568/592 593/562/600
f 543/569/606 591/570/607 545/495/541
f 587/571/608 588/572/609 591/570/607
f 586/573/610 585/574/611 609/575/612
f 586/573/610 607/576/613 584/577/614
f 626/578/615 586/573/610 609/575/612
f 611/579/616 99/580/101 610/581/617
f 611/579/616 97/582/104 96/583/102
f 609/584/612 92/585/618 97/582/104
f 610/581/617 88/586/97 608/587/619
f 607/576/613 618/588/620 617/589/621
f 584/577/614 617/589/621 613/590/590
f 592/554/592 615/591/622 599/592/601
f 583/593/623 619/594/624 606/595/625
f 602/596/626 615/597/622 616/598/627
f 613/552/590 617/599/621 637/600/628
f 618/601/620 619/602/624 639/603/629
f 611/604/616 626/578/615 609/575/612
f 620/605/630 608/606/619 621/607/631
f 625/566/604 575/496/542 545/495/541
f 624/567/605 591/570/607 628/608/632
f 622/609/633 628/608/632 629/610/634
f 584/577/614 629/610/634 586/573/610
f 625/566/604 591/570/607 623/611/635
f 620/605/630 606/595/625 610/612/617
f 628/608/632 591/570/607 588/572/609
f 628/608/632 588/572/609 589/613/636
f 876/507/551 556/614/532 874/514/554
f 629/610/634 589/613/636 590/615/637
f 574/616/638 578/547/586 582/503/548
f 582/503/548 546/520/560 627/522/562
f 626/578/615 618/588/620 607/576/613
f 606/595/625 611/617/616 610/612/617
f 613/590/590 622/609/633 584/577/614
f 653/618/639 651/619/640 631/620/641
f 652/621/642 634/622/643 633/623/644
f 649/624/645 633/623/644 632/625/646
f 648/626/647 631/620/641 635/627/648
f 648/626/647 634/628/643 656/629/649
f 630/630/650 726/631/651 654/632/652
f 637/600/628 646/633/653 636/634/654
f 641/635/655 647/636/656 616/598/627
f 616/598/627 643/637/657 612/638/658
f 616/598/627 644/639/659 643/637/657
f 619/602/624 643/637/657 640/640/660
f 614/553/591 637/600/628 642/641/661
f 617/599/621 639/603/629 645/642/662
f 645/642/662 638/643/663 646/633/653
f 615/591/622 642/641/661 641/644/655
f 640/640/660 638/643/663 639/603/629
f 655/645/664 654/632/652 658/646/665
f 661/647/666 654/632/652 650/648/667
f 654/632/652 651/619/640 650/648/667
f 659/649/668 653/618/639 648/626/647
f 649/624/645 630/630/650 655/645/664
f 662/650/669 649/624/645 660/651/670
f 656/652/649 652/621/642 662/650/669
f 657/653/671 650/648/667 653/618/639
f 636/634/654 661/647/666 657/653/671
f 641/635/655 662/650/669 647/636/656
f 647/636/656 660/651/670 644/639/659
f 644/639/659 655/645/664 640/640/660
f 642/641/661 657/653/671 659/649/668
f 646/633/653 658/646/665 661/647/666
f 642/641/661 656/629/649 641/644/655
f 638/643/663 655/645/664 658/646/665
f 859/654/672 867/655/673 856/656/674
f 855/657/675 868/658/676 866/659/677
f 692/660/678 668/661/679 672/662/680
f 688/663/579 669/664/681 573/531/571
f 670/665/682 671/666/683 691/667/684
f 691/667/684 667/668/685 689/669/686
f 688/539/579 690/670/687 678/671/688
f 687/672/689 667/668/685 668/661/679
f 568/534/574 689/669/686 687/672/689
f 672/662/680 676/673/690 675/674/691
f 685/675/692 678/676/688 674/677/693
f 671/666/683 673/678/694 667/668/685
f 685/675/692 677/679/695 684/680/696
f 567/526/566 689/669/686 570/529/569
f 675/674/691 917/681/697 683/682/698
f 686/683/699 683/682/698 681/684/700
f 674/677/693 919/685/701 680/686/702
f 677/679/695 682/687/703 671/666/683
f 671/666/683 679/688/704 673/678/694
f 678/671/688 681/684/700 919/689/701
f 674/677/693 918/690/705 677/679/695
f 673/678/694 917/681/697 676/673/690
f 669/664/681 684/680/696 670/665/682
f 669/664/681 678/676/688 685/675/692
f 690/670/687 672/662/680 686/683/699
f 573/531/571 670/665/682 571/536/576
f 667/668/685 676/673/690 668/661/679
f 671/666/683 670/665/682 684/680/696
f 677/679/695 671/666/683 684/680/696
f 686/683/699 672/662/680 675/674/691
f 676/673/690 667/668/685 673/678/694
f 571/536/576 691/667/684 567/526/566
f 572/542/581 692/660/678 690/670/687
f 569/535/575 687/672/689 692/660/678
f 693/524/564 566/523/563 563/546/585
f 698/691/706 697/692/707 701/693/708
f 699/694/709 695/695/710 694/696/710
f 698/691/706 700/697/711 699/694/709
f 704/698/712 705/699/713 722/700/714
f 703/701/715 713/702/716 711/703/717
f 707/704/718 702/705/719 712/706/720
f 699/707/721 702/705/719 707/704/718
f 700/708/722 703/701/715 695/709/723
f 696/710/724 705/699/713 704/698/712
f 695/709/723 702/705/719 694/711/725
f 700/708/722 709/712/726 708/713/727
f 698/714/728 706/715/729 705/699/713
f 697/716/730 723/717/731 701/718/732
f 699/707/721 706/715/729 698/714/728
f 696/710/724 721/719/733 697/720/730
f 710/721/734 716/722/735 715/723/736
f 714/724/737 719/725/738 712/706/720
f 703/701/715 710/721/734 702/705/719
f 709/712/726 713/702/716 708/713/727
f 715/723/736 714/724/737 712/706/720
f 718/726/739 716/722/735 713/702/716
f 664/727/740 720/728/741 861/729/742
f 716/722/735 714/724/737 715/723/736
f 713/702/716 716/722/735 711/703/717
f 712/706/720 710/721/734 715/723/736
f 706/715/729 712/706/720 719/725/738
f 719/725/738 717/730/743 665/731/744
f 720/728/741 718/726/739 713/702/716
f 709/712/726 861/729/742 720/728/741
f 722/700/714 862/732/745 721/719/733
f 705/699/713 665/731/744 666/733/746
f 721/734/733 663/735/747 723/717/731
f 723/717/731 861/729/742 709/712/726
f 712/706/720 702/705/719 710/721/734
f 713/702/716 703/701/715 708/713/727
f 553/736/748 547/493/539 598/564/602
f 598/564/602 547/493/539 595/555/593
f 597/565/603 595/555/593 596/557/595
f 797/737/749 799/738/750 783/739/751
f 783/740/751 798/741/752 732/742/753
f 734/743/754 745/744/755 797/737/749
f 782/745/756 741/746/757 725/747/758
f 727/748/759 741/746/757 782/745/756
f 799/738/750 745/744/755 807/749/760
f 797/737/749 745/744/755 799/738/750
f 729/750/761 798/741/752 728/751/762
f 724/752/763 745/744/755 733/753/764
f 729/750/761 741/746/757 727/748/759
f 740/754/765 726/755/651 738/756/766
f 746/757/767 742/758/768 824/759/769
f 744/760/770 739/761/771 634/762/643
f 728/751/762 736/763/772 726/755/651
f 730/764/773 631/765/641 733/753/764
f 735/766/774 744/760/770 734/743/754
f 770/767/775 742/768/768 746/769/767
f 735/766/774 746/769/767 747/770/776
f 747/771/776 746/757/767 751/772/777
f 745/744/755 744/760/770 730/764/773
f 811/773/778 733/774/764 743/775/779
f 733/774/764 736/763/772 743/775/779
f 741/746/757 742/776/768 779/777/780
f 741/746/757 740/754/765 742/776/768
f 728/751/762 740/754/765 741/746/757
f 740/778/765 748/779/781 749/780/782
f 731/781/783 748/779/781 737/782/784
f 739/783/771 826/784/785 731/785/783
f 740/778/765 824/786/769 742/787/768
f 738/756/766 726/755/651 630/788/650
f 632/789/646 731/781/783 737/782/784
f 738/756/766 632/790/646 737/791/784
f 736/763/772 631/792/641 651/793/640
f 634/762/643 635/794/648 730/764/773
f 731/785/783 633/795/644 739/783/771
f 766/796/786 755/797/787 762/798/788
f 755/797/787 763/799/789 762/798/788
f 756/800/790 759/801/791 766/796/786
f 757/802/792 765/803/793 761/804/794
f 757/802/792 760/805/795 758/806/796
f 759/801/791 756/800/790 760/807/795
f 760/807/795 763/799/789 755/797/787
f 757/802/792 763/808/789 760/805/795
f 760/805/795 756/809/790 758/806/796
f 763/808/789 761/804/794 752/810/797
f 765/803/793 756/809/790 764/811/798
f 767/812/799 765/803/793 754/813/800
f 752/810/797 761/804/794 767/812/799
f 765/803/793 764/811/798 754/813/800
f 753/814/801 762/798/788 768/815/802
f 773/816/803 775/817/804 774/818/805
f 771/819/806 773/816/803 780/820/807
f 772/821/808 777/822/809 776/823/810
f 772/821/808 773/824/803 777/822/809
f 772/821/808 778/825/811 775/826/804
f 773/824/803 771/827/806 777/822/809
f 778/825/811 776/823/810 769/828/812
f 770/767/775 771/827/806 779/829/780
f 776/823/810 770/767/775 781/830/813
f 769/828/812 776/823/810 781/830/813
f 725/747/758 774/818/805 782/745/756
f 786/831/814 790/832/815 796/833/816
f 790/832/815 793/834/817 792/835/818
f 791/836/819 789/837/820 795/838/821
f 788/839/822 786/840/814 789/837/820
f 788/839/822 793/841/817 790/842/815
f 786/840/814 787/843/823 789/837/820
f 793/841/817 791/836/819 783/739/751
f 795/838/821 787/843/823 794/844/824
f 791/836/819 785/845/825 797/737/749
f 783/739/751 791/836/819 797/737/749
f 795/838/821 794/844/824 785/845/825
f 784/846/826 792/835/818 732/742/753
f 800/847/827 804/848/828 810/849/829
f 804/848/828 806/850/830 805/851/831
f 802/852/832 803/853/833 809/854/834
f 802/852/832 800/855/827 803/853/833
f 802/852/832 806/856/830 804/857/828
f 800/855/827 801/858/835 803/853/833
f 806/856/830 807/749/760 724/752/763
f 809/854/834 801/858/835 808/859/836
f 807/749/760 809/854/834 799/738/750
f 809/854/834 808/859/836 799/738/750
f 810/849/829 811/773/778 798/741/752
f 823/860/837 812/861/838 821/862/839
f 822/863/840 813/864/841 820/865/842
f 817/866/843 819/867/844 750/868/845
f 812/869/838 750/868/845 821/870/839
f 820/865/842 816/871/846 823/860/837
f 814/872/847 822/873/840 819/867/844
f 816/871/846 818/874/848 812/861/838
f 816/871/846 813/864/841 818/874/848
f 818/875/848 817/866/843 812/869/838
f 814/872/847 817/866/843 818/875/848
f 818/874/848 813/864/841 815/876/849
f 769/828/812 735/766/774 727/877/759
f 781/830/813 770/767/775 735/766/774
f 752/878/797 729/750/761 768/815/802
f 752/810/797 734/743/754 729/879/761
f 767/812/799 735/766/774 734/743/754
f 764/811/798 735/766/774 754/813/800
f 753/814/801 729/750/761 727/748/759
f 794/844/824 734/743/754 785/845/825
f 784/846/826 732/742/753 729/750/761
f 808/880/836 798/741/752 799/881/750
f 824/786/769 823/860/837 821/862/839
f 750/868/845 824/759/769 821/870/839
f 826/784/785 751/772/777 750/868/845
f 749/780/782 820/865/842 823/860/837
f 826/784/785 825/882/850 731/785/783
f 825/883/850 748/779/781 731/781/783
f 822/873/840 826/784/785 819/867/844
f 751/772/777 746/757/767 824/759/769
f 548/551/589 576/499/545 579/498/544
f 565/884/851 844/885/852 837/886/853
f 548/887/854 833/888/855 843/889/856
f 539/890/857 836/891/858 841/892/859
f 564/893/860 830/894/861 832/895/862
f 827/896/863 839/897/864 840/898/865
f 546/899/866 838/891/867 828/900/868
f 540/901/869 834/888/870 842/902/871
f 562/903/872 835/897/873 829/904/874
f 839/897/864 828/900/868 853/905/875
f 832/895/862 831/906/876 566/907/877
f 566/907/877 564/893/860 832/895/862
f 565/884/851 827/896/863 840/898/865
f 839/897/864 546/899/866 828/900/868
f 837/908/853 830/894/861 564/893/860
f 564/909/860 565/884/851 837/886/853
f 838/891/867 546/899/866 540/901/869
f 540/901/869 842/902/871 838/891/867
f 833/888/855 548/887/854 539/890/857
f 539/890/857 841/892/859 833/888/855
f 834/888/870 540/901/869 548/887/854
f 548/887/854 843/889/856 834/888/870
f 836/891/858 539/890/857 562/903/872
f 562/903/872 829/904/874 836/891/858
f 835/897/873 566/907/877 831/906/876
f 566/907/877 835/897/873 562/903/872
f 546/899/866 839/897/864 827/896/863
f 840/898/865 844/885/852 565/884/851
f 832/895/862 830/894/861 845/910/878
f 836/891/858 829/904/874 849/911/879
f 835/897/873 831/906/876 848/912/880
f 838/891/867 842/902/871 851/913/881
f 833/888/855 841/892/859 846/914/882
f 839/897/864 852/915/883 840/898/865
f 834/888/870 843/889/856 847/914/884
f 840/898/865 852/915/883 854/916/885
f 837/886/853 844/885/852 850/917/886
f 683/682/698 858/918/887 857/919/888
f 681/684/700 857/919/888 855/920/889
f 680/686/702 860/921/890 865/922/891
f 918/690/705 856/923/674 682/687/703
f 682/687/703 864/924/892 679/688/704
f 919/689/701 855/920/889 860/925/890
f 680/686/702 859/926/672 918/690/705
f 679/688/704 858/918/887 917/681/697
f 869/927/893 663/928/747 862/929/745
f 870/930/894 863/931/895 664/932/740
f 871/933/896 666/934/746 665/935/744
f 867/655/673 663/928/747 864/936/892
f 870/930/894 861/937/742 867/655/673
f 865/938/891 665/935/744 863/931/895
f 866/659/677 722/939/714 666/940/746
f 868/658/676 862/929/745 722/939/714
f 860/941/897 866/942/677 871/933/896
f 717/943/743 664/932/740 863/931/895
f 859/654/672 865/938/891 870/930/894
f 864/936/892 869/927/893 858/944/898
f 857/945/899 869/927/893 868/658/676
f 574/616/638 874/514/554 557/513/553
f 551/512/536 561/946/900 552/509/552
f 555/502/547 876/507/551 574/616/638
f 563/546/585 877/947/901 693/524/564
f 877/947/901 544/948/902 693/524/564
f 826/784/785 747/771/776 751/772/777
f 621/607/631 878/949/903 620/605/630
f 597/565/603 881/950/904 1243/951/905
f 878/949/903 882/952/906 620/605/630
f 885/953/907 878/949/903 879/954/908
f 882/952/906 583/593/623 620/605/630
f 596/557/595 887/955/909 881/950/904
f 887/955/909 880/956/910 881/950/904
f 886/957/911 879/954/908 880/956/910
f 603/560/598 889/958/912 887/955/909
f 889/958/912 885/953/907 886/957/911
f 884/959/913 888/960/914 883/961/915
f 602/962/626 883/961/915 888/960/914
f 599/563/601 888/960/914 889/958/912
f 612/963/658 883/961/915 602/962/626
f 600/559/597 889/958/912 603/560/598
f 887/955/909 889/958/912 886/957/911
f 565/884/916 899/886/917 906/885/918
f 548/887/919 905/889/920 895/888/921
f 539/890/922 903/892/923 898/891/924
f 564/893/925 894/895/926 892/894/927
f 827/896/928 902/898/929 901/897/930
f 546/899/931 890/900/932 900/891/933
f 540/901/934 904/902/935 896/888/936
f 562/903/937 891/904/938 897/897/939
f 894/895/926 566/907/940 893/906/941
f 566/907/940 894/895/926 564/893/925
f 565/884/916 902/898/929 827/896/928
f 901/897/930 890/900/932 546/899/931
f 899/886/917 564/893/925 892/894/927
f 564/909/925 899/886/917 565/884/916
f 900/891/933 540/901/934 546/899/931
f 540/901/934 900/891/933 904/902/935
f 895/888/921 539/890/922 548/887/919
f 539/890/922 895/888/921 903/892/923
f 896/888/936 548/887/919 540/901/934
f 548/887/919 896/888/936 905/889/920
f 898/891/924 562/903/937 539/890/922
f 562/903/937 898/891/924 891/904/938
f 897/897/939 893/906/941 566/907/940
f 566/907/940 562/903/937 897/897/939
f 546/899/931 827/896/928 901/897/930
f 902/898/929 565/884/916 906/885/918
f 914/915/942 901/897/930 902/898/929
f 930/486/943 922/487/944 987/566/945
f 928/490/946 926/489/947 932/491/948
f 924/493/949 969/964/950 928/490/946
f 932/491/948 922/487/944 927/488/951
f 949/498/952 1235/965/953 947/499/954
f 1237/501/955 927/500/951 1235/965/953
f 951/966/956 555/502/547 577/504/549
f 929/967/957 1237/508/955 949/510/952
f 928/512/946 932/511/948 1237/508/955
f 1235/965/953 931/513/958 947/499/954
f 1236/514/959 927/500/951 930/614/943
f 936/516/960 580/515/555 950/517/961
f 559/518/558 936/516/960 937/968/962
f 923/520/963 990/969/964 1190/521/965
f 950/517/961 938/523/966 936/516/960
f 939/526/967 934/525/968 920/527/969
f 925/528/970 939/526/967 920/527/969
f 945/970/971 936/530/972 938/532/973
f 923/533/974 940/534/975 921/537/976
f 943/536/977 938/532/973 934/525/968
f 921/537/976 942/529/978 925/528/970
f 1051/539/979 937/538/980 936/540/972
f 941/535/981 923/533/974 1190/541/982
f 873/505/550 991/971/983 554/972/540
f 542/544/583 937/543/962 990/969/964
f 934/545/984 935/973/985 933/946/986
f 1056/974/987 580/515/555 544/948/902
f 921/548/988 948/547/989 923/520/963
f 920/549/990 949/510/952 925/550/991
f 934/545/984 929/967/957 920/549/990
f 990/969/964 577/504/549 542/544/583
f 921/548/988 925/551/991 947/499/954
f 948/547/989 947/499/954 931/513/958
f 954/975/992 590/615/637 955/976/993
f 977/553/994 976/552/995 958/554/996
f 961/555/997 968/556/998 969/964/950
f 962/557/999 968/556/998 961/555/997
f 969/964/950 965/558/1000 926/489/947
f 968/556/998 965/558/1000 969/964/950
f 967/560/1001 964/977/1002 968/556/998
f 965/558/1000 922/487/944 926/489/947
f 964/977/1002 960/561/1003 965/558/1000
f 963/563/1004 959/562/1005 964/977/1002
f 960/561/1003 987/566/945 922/487/944
f 959/562/1005 986/978/1006 960/561/1003
f 958/568/996 986/978/1006 959/562/1005
f 956/979/1007 587/571/608 957/570/1008
f 956/979/1007 589/613/636 588/572/609
f 971/576/1009 954/975/992 953/577/1010
f 160/580/156 974/579/1011 973/581/1012
f 974/579/1011 158/582/158 972/584/1013
f 972/584/1013 92/585/618 585/980/611
f 88/586/97 973/581/1012 608/587/619
f 981/981/1014 982/594/1015 970/595/1016
f 953/577/1010 980/589/1017 971/576/1009
f 978/591/1018 958/554/996 963/592/1004
f 982/594/1015 952/593/1019 970/595/1016
f 966/596/1020 978/597/1018 963/982/1004
f 980/599/1017 1001/603/1021 981/601/1014
f 974/604/1011 988/578/1022 981/983/1014
f 608/606/619 983/984/1023 621/607/631
f 987/566/945 991/985/983 930/486/943
f 986/978/1006 957/570/1008 985/611/1024
f 984/609/1025 956/979/1007 986/978/1006
f 953/577/1010 955/976/993 984/609/1025
f 957/570/1008 987/566/945 985/611/1024
f 983/984/1023 970/595/1016 952/593/1019
f 1238/986/1026 930/614/943 991/971/983
f 955/976/993 589/613/636 956/979/1007
f 948/547/989 946/987/1027 951/966/956
f 957/570/1008 543/569/606 989/988/1028
f 923/520/963 951/966/956 990/969/964
f 989/988/1028 554/494/540 991/985/983
f 970/595/1016 974/617/1011 981/981/1014
f 976/590/995 984/609/1025 958/568/996
f 1014/989/1029 996/622/1030 1018/990/1031
f 1011/991/1032 995/623/1033 1014/989/1029
f 1010/992/1034 993/620/1035 1015/993/1036
f 996/628/1030 1010/992/1034 1018/994/1031
f 1089/631/1037 992/995/1038 1016/996/1039
f 999/600/1040 1007/642/1041 980/599/1017
f 999/600/1040 1008/633/1042 1007/642/1041
f 1009/636/1043 1003/997/1044 979/598/1045
f 1005/637/1046 979/598/1045 975/998/1047
f 1006/639/1048 979/598/1045 1005/637/1046
f 982/602/1015 1005/637/1046 975/998/1047
f 1004/999/1049 998/634/1050 999/600/1040
f 1007/642/1041 1000/643/1051 1001/603/1021
f 978/591/1018 1004/999/1049 977/553/994
f 1000/643/1051 1002/1000/1052 1001/603/1021
f 1016/996/1039 1017/1001/1053 1020/1002/1054
f 1018/994/1031 1010/992/1034 1021/1003/1055
f 1023/1004/1056 1016/996/1039 1020/1002/1054
f 1013/1005/1057 1016/996/1039 1012/648/1058
f 1021/1003/1055 1015/993/1036 1019/1006/1059
f 992/995/1038 1011/991/1032 1017/1001/1053
f 1011/991/1032 1024/1007/1060 1022/1008/1061
f 1014/989/1029 1018/990/1031 1024/1007/1060
f 1019/1006/1059 1012/648/1058 1023/1004/1056
f 998/634/1050 1023/1004/1056 1008/633/1042
f 1024/1007/1060 1003/997/1044 1009/636/1043
f 1022/1008/1061 1009/636/1043 1006/639/1048
f 1017/1001/1053 1006/639/1048 1002/1000/1052
f 1004/999/1049 1019/1006/1059 998/634/1050
f 1008/633/1042 1020/1002/1054 1000/643/1051
f 1018/994/1031 1004/999/1049 1003/644/1044
f 1000/643/1051 1017/1001/1053 1002/1000/1052
f 1230/655/1062 1222/654/1063 1219/656/1064
f 1228/938/1065 1234/933/1066 1223/941/1067
f 1218/657/1068 1231/658/1069 1220/945/1070
f 1055/660/1071 1030/661/1072 1050/672/1073
f 1053/670/1074 1034/662/1075 1055/660/1071
f 1031/664/1076 1051/1009/979 945/970/971
f 1033/666/1077 1046/1010/1078 1054/667/1079
f 1029/668/1080 1054/667/1079 1052/669/1081
f 1032/1011/1082 945/970/971 1046/1010/1078
f 1050/672/1073 1029/668/1080 1052/669/1081
f 940/534/975 1052/669/1081 942/529/978
f 1034/662/1075 1038/673/1083 1030/661/1072
f 1048/675/1084 1036/677/1085 1040/676/1086
f 1035/678/1087 1033/666/1077 1029/668/1080
f 1039/679/1088 1048/675/1084 1047/680/1089
f 1052/669/1081 939/526/967 942/529/978
f 1037/674/1090 1279/681/1091 1038/673/1083
f 1049/1012/1092 1045/682/1093 1037/674/1090
f 1036/677/1085 1281/685/1094 1040/676/1086
f 1044/1013/1095 1039/679/1088 1033/666/1077
f 1041/688/1096 1033/666/1077 1035/678/1087
f 1040/671/1086 1043/684/1097 1049/1012/1092
f 1280/690/1098 1036/677/1085 1039/679/1088
f 1279/681/1091 1035/678/1087 1038/673/1083
f 1047/680/1089 1031/664/1076 1032/1011/1082
f 1031/664/1076 1048/675/1084 1040/676/1086
f 1053/670/1074 1049/1012/1092 1034/662/1075
f 1046/1010/1078 945/970/971 943/536/977
f 1029/668/1080 1030/661/1072 1038/673/1083
f 1033/666/1077 1047/680/1089 1032/1011/1082
f 1039/679/1088 1047/680/1089 1033/666/1077
f 1051/539/979 1053/670/1074 944/542/1099
f 1049/1012/1092 1037/674/1090 1034/662/1075
f 1038/673/1083 1035/678/1087 1029/668/1080
f 1054/667/1079 943/536/977 939/526/967
f 944/542/1099 1055/660/1071 941/535/981
f 941/535/981 1050/672/1073 940/534/975
f 1056/974/987 935/973/985 938/523/966
f 1061/691/1100 1060/692/1101 1059/1014/1102
f 1058/695/1103 1062/694/1104 1057/696/1103
f 1063/697/1105 1061/691/1100 1062/694/1104
f 1066/701/1106 1074/703/1107 1076/702/1108
f 1070/704/1109 1075/706/1110 1065/705/1111
f 1084/719/1112 1085/1015/1113 1067/698/1114
f 1062/707/1115 1065/705/1111 1057/711/1116
f 1066/701/1106 1063/708/1117 1058/709/1118
f 1059/710/1102 1068/699/1119 1061/714/1120
f 1065/705/1111 1058/709/1118 1057/711/1116
f 1063/708/1117 1072/712/1121 1064/1016/1122
f 1086/717/1123 1060/716/1101 1064/1016/1122
f 1069/715/1124 1062/707/1115 1061/714/1120
f 1084/719/1112 1059/710/1102 1060/720/1101
f 1073/721/1125 1079/722/1126 1074/703/1107
f 1082/1017/1127 1077/724/1128 1075/706/1110
f 1073/721/1125 1066/701/1106 1065/705/1111
f 1076/702/1108 1072/712/1121 1071/713/1129
f 1068/699/1119 1082/1017/1127 1069/715/1124
f 1078/723/1130 1075/706/1110 1077/724/1128
f 1081/1018/1131 1076/702/1108 1079/722/1126
f 1026/727/1132 1083/728/1133 1081/1018/1131
f 1077/724/1128 1079/722/1126 1078/723/1130
f 1076/702/1108 1074/703/1107 1079/722/1126
f 1075/706/1110 1078/723/1130 1073/721/1125
f 1075/706/1110 1069/715/1124 1082/1017/1127
f 1081/1018/1131 1077/724/1128 1080/730/1134
f 1072/712/1121 1083/728/1133 1224/729/1135
f 1225/732/1136 1085/1015/1113 1084/719/1112
f 1068/699/1119 1027/731/1137 1082/1017/1127
f 1025/735/1138 1084/734/1112 1086/717/1123
f 1224/729/1135 1086/717/1123 1072/712/1121
f 1075/706/1110 1073/721/1125 1065/705/1111
f 1076/702/1108 1071/713/1129 1066/701/1106
f 553/736/748 598/564/602 924/493/949
f 598/564/602 961/555/997 924/493/949
f 597/565/603 962/557/999 961/555/997
f 975/998/1047 979/598/1045 966/596/1020
f 1162/1019/1139 1160/737/1140 1146/1020/1141
f 1161/1021/1142 1146/1022/1141 1094/1023/1143
f 1109/1024/1144 1096/1025/1145 1160/737/1140
f 1104/1026/1146 1145/745/1147 1088/1027/1148
f 1090/1028/1149 1145/745/1147 1104/1026/1146
f 1109/1024/1144 1162/1019/1139 1170/1029/1150
f 1160/737/1140 1162/1019/1139 1109/1024/1144
f 1097/1030/1151 1161/1021/1142 1094/1023/1143
f 1087/1031/1152 1109/1024/1144 1170/1029/1150
f 1104/1026/1146 1092/1032/1153 1090/1028/1149
f 1092/1032/1153 1091/1033/1154 1097/1030/1151
f 1103/1034/1155 1089/755/1037 1091/1033/1154
f 1099/1035/1156 993/1036/1035 1095/1037/1157
f 1110/757/1158 1187/1038/1159 1105/758/1160
f 1107/760/1161 1102/761/1162 1189/1039/1163
f 993/765/1035 1108/1040/1164 1095/1041/1157
f 1091/1033/1154 1106/1042/1165 1161/1021/1142
f 1091/1033/1154 1099/1035/1156 1106/1042/1165
f 1107/760/1161 1098/1043/1166 1096/1025/1145
f 1133/1044/1167 1105/768/1160 1142/1045/1168
f 1098/1043/1166 1110/769/1158 1133/1044/1167
f 1111/771/1169 1115/1046/1170 1110/757/1158
f 1161/1021/1142 1106/1042/1165 1174/1047/1171
f 1099/1035/1156 1095/1037/1157 1106/1042/1165
f 1105/776/1160 1104/1026/1146 1142/1048/1168
f 1103/1034/1155 1104/1026/1146 1105/776/1160
f 1103/1034/1155 1091/1033/1154 1104/1026/1146
f 1103/778/1155 1112/1049/1172 1100/782/1173
f 1187/1050/1159 1103/778/1155 1105/787/1160
f 993/765/1035 997/794/1174 1108/1040/1164
f 1093/1051/1175 994/789/1176 1100/782/1173
f 994/790/1176 1101/756/1177 1100/791/1173
f 996/762/1030 995/1052/1033 1102/761/1162
f 997/794/1174 996/762/1030 1108/1040/1164
f 1093/1053/1175 1102/783/1162 995/795/1033
f 1130/1054/1178 1119/1055/1179 1123/801/1180
f 1129/1056/1181 1120/1057/1182 1122/806/1183
f 1129/1056/1181 1121/802/1184 1125/1058/1185
f 1124/805/1186 1121/802/1184 1122/806/1183
f 1119/1055/1179 1124/807/1186 1123/801/1180
f 1123/801/1180 1124/807/1186 1120/1059/1182
f 1124/807/1186 1119/1055/1179 1126/1060/1187
f 1121/802/1184 1124/805/1186 1126/1061/1187
f 1124/805/1186 1122/806/1183 1120/1057/1182
f 1127/1062/1188 1130/1054/1178 1120/1059/1182
f 1116/1063/1189 1119/1055/1179 1128/1064/1190
f 1125/1058/1185 1126/1061/1187 1116/1065/1189
f 1131/1066/1191 1129/1056/1181 1125/1058/1185
f 1127/811/1188 1129/1056/1181 1118/1067/1192
f 1128/1064/1190 1130/1054/1178 1117/1068/1193
f 1116/1063/1189 1128/1064/1190 1092/1032/1153
f 1137/1069/1194 1141/1070/1195 1138/817/1196
f 1143/1071/1197 1137/1069/1194 1136/816/1198
f 1140/1072/1199 1135/821/1200 1139/1073/1201
f 1136/824/1198 1135/821/1200 1140/1072/1199
f 1135/821/1200 1138/826/1196 1141/1074/1195
f 1136/824/1198 1140/1072/1199 1134/1075/1202
f 1142/1048/1168 1143/1071/1197 1134/1076/1202
f 1139/1073/1201 1141/1074/1195 1132/1077/1203
f 1133/1044/1167 1134/1075/1202 1140/1072/1199
f 1133/1044/1167 1139/1073/1201 1144/830/1204
f 1145/745/1147 1132/1078/1203 1137/1069/1194
f 1088/1027/1148 1137/1069/1194 1143/1071/1197
f 1153/1079/1205 1149/831/1206 1159/1080/1207
f 1158/1081/1208 1150/1082/1209 1152/837/1210
f 1156/834/1211 1153/1079/1205 1155/1083/1212
f 1154/1084/1213 1152/837/1210 1151/1085/1214
f 1149/840/1206 1151/1085/1214 1152/837/1210
f 1151/1085/1214 1153/842/1205 1156/1086/1211
f 1149/840/1206 1152/837/1210 1150/1082/1209
f 1157/1087/1215 1159/1080/1207 1150/1088/1209
f 1154/1084/1213 1156/1086/1211 1146/1020/1141
f 1148/1089/1216 1154/1084/1213 1160/737/1140
f 1157/844/1215 1158/1081/1208 1148/1089/1216
f 1147/1090/1217 1155/1083/1212 1159/1080/1207
f 1094/1023/1143 1146/1022/1141 1155/1083/1212
f 1167/1091/1218 1163/1092/1219 1173/1093/1220
f 1172/1094/1221 1164/858/1222 1166/853/1223
f 1169/1095/1224 1167/1091/1218 1168/1096/1225
f 1163/855/1219 1165/1097/1226 1166/853/1223
f 1165/1097/1226 1167/857/1218 1169/856/1224
f 1163/855/1219 1166/853/1223 1164/858/1222
f 1170/1029/1150 1172/1094/1221 1165/1097/1226
f 1171/1098/1227 1173/1093/1220 1164/1099/1222
f 1170/1029/1150 1169/856/1224 1087/1031/1152
f 1174/1047/1171 1087/1100/1152 1168/1096/1225
f 1171/1101/1227 1172/1094/1221 1162/1019/1139
f 1174/1047/1171 1173/1093/1220 1161/1021/1142
f 1186/1102/1228 1175/1103/1229 1179/871/1230
f 1185/1104/1231 1176/1105/1232 1178/876/1233
f 1182/867/1234 1180/866/1235 1114/1106/1236
f 1114/1106/1236 1175/869/1229 1184/1107/1237
f 1183/1108/1238 1179/871/1230 1176/1105/1232
f 1185/1109/1231 1177/1110/1239 1182/867/1234
f 1178/1111/1233 1181/1112/1240 1177/1110/1239
f 1181/1113/1240 1179/871/1230 1175/1103/1229
f 1179/871/1230 1181/1113/1240 1176/1105/1232
f 1181/1112/1240 1175/869/1229 1180/866/1235
f 1177/1110/1239 1181/1112/1240 1180/866/1235
f 1181/1113/1240 1178/876/1233 1176/1105/1232
f 1132/1077/1203 1098/1043/1166 1144/830/1204
f 1116/1065/1189 1096/1025/1145 1131/1066/1191
f 1131/1066/1191 1098/1043/1166 1118/1067/1192
f 1098/1043/1166 1127/811/1188 1118/1067/1192
f 1127/1062/1188 1090/1028/1149 1117/1068/1193
f 1096/1025/1145 1157/844/1215 1148/1089/1216
f 1157/1087/1215 1097/1030/1151 1147/1090/1217
f 1186/1102/1228 1187/1050/1159 1184/1114/1237
f 1183/1108/1238 1188/1115/1241 1112/1049/1172
f 1183/1108/1238 1113/1116/1242 1186/1102/1228
f 1188/1117/1241 1189/784/1163 1093/1053/1175
f 1114/1106/1236 1187/1038/1159 1115/1046/1170
f 1112/1049/1172 1188/1115/1241 1093/1051/1175
f 1185/1109/1231 1189/784/1163 1188/1117/1241
f 1182/867/1234 1114/1106/1236 1189/784/1163
f 1115/1046/1170 1187/1038/1159 1110/757/1158
f 925/551/991 949/498/952 947/499/954
f 937/884/1243 1200/886/1244 1207/885/1245
f 925/887/1246 1206/889/1247 1196/888/1248
f 920/890/1249 1204/892/1250 1199/891/1251
f 936/893/1252 1195/895/1253 1193/894/1254
f 1190/896/1255 1203/898/1256 1202/897/1257
f 923/899/1258 1191/900/1259 1201/891/1260
f 921/901/1261 1205/902/1262 1197/888/1263
f 934/903/1264 1192/904/1265 1198/897/1266
f 1195/895/1253 938/907/1267 1194/906/1268
f 938/907/1267 1195/895/1253 936/893/1252
f 937/884/1243 1203/898/1256 1190/896/1255
f 1202/897/1257 1191/900/1259 923/899/1258
f 1200/908/1244 936/893/1252 1193/894/1254
f 936/909/1252 1200/886/1244 937/884/1243
f 1201/891/1260 921/901/1261 923/899/1258
f 921/901/1261 1201/891/1260 1205/902/1262
f 1196/888/1248 920/890/1249 925/887/1246
f 920/890/1249 1196/888/1248 1204/892/1250
f 1197/888/1263 925/887/1246 921/901/1261
f 925/887/1246 1197/888/1263 1206/889/1247
f 1199/891/1251 934/903/1264 920/890/1249
f 934/903/1264 1199/891/1251 1192/904/1265
f 1198/897/1266 1194/906/1268 938/907/1267
f 938/907/1267 934/903/1264 1198/897/1266
f 923/899/1258 1190/896/1255 1202/897/1257
f 1203/898/1256 937/884/1243 1207/885/1245
f 1215/915/1269 1202/897/1257 1203/898/1256
f 1045/682/1093 1221/918/1270 1279/681/1091
f 1043/684/1097 1220/919/1271 1045/682/1093
f 1042/686/1272 1223/921/1273 1281/685/1094
f 1219/923/1064 1280/690/1098 1044/1013/1095
f 1227/924/1274 1044/1013/1095 1041/688/1096
f 1281/689/1094 1218/920/1275 1043/684/1097
f 1222/926/1063 1042/686/1272 1280/690/1098
f 1221/918/1270 1041/688/1096 1279/681/1091
f 1232/927/1276 1025/928/1138 1227/1118/1274
f 1233/930/1277 1226/931/1278 1228/938/1065
f 1234/933/1066 1028/934/1279 1229/942/1280
f 1025/928/1138 1230/655/1062 1227/1118/1274
f 1224/1119/1135 1233/930/1277 1230/655/1062
f 1228/938/1065 1027/935/1137 1234/933/1066
f 1229/659/1280 1085/1120/1113 1231/658/1069
f 1231/658/1069 1225/929/1136 1232/927/1276
f 1223/941/1067 1229/942/1280 1218/1121/1068
f 1232/927/1276 1227/1118/1274 1221/944/1281
f 1220/945/1070 1232/927/1276 1221/944/1281
f 946/987/1027 1236/514/959 1238/986/1026
f 931/513/958 1235/965/953 1236/514/959
f 933/946/986 928/512/946 929/967/957
f 935/973/985 1056/974/987 1239/1122/1282
f 1239/1122/1282 544/948/902 553/1123/748
f 1189/784/1163 1115/1046/1170 1111/771/1169
f 1240/1124/1283 621/607/631 983/984/1023
f 1241/1125/1284 880/956/910 879/954/908
f 1243/951/905 880/956/910 1242/1126/1285
f 597/565/603 1243/951/905 962/557/999
f 1244/952/1286 1240/1124/1283 983/984/1023
f 1247/953/1287 1240/1124/1283 1246/959/1288
f 1244/952/1286 952/593/1019 1245/1127/1289
f 1244/952/1286 1245/1127/1289 1246/959/1288
f 962/557/999 1249/955/1290 967/560/1001
f 1242/1126/1285 1249/955/1290 1243/951/905
f 1241/1125/1284 1248/957/1291 1242/1126/1285
f 967/560/1001 1249/955/1290 1251/958/1292
f 1247/953/1287 1251/958/1292 1248/957/1291
f 1250/960/1293 1246/959/1288 1245/1127/1289
f 1245/1127/1289 966/962/1020 1250/960/1293
f 963/563/1004 1250/960/1293 966/962/1020
f 1245/1127/1289 975/963/1047 966/962/1020
f 964/977/1002 1251/958/1292 963/563/1004
f 1249/955/1290 1248/957/1291 1251/958/1292
f 937/884/1294 1268/885/1295 1261/886/1296
f 925/887/1297 1257/888/1298 1267/889/1299
f 920/890/1300 1260/891/1301 1265/892/1302
f 936/893/1303 1254/894/1304 1256/895/1305
f 1190/896/1306 1263/897/1307 1264/898/1308
f 923/899/1309 1262/891/1310 1252/900/1311
f 921/901/1312 1258/888/1313 1266/902/1314
f 934/903/1315 1259/897/1316 1253/904/1317
f 1263/897/1307 1252/900/1311 1277/905/1318
f 1256/895/1305 1255/906/1319 938/907/1320
f 938/907/1320 936/893/1303 1256/895/1305
f 937/884/1294 1190/896/1306 1264/898/1308
f 1263/897/1307 923/899/1309 1252/900/1311
f 1261/886/1296 1254/894/1304 936/893/1303
f 936/909/1303 937/884/1294 1261/886/1296
f 1262/891/1310 923/899/1309 921/901/1312
f 921/901/1312 1266/902/1314 1262/891/1310
f 1257/888/1298 925/887/1297 920/890/1300
f 920/890/1300 1265/892/1302 1257/888/1298
f 1258/888/1313 921/901/1312 925/887/1297
f 925/887/1297 1267/889/1299 1258/888/1313
f 1260/891/1301 920/890/1300 934/903/1315
f 934/903/1315 1253/904/1317 1260/891/1301
f 1259/897/1316 938/907/1320 1255/906/1319
f 938/907/1320 1259/897/1316 934/903/1315
f 923/899/1309 1263/897/1307 1190/896/1306
f 1264/898/1308 1268/885/1295 937/884/1294
f 1256/895/1305 1254/894/1304 1269/910/1321
f 1260/891/1301 1253/904/1317 1273/911/1322
f 1259/897/1316 1255/906/1319 1272/912/1323
f 1262/891/1310 1266/902/1314 1275/913/1324
f 1257/888/1298 1265/892/1302 1270/914/1325
f 1263/897/1307 1276/915/1326 1264/898/1308
f 1258/888/1313 1267/889/1299 1271/914/1327
f 1264/898/1308 1276/915/1326 1278/916/1328
f 1261/886/1296 1268/885/1295 1274/917/1329
f 1/8/8 21/10/10 12/12/12
f 22/1/1 18/13/13 6/2/2
f 22/1/1 14/3/3 20/4/4
f 21/10/10 16/15/14 2/11/11
f 18/13/13 19/19/7 9/14/9
f 17/6/6 4/5/5 2/11/11
f 5/16/15 17/6/6 16/15/14
f 7/18/17 8/1128/19 19/19/7
f 11/20/18 3/17/16 16/15/14
f 19/7/7 15/22/20 1/8/8
f 10/23/21 20/4/4 17/6/6
f 13/24/22 22/1/1 10/23/21
f 7/18/17 18/13/13 22/1/1
f 15/22/20 11/20/18 21/10/10
f 25/38/28 29/33/23 28/36/26
f 24/34/24 27/40/30 26/41/31
f 24/34/24 26/41/31 31/35/25
f 24/34/24 29/33/23 30/39/29
f 26/41/31 25/38/28 31/35/25
f 26/41/31 27/40/30 30/39/29
f 28/36/40 36/50/42 32/49/41
f 38/47/37 23/37/39 28/36/40
f 37/42/32 32/49/41 36/50/42
f 39/48/38 37/42/32 36/50/42
f 23/37/39 39/48/38 36/50/42
f 33/43/33 35/46/36 34/45/35
f 33/43/33 34/45/35 40/44/34
f 38/47/37 35/46/36 39/48/38
f 32/49/41 37/42/32 40/44/34
f 360/204/170 371/431/361 179/205/171
f 175/207/173 176/425/359 181/208/174
f 179/205/171 371/431/361 183/435/357
f 192/227/190 185/364/299 188/366/301
f 197/210/176 200/214/180 189/211/177
f 196/213/179 199/236/197 200/214/180
f 228/215/181 222/247/208 268/216/182
f 194/218/184 197/222/176 187/219/178
f 194/218/184 193/223/186 196/221/179
f 193/223/186 188/366/301 195/224/187
f 190/225/188 194/218/184 186/220/185
f 190/225/188 191/228/191 193/223/186
f 192/227/190 188/366/301 193/223/186
f 186/220/185 187/219/178 202/229/192
f 184/226/189 186/220/185 201/230/193
f 187/212/178 189/211/177 202/231/192
f 198/234/195 206/1141/1335 205/235/196
f 199/236/197 205/235/196 204/237/198
f 189/211/177 203/238/199 207/232/194
f 200/214/180 204/237/198 203/238/199
f 209/239/200 212/242/203 216/240/201
f 221/245/206 220/309/211 222/247/208
f 210/248/209 218/251/210 221/249/206
f 218/251/210 217/253/212 220/252/211
f 217/253/212 216/240/201 219/243/204
f 213/254/213 218/251/210 210/248/209
f 213/254/213 214/256/215 217/253/212
f 214/256/215 215/241/202 216/240/201
f 210/248/209 211/250/205 224/257/216
f 208/255/214 210/248/209 225/258/217
f 222/247/208 228/215/181 227/262/219
f 211/244/205 226/263/220 230/260/218
f 223/246/207 227/262/219 226/263/220
f 195/224/187 188/366/301 232/264/221
f 237/266/223 199/236/197 196/213/179
f 231/268/225 233/273/222 236/269/224
f 235/270/226 236/269/224 196/221/179
f 234/271/227 196/221/179 195/224/187
f 231/268/225 235/270/226 213/254/213
f 213/254/213 235/270/226 234/271/227
f 214/256/215 234/271/227 232/264/221
f 231/268/225 238/274/229 239/272/228
f 208/255/214 225/258/217 238/274/229
f 228/215/181 229/217/183 198/234/195
f 227/262/219 228/215/181 199/236/197
f 233/265/222 239/275/228 230/260/218
f 226/263/220 227/262/219 237/266/223
f 241/276/230 242/279/233 248/277/231
f 242/279/233 244/321/267 250/280/234
f 252/282/236 251/285/239 254/284/238
f 251/285/239 250/363/234 253/286/240
f 257/287/241 249/290/242 252/288/236
f 249/290/242 248/277/231 251/291/239
f 248/277/231 250/280/234 251/291/239
f 245/292/243 249/290/242 257/287/241
f 246/294/245 248/277/231 249/290/242
f 257/287/241 243/289/235 258/297/248
f 254/284/238 253/286/240 263/301/250
f 255/283/237 254/284/238 262/302/251
f 243/281/235 260/304/253 264/299/249
f 255/283/237 261/303/252 260/304/253
f 247/278/232 219/243/204 212/242/203
f 269/306/255 268/216/182 222/247/208
f 265/307/256 266/305/254 222/247/208
f 265/310/256 267/442/257 245/292/243
f 245/292/243 267/442/257 220/252/211
f 246/294/245 220/252/211 219/243/204
f 265/307/256 256/312/246 270/311/258
f 262/302/251 263/301/250 229/217/183
f 269/306/255 261/303/252 262/302/251
f 266/305/254 270/311/258 264/299/249
f 260/304/253 261/303/252 269/306/255
f 277/313/259 275/355/295 305/314/260
f 294/316/262 277/313/259 290/317/263
f 295/318/264 291/446/275 279/319/265
f 294/316/262 250/280/234 244/321/267
f 296/322/268 244/321/267 273/323/269
f 271/325/271 272/342/285 281/326/272
f 303/328/274 304/349/292 279/329/265
f 300/332/277 287/449/1336 253/286/240
f 289/334/279 292/351/290 293/335/280
f 253/286/240 287/449/1336 283/340/283
f 281/326/272 284/451/1337 286/341/284
f 301/333/278 290/337/263 282/327/273
f 301/333/278 303/328/274 291/330/275
f 295/318/264 290/317/263 291/446/275
f 275/355/295 296/322/268 297/324/270
f 277/313/259 294/316/262 296/322/268
f 292/347/290 295/318/264 298/320/266
f 289/352/279 294/316/262 295/318/264
f 282/327/273 286/341/284 302/356/296
f 253/286/240 293/335/280 301/333/278
f 308/454/282 277/313/259 307/315/261
f 307/315/261 305/314/260 272/357/285
f 278/361/281 308/454/282 307/315/261
f 308/339/282 309/331/276 282/327/273
f 274/362/298 271/325/271 309/331/276
f 306/359/297 307/315/261 271/358/271
f 283/340/283 287/449/1336 300/332/277
f 242/279/233 241/276/230 312/367/302
f 188/366/301 315/365/300 310/371/306
f 244/321/267 242/279/233 313/368/303
f 232/264/221 310/371/306 325/369/304
f 209/239/200 325/369/304 311/370/305
f 241/276/230 212/242/203 311/370/305
f 312/367/302 317/374/309 318/372/307
f 311/370/305 316/373/308 317/374/309
f 185/364/299 314/375/310 315/365/300
f 314/375/310 333/377/312 334/376/311
f 334/376/311 324/380/315 336/379/314
f 333/377/312 321/417/352 322/381/316
f 322/381/316 323/402/337 335/378/313
f 335/378/313 323/402/337 320/416/351
f 324/380/315 335/378/313 320/416/351
f 337/382/317 324/380/315 338/383/318
f 324/380/315 326/391/326 338/383/318
f 337/382/317 339/385/320 317/374/309
f 337/382/317 338/383/318 339/385/320
f 339/385/320 341/387/322 318/372/307
f 339/385/320 340/384/319 343/388/323
f 344/389/324 343/388/323 345/390/325
f 299/346/289 345/390/325 276/345/288
f 325/369/304 337/382/317 316/373/308
f 320/416/351 326/391/326 324/380/315
f 340/384/319 327/392/327 328/393/328
f 343/388/323 328/393/328 329/394/329
f 345/390/325 329/394/329 319/395/330
f 276/345/288 345/390/325 319/395/330
f 175/207/173 346/397/332 176/425/359
f 175/207/173 319/395/330 346/397/332
f 176/425/359 346/397/332 177/399/334
f 319/395/330 331/414/349 346/397/332
f 346/397/332 331/414/349 332/401/336
f 323/402/337 348/406/341 351/403/338
f 349/405/340 524/407/342 351/403/338
f 351/403/338 352/408/343 350/404/339
f 350/404/339 352/408/343 353/410/345
f 524/407/342 355/412/347 354/409/344
f 353/410/345 357/411/346 356/415/350
f 354/409/344 358/413/348 357/411/346
f 355/412/347 530/477/525 358/413/348
f 530/477/525 532/418/353 358/413/348
f 323/402/337 322/381/316 348/406/341
f 321/417/352 349/405/340 348/406/341
f 358/413/348 332/401/336 331/414/349
f 356/415/350 331/414/349 329/394/329
f 353/410/345 356/415/350 328/393/328
f 327/392/327 350/404/339 353/410/345
f 326/391/326 323/402/337 350/404/339
f 362/420/172 361/424/358 359/421/355
f 174/344/287 285/484/286 272/357/285
f 179/485/171 183/423/357 362/420/172
f 177/399/334 360/204/170 362/206/172
f 181/427/174 182/1142/356 174/428/287
f 181/208/174 176/425/359 182/426/356
f 276/345/288 330/396/331 174/344/287
f 364/419/354 363/430/360 318/372/307
f 365/354/294 299/346/289 297/324/270
f 365/354/294 364/419/354 341/387/322
f 370/205/363 371/431/361 533/432/362
f 367/207/365 372/209/530 535/434/366
f 535/434/366 373/1143/529 368/425/367
f 376/211/369 384/214/372 381/210/370
f 384/214/372 383/236/383 380/213/373
f 446/216/374 401/247/392 407/215/375
f 374/219/371 381/222/370 378/218/377
f 378/218/377 381/222/370 380/221/373
f 377/223/379 380/221/373 379/224/380
f 385/436/378 378/218/377 190/225/188
f 190/225/188 378/218/377 377/223/379
f 377/223/379 375/366/368 192/227/190
f 184/226/189 201/230/193 385/436/378
f 205/235/196 206/1141/1335 382/234/382
f 204/237/198 205/235/196 383/236/383
f 376/211/369 386/231/381 207/232/194
f 203/238/199 204/237/198 384/214/372
f 395/240/384 391/242/388 388/239/385
f 400/245/391 402/246/390 401/247/392
f 389/248/394 390/250/389 400/249/391
f 397/251/395 400/249/391 399/252/393
f 396/253/396 399/252/393 398/243/387
f 389/248/394 397/251/395 392/254/397
f 392/254/397 397/251/395 396/253/396
f 393/256/399 396/253/396 395/240/384
f 389/248/394 404/258/401 403/257/400
f 406/262/403 407/215/375 401/247/392
f 390/244/389 403/259/400 409/260/402
f 405/263/404 406/262/403 402/246/390
f 394/241/386 388/239/385 411/437/411
f 411/437/411 375/366/368 379/224/380
f 380/213/373 383/236/383 416/266/407
f 410/268/408 414/270/409 415/269/406
f 414/270/409 413/271/410 380/221/373
f 413/271/410 411/437/411 379/224/380
f 392/254/397 414/270/409 410/268/408
f 392/254/397 393/256/399 413/271/410
f 393/256/399 394/241/386 411/437/411
f 410/268/408 412/273/405 418/272/412
f 387/255/398 410/268/408 417/274/413
f 382/234/382 408/217/376 407/215/375
f 383/236/383 407/215/375 406/262/403
f 412/265/405 405/263/404 409/260/402
f 416/266/407 406/262/403 405/263/404
f 428/277/414 422/279/418 420/276/415
f 430/280/417 424/321/451 422/279/418
f 432/282/421 435/283/420 434/284/422
f 431/285/423 434/284/422 433/286/424
f 421/438/425 423/289/419 432/288/421
f 429/290/426 432/288/421 431/291/423
f 431/291/423 430/280/417 428/277/414
f 421/438/425 429/290/426 425/292/427
f 429/290/426 428/277/414 426/294/429
f 421/438/425 436/439/431 437/297/430
f 434/284/422 441/302/435 442/301/434
f 435/283/420 440/303/442 441/302/435
f 423/281/419 437/298/430 443/299/433
f 439/304/436 440/303/442 435/283/420
f 427/278/416 420/276/415 391/242/388
f 401/247/392 446/216/374 447/306/438
f 448/440/439 445/308/440 401/247/392
f 445/308/440 399/309/393 401/247/392
f 425/292/427 445/442/440 448/441/439
f 425/292/427 426/294/429 399/252/393
f 426/294/429 427/278/416 398/243/387
f 448/440/439 444/305/437 449/311/441
f 408/217/376 442/301/434 441/302/435
f 447/306/438 446/216/374 441/302/435
f 444/305/437 439/304/436 443/299/433
f 447/306/438 440/303/442 439/304/436
f 484/314/443 454/355/480 456/313/444
f 473/443/446 474/444/448 469/317/447
f 474/444/448 477/320/477 458/445/449
f 424/321/451 430/280/417 473/443/446
f 452/323/453 424/321/451 475/322/452
f 450/325/455 461/327/460 460/326/456
f 482/328/458 470/330/450 458/448/449
f 479/332/462 480/333/475 433/286/424
f 468/334/464 433/286/424 472/335/465
f 456/336/444 469/337/447 461/327/460
f 462/340/469 466/449/463 433/286/424
f 460/326/456 461/327/460 465/341/470
f 478/346/509 476/447/454 455/345/474
f 461/327/460 469/337/447 480/333/475
f 480/333/475 469/337/447 470/330/450
f 430/280/417 468/352/464 473/443/446
f 476/447/454 475/322/452 454/355/480
f 475/322/452 473/443/446 456/313/444
f 468/352/464 471/452/466 474/444/448
f 472/335/465 480/333/475 482/328/458
f 461/327/460 479/332/462 481/356/481
f 472/335/465 482/328/458 483/349/459
f 451/357/457 484/314/443 486/315/445
f 457/361/467 485/359/482 486/315/445
f 461/327/460 488/331/461 487/339/468
f 488/331/461 450/325/455 453/362/483
f 485/359/482 453/360/483 450/358/455
f 479/332/462 466/449/463 462/340/469
f 422/279/418 492/456/486 491/367/485
f 489/371/489 493/455/484 375/366/368
f 424/321/451 452/323/453 492/456/486
f 501/457/487 489/371/489 411/437/411
f 490/370/488 501/457/487 388/239/385
f 420/276/415 491/367/485 490/370/488
f 496/372/490 495/374/491 491/367/485
f 490/370/488 494/462/501 501/457/487
f 495/374/491 494/462/501 490/370/488
f 493/455/484 314/375/310 185/364/299
f 314/375/310 493/455/484 508/458/492
f 333/377/312 508/458/492 509/378/494
f 493/455/484 489/371/489 510/379/493
f 510/379/493 500/380/497 508/458/492
f 508/458/492 500/380/497 509/378/494
f 333/377/312 509/378/494 321/417/352
f 509/378/494 499/459/496 321/417/352
f 510/379/493 501/457/487 500/380/497
f 495/374/491 513/463/502 511/460/498
f 512/383/499 513/463/502 514/384/504
f 496/372/490 515/387/507 513/463/502
f 513/463/502 515/387/507 516/386/506
f 513/463/502 516/386/506 517/464/503
f 518/465/505 478/346/509 519/466/508
f 494/462/501 511/460/498 501/457/487
f 501/457/487 511/460/498 500/380/497
f 500/380/497 502/461/500 498/416/495
f 502/461/500 512/383/499 503/392/511
f 512/383/499 514/384/504 503/392/511
f 514/384/504 517/464/503 504/393/510
f 517/464/503 519/466/508 505/467/512
f 455/345/474 506/471/517 497/468/513
f 368/425/367 520/469/514 367/207/365
f 520/469/514 369/399/515 521/470/516
f 178/400/335 347/398/333 521/470/516
f 506/471/517 367/207/365 497/468/513
f 520/469/514 507/472/518 497/468/513
f 520/469/514 521/470/516 507/472/518
f 347/398/333 332/401/336 507/472/518
f 522/474/520 523/473/519 524/407/342
f 525/475/521 526/410/522 527/476/523
f 527/476/523 355/412/347 524/407/342
f 528/479/527 529/411/524 526/410/522
f 529/411/524 530/477/525 527/476/523
f 531/478/526 532/418/353 530/477/525
f 522/474/520 349/405/340 321/417/352
f 507/472/518 332/401/336 532/418/353
f 497/468/513 507/472/518 531/478/526
f 505/467/512 531/478/526 528/479/527
f 504/393/510 528/479/527 526/410/522
f 503/392/511 504/393/510 526/410/522
f 502/461/500 503/392/511 523/473/519
f 361/424/358 373/481/529 359/421/355
f 366/344/473 484/314/443 451/357/457
f 370/485/363 534/480/364 361/424/358
f 368/425/367 373/1143/529 534/433/364
f 534/433/364 533/432/362 369/399/515
f 533/432/362 360/204/170 178/400/335
f 496/372/490 536/430/531 537/419/528
f 476/447/454 478/346/509 538/453/479
f 536/430/531 496/372/490 492/456/486
f 538/453/479 518/465/505 515/387/507
f 556/486/532 625/566/604 541/487/533
f 549/489/535 605/492/538 551/490/536
f 554/494/540 543/569/606 545/495/541
f 541/487/533 549/489/535 558/491/537
f 872/497/543 875/501/546 579/498/544
f 550/500/534 558/1144/537 875/501/546
f 555/502/547 574/616/638 582/503/548
f 873/505/550 554/972/540 575/506/542
f 874/514/554 556/614/532 550/500/534
f 563/546/585 561/946/900 877/947/901
f 561/946/900 547/1145/539 877/947/901
f 580/515/555 560/519/559 564/516/556
f 559/518/558 565/968/582 564/516/556
f 581/517/557 564/516/556 566/523/563
f 562/525/565 571/536/576 567/526/566
f 548/528/568 539/527/567 567/526/566
f 564/530/570 688/663/579 573/531/571
f 546/533/573 540/537/577 568/534/574
f 566/532/572 573/531/571 571/536/576
f 540/537/577 548/528/568 570/529/569
f 565/538/578 572/542/581 688/539/579
f 572/542/581 565/538/578 827/541/580
f 827/541/580 546/533/573 569/535/575
f 565/543/582 559/1146/558 542/544/583
f 562/545/584 561/946/900 563/546/585
f 693/524/564 544/948/902 580/515/555
f 578/547/586 576/499/545 540/548/587
f 579/510/544 552/509/552 539/549/588
f 552/509/552 561/946/900 562/545/584
f 577/504/549 582/503/548 627/522/562
f 590/615/637 585/574/611 586/573/610
f 613/552/590 637/600/628 614/553/591
f 595/555/593 605/492/538 604/556/594
f 604/556/594 603/560/598 596/557/595
f 605/492/538 549/489/535 601/558/596
f 601/558/596 600/559/597 604/556/594
f 541/487/533 594/561/599 601/558/596
f 594/561/599 593/562/600 600/559/597
f 593/562/600 592/568/592 599/563/601
f 625/566/604 623/611/635 594/561/599
f 623/611/635 624/567/605 594/561/599
f 624/567/605 622/609/633 592/568/592
f 543/569/606 587/571/608 591/570/607
f 586/573/610 626/578/615 607/576/613
f 611/579/616 96/583/102 99/580/101
f 611/579/616 609/584/612 97/582/104
f 609/584/612 585/980/611 92/585/618
f 610/581/617 99/580/101 88/586/97
f 618/981/620 606/595/625 619/594/624
f 584/577/614 607/576/613 617/589/621
f 592/554/592 614/553/591 615/591/622
f 583/593/623 612/963/658 619/594/624
f 602/596/626 599/982/601 615/597/622
f 617/599/621 618/601/620 639/603/629
f 611/604/616 618/588/620 626/578/615
f 620/605/630 610/612/617 608/606/619
f 625/566/604 556/486/532 575/496/542
f 624/567/605 623/611/635 591/570/607
f 622/609/633 624/567/605 628/608/632
f 584/577/614 622/609/633 629/610/634
f 625/566/604 545/495/541 591/570/607
f 620/605/630 583/593/623 606/595/625
f 876/507/551 575/506/542 556/614/532
f 629/610/634 628/608/632 589/613/636
f 586/573/610 629/610/634 590/615/637
f 574/616/638 557/513/553 578/547/586
f 582/503/548 578/547/586 546/520/560
f 606/595/625 618/981/620 611/617/616
f 613/590/590 592/568/592 622/609/633
f 652/621/642 656/652/649 634/622/643
f 649/624/645 652/621/642 633/623/644
f 649/624/645 632/625/646 630/630/650
f 648/626/647 653/618/639 631/620/641
f 654/632/652 726/631/651 651/619/640
f 648/626/647 635/627/648 634/628/643
f 637/600/628 617/599/621 645/642/662
f 637/600/628 645/642/662 646/633/653
f 615/597/622 641/635/655 616/598/627
f 616/598/627 647/636/656 644/639/659
f 619/602/624 612/638/658 643/637/657
f 643/637/657 644/639/659 640/640/660
f 642/641/661 637/600/628 636/634/654
f 645/642/662 639/603/629 638/643/663
f 615/591/622 614/553/591 642/641/661
f 619/602/624 640/640/660 639/603/629
f 655/645/664 630/630/650 654/632/652
f 656/629/649 659/649/668 648/626/647
f 661/647/666 658/646/665 654/632/652
f 659/649/668 657/653/671 653/618/639
f 660/651/670 649/624/645 655/645/664
f 662/650/669 652/621/642 649/624/645
f 657/653/671 661/647/666 650/648/667
f 650/648/667 651/619/640 653/618/639
f 636/634/654 646/633/653 661/647/666
f 641/635/655 656/652/649 662/650/669
f 647/636/656 662/650/669 660/651/670
f 644/639/659 660/651/670 655/645/664
f 642/641/661 636/634/654 657/653/671
f 646/633/653 638/643/663 658/646/665
f 642/641/661 659/649/668 656/629/649
f 638/643/663 640/640/660 655/645/664
f 856/656/674 867/655/673 864/936/892
f 859/654/672 870/930/894 867/655/673
f 865/938/891 860/941/897 871/933/896
f 855/657/675 857/945/899 868/658/676
f 692/660/678 687/672/689 668/661/679
f 690/670/687 692/660/678 672/662/680
f 688/663/579 678/676/688 669/664/681
f 691/667/684 671/666/683 667/668/685
f 573/531/571 669/664/681 670/665/682
f 687/672/689 689/669/686 667/668/685
f 568/534/574 570/529/569 689/669/686
f 672/662/680 668/661/679 676/673/690
f 685/675/692 674/677/693 677/679/695
f 567/526/566 691/667/684 689/669/686
f 675/674/691 676/673/690 917/681/697
f 686/683/699 675/674/691 683/682/698
f 674/677/693 678/676/688 919/685/701
f 677/679/695 918/690/705 682/687/703
f 671/666/683 682/687/703 679/688/704
f 678/671/688 686/683/699 681/684/700
f 674/677/693 680/686/702 918/690/705
f 673/678/694 679/688/704 917/681/697
f 669/664/681 685/675/692 684/680/696
f 690/670/687 686/683/699 678/671/688
f 688/539/579 572/542/581 690/670/687
f 571/536/576 670/665/682 691/667/684
f 572/542/581 569/535/575 692/660/678
f 569/535/575 568/534/574 687/672/689
f 698/691/706 696/1014/1338 697/692/707
f 699/694/709 700/697/711 695/695/710
f 698/691/706 701/693/708 700/697/711
f 721/719/733 704/698/712 722/700/714
f 699/707/721 694/711/725 702/705/719
f 700/708/722 708/713/727 703/701/715
f 696/710/724 698/714/728 705/699/713
f 695/709/723 703/701/715 702/705/719
f 700/708/722 701/718/732 709/712/726
f 697/716/730 721/734/733 723/717/731
f 701/718/732 723/717/731 709/712/726
f 699/707/721 707/704/718 706/715/729
f 696/710/724 704/698/712 721/719/733
f 710/721/734 711/703/717 716/722/735
f 714/724/737 717/730/743 719/725/738
f 703/701/715 711/703/717 710/721/734
f 709/712/726 720/728/741 713/702/716
f 705/699/713 706/715/729 719/725/738
f 717/730/743 718/726/739 664/727/740
f 664/727/740 718/726/739 720/728/741
f 716/722/735 718/726/739 714/724/737
f 706/715/729 707/704/718 712/706/720
f 718/726/739 717/730/743 714/724/737
f 705/699/713 719/725/738 665/731/744
f 705/699/713 666/733/746 722/700/714
f 721/734/733 862/1147/745 663/735/747
f 723/717/731 663/735/747 861/729/742
f 612/638/658 602/596/626 616/598/627
f 783/740/751 799/881/750 798/741/752
f 724/1148/763 733/774/764 811/773/778
f 725/747/758 741/746/757 779/777/780
f 729/750/761 732/742/753 798/741/752
f 724/752/763 807/749/760 745/744/755
f 729/750/761 728/751/762 741/746/757
f 740/754/765 728/751/762 726/755/651
f 740/754/765 738/756/766 737/791/784
f 736/763/772 733/774/764 631/792/641
f 744/760/770 634/762/643 730/764/773
f 744/760/770 826/1039/785 739/761/771
f 745/744/755 730/764/773 733/753/764
f 728/751/762 798/741/752 743/775/779
f 728/751/762 743/775/779 736/763/772
f 735/766/774 747/770/776 744/760/770
f 747/770/776 826/1039/785 744/760/770
f 770/767/775 779/829/780 742/768/768
f 735/766/774 770/767/775 746/769/767
f 798/741/752 811/773/778 743/775/779
f 734/743/754 744/760/770 745/744/755
f 740/778/765 737/782/784 748/779/781
f 740/778/765 749/780/782 824/786/769
f 631/765/641 730/764/773 635/794/648
f 736/763/772 651/793/640 726/755/651
f 632/789/646 633/1149/644 731/781/783
f 738/756/766 630/788/650 632/790/646
f 634/762/643 739/761/771 633/1052/644
f 766/796/786 759/801/791 755/797/787
f 765/803/793 758/806/796 756/809/790
f 763/808/789 757/802/792 761/804/794
f 757/802/792 758/806/796 765/803/793
f 755/797/787 759/801/791 760/807/795
f 764/1062/798 756/800/790 766/796/786
f 762/798/788 763/799/789 752/878/797
f 767/812/799 761/804/794 765/803/793
f 764/1062/798 766/796/786 753/814/801
f 768/815/802 762/798/788 752/878/797
f 753/814/801 766/796/786 762/798/788
f 774/818/805 775/817/804 778/1070/811
f 780/820/807 773/816/803 774/818/805
f 778/825/811 772/821/808 776/823/810
f 772/821/808 775/826/804 773/824/803
f 776/823/810 777/822/809 770/767/775
f 779/777/780 771/819/806 780/820/807
f 774/818/805 778/1070/811 769/1150/812
f 770/767/775 777/822/809 771/827/806
f 779/777/780 780/820/807 725/747/758
f 782/745/756 774/818/805 769/1150/812
f 725/747/758 780/820/807 774/818/805
f 787/1151/823 786/831/814 796/833/816
f 796/833/816 790/832/815 792/835/818
f 795/838/821 789/837/820 787/843/823
f 793/841/817 788/839/822 791/836/819
f 791/836/819 788/839/822 789/837/820
f 788/839/822 790/842/815 786/840/814
f 794/1087/824 787/1151/823 796/833/816
f 792/835/818 793/834/817 783/740/751
f 791/836/819 795/838/821 785/845/825
f 794/1087/824 796/833/816 784/846/826
f 784/846/826 796/833/816 792/835/818
f 732/742/753 792/835/818 783/740/751
f 801/1152/835 800/847/827 810/849/829
f 810/849/829 804/848/828 805/851/831
f 809/854/834 803/853/833 801/858/835
f 802/852/832 804/857/828 800/855/827
f 807/749/760 802/852/832 809/854/834
f 808/880/836 801/1152/835 810/849/829
f 805/851/831 806/850/830 724/1148/763
f 806/856/830 802/852/832 807/749/760
f 808/880/836 810/849/829 798/741/752
f 811/773/778 805/851/831 724/1148/763
f 810/849/829 805/851/831 811/773/778
f 823/860/837 816/871/846 812/861/838
f 822/863/840 815/876/849 813/864/841
f 817/866/843 814/872/847 819/867/844
f 812/869/838 817/866/843 750/868/845
f 820/865/842 813/864/841 816/871/846
f 814/872/847 815/1111/849 822/873/840
f 815/1111/849 814/872/847 818/875/848
f 769/1150/812 727/748/759 782/745/756
f 769/828/812 781/830/813 735/766/774
f 752/810/797 767/812/799 734/743/754
f 767/812/799 754/813/800 735/766/774
f 764/811/798 727/877/759 735/766/774
f 764/1062/798 753/814/801 727/748/759
f 753/814/801 768/815/802 729/750/761
f 785/845/825 734/743/754 797/737/749
f 794/844/824 729/879/761 734/743/754
f 794/1087/824 784/846/826 729/750/761
f 820/865/842 748/779/781 825/883/850
f 749/780/782 748/779/781 820/865/842
f 824/786/769 749/780/782 823/860/837
f 750/868/845 751/772/777 824/759/769
f 820/865/842 825/883/850 822/863/840
f 822/873/840 825/882/850 826/784/785
f 819/867/844 826/784/785 750/868/845
f 837/908/853 850/917/886 830/894/861
f 834/888/870 847/914/884 842/902/871
f 836/891/858 849/911/879 841/892/859
f 832/895/862 845/910/878 831/906/876
f 838/891/867 851/913/881 828/900/868
f 839/897/864 853/905/875 852/915/883
f 833/888/855 846/914/882 843/889/856
f 840/898/865 854/916/885 844/885/852
f 835/897/873 848/912/880 829/904/874
f 827/521/561 565/543/582 627/522/562
f 683/682/698 917/681/697 858/918/887
f 681/684/700 683/682/698 857/919/888
f 680/686/702 919/685/701 860/921/890
f 918/690/705 859/926/672 856/923/674
f 682/687/703 856/923/674 864/924/892
f 919/689/701 681/684/700 855/920/889
f 680/686/702 865/922/891 859/926/672
f 679/688/704 864/924/892 858/918/887
f 869/927/893 864/936/892 663/928/747
f 870/930/894 865/938/891 863/931/895
f 871/933/896 866/942/677 666/934/746
f 867/655/673 861/937/742 663/928/747
f 870/930/894 664/932/740 861/937/742
f 865/938/891 871/933/896 665/935/744
f 866/659/677 868/658/676 722/939/714
f 868/658/676 869/927/893 862/929/745
f 717/943/743 863/931/895 665/935/744
f 860/941/897 855/1121/675 866/942/677
f 857/945/899 858/944/898 869/927/893
f 574/616/638 876/507/551 874/514/554
f 557/513/553 874/514/554 872/497/543
f 875/508/546 551/512/536 552/509/552
f 551/512/536 547/1145/539 561/946/900
f 555/502/547 873/505/550 876/507/551
f 877/947/901 547/1145/539 553/1123/748
f 877/947/901 553/1123/748 544/948/902
f 621/607/631 1240/1124/1283 878/949/903
f 878/949/903 1240/1124/1283 879/954/908
f 880/956/910 1243/951/905 881/950/904
f 597/565/603 596/557/595 881/950/904
f 878/949/903 884/959/913 882/952/906
f 885/953/907 884/959/913 878/949/903
f 882/952/906 883/961/915 583/593/623
f 882/952/906 884/959/913 883/961/915
f 596/557/595 603/560/598 887/955/909
f 887/955/909 886/957/911 880/956/910
f 886/957/911 885/953/907 879/954/908
f 889/958/912 888/960/914 885/953/907
f 884/959/913 885/953/907 888/960/914
f 599/563/601 602/962/626 888/960/914
f 612/963/658 583/593/623 883/961/915
f 600/559/597 599/563/601 889/958/912
f 901/897/930 915/905/1339 890/900/932
f 894/895/926 907/910/1340 892/894/927
f 898/891/924 911/911/1341 891/904/938
f 897/897/939 910/912/1342 893/906/941
f 892/894/927 912/917/1343 899/886/917
f 904/902/935 909/914/1344 896/888/936
f 900/891/933 913/913/1345 904/902/935
f 903/892/923 911/911/1341 898/891/924
f 893/906/941 907/910/1340 894/895/926
f 890/900/932 913/913/1345 900/891/933
f 895/888/921 908/914/1346 903/892/923
f 914/915/942 915/905/1339 901/897/930
f 905/889/920 908/914/1346 895/888/921
f 896/888/936 909/914/1344 905/889/920
f 906/885/918 916/916/1347 902/898/929
f 891/904/938 910/912/1342 897/897/939
f 902/898/929 916/916/1347 914/915/942
f 899/886/917 912/917/1343 906/885/918
f 930/486/943 927/488/951 922/487/944
f 928/490/946 969/964/950 926/489/947
f 932/491/948 926/489/947 922/487/944
f 949/498/952 1237/501/955 1235/965/953
f 1237/501/955 932/1144/948 927/500/951
f 951/966/956 946/987/1027 555/502/547
f 1236/514/959 1235/965/953 927/500/951
f 924/1145/949 933/946/986 1239/1122/1282
f 933/946/986 935/973/985 1239/1122/1282
f 936/516/960 560/519/559 580/515/555
f 559/518/558 560/519/559 936/516/960
f 950/517/961 1056/974/987 938/523/966
f 939/526/967 943/536/977 934/525/968
f 925/528/970 942/529/978 939/526/967
f 945/970/971 1051/1009/979 936/530/972
f 923/533/974 941/535/981 940/534/975
f 943/536/977 945/970/971 938/532/973
f 921/537/976 940/534/975 942/529/978
f 1051/539/979 944/542/1099 937/538/980
f 1190/541/982 937/538/980 944/542/1099
f 944/542/1099 941/535/981 1190/541/982
f 873/505/550 1238/986/1026 991/971/983
f 542/544/583 559/1146/558 937/543/962
f 934/545/984 938/523/966 935/973/985
f 1056/974/987 950/517/961 580/515/555
f 921/548/988 947/499/954 948/547/989
f 920/549/990 929/967/957 949/510/952
f 934/545/984 933/946/986 929/967/957
f 990/969/964 951/966/956 577/504/549
f 954/975/992 585/574/611 590/615/637
f 977/553/994 999/600/1040 976/552/995
f 924/493/949 961/555/997 969/964/950
f 962/557/999 967/560/1001 968/556/998
f 968/556/998 964/977/1002 965/558/1000
f 965/558/1000 960/561/1003 922/487/944
f 964/977/1002 959/562/1005 960/561/1003
f 963/563/1004 958/568/996 959/562/1005
f 598/564/602 597/565/603 961/555/997
f 960/561/1003 985/611/1024 987/566/945
f 960/561/1003 986/978/1006 985/611/1024
f 958/568/996 984/609/1025 986/978/1006
f 957/570/1008 587/571/608 543/569/606
f 956/979/1007 588/572/609 587/571/608
f 955/976/993 590/615/637 589/613/636
f 954/975/992 972/575/1013 585/574/611
f 971/576/1009 988/578/1022 954/975/992
f 988/578/1022 972/575/1013 954/975/992
f 160/580/156 157/583/157 974/579/1011
f 974/579/1011 157/583/157 158/582/158
f 972/584/1013 158/582/158 92/585/618
f 88/586/97 160/580/156 973/581/1012
f 971/576/1009 980/589/1017 981/983/1014
f 953/577/1010 976/590/995 980/589/1017
f 978/591/1018 977/553/994 958/554/996
f 982/594/1015 975/963/1047 952/593/1019
f 966/596/1020 979/598/1045 978/597/1018
f 976/552/995 999/600/1040 980/599/1017
f 981/601/1014 1001/603/1021 982/602/1015
f 974/604/1011 972/575/1013 988/578/1022
f 608/606/619 973/612/1012 983/984/1023
f 987/566/945 989/988/1028 991/985/983
f 986/978/1006 956/979/1007 957/570/1008
f 984/609/1025 955/976/993 956/979/1007
f 953/577/1010 954/975/992 955/976/993
f 957/570/1008 989/988/1028 987/566/945
f 983/984/1023 973/612/1012 970/595/1016
f 1238/986/1026 1236/514/959 930/614/943
f 948/547/989 931/513/958 946/987/1027
f 923/520/963 948/547/989 951/966/956
f 988/578/1022 971/576/1009 981/983/1014
f 989/988/1028 543/569/606 554/494/540
f 970/595/1016 973/612/1012 974/617/1011
f 976/590/995 953/577/1010 984/609/1025
f 1015/993/1036 993/620/1035 1013/1005/1057
f 1014/989/1029 995/623/1033 996/622/1030
f 1011/991/1032 994/625/1176 995/623/1033
f 992/995/1038 994/625/1176 1011/991/1032
f 1010/992/1034 997/627/1174 993/620/1035
f 1013/1005/1057 1089/631/1037 1016/996/1039
f 996/628/1030 997/627/1174 1010/992/1034
f 999/600/1040 998/634/1050 1008/633/1042
f 979/598/1045 1003/997/1044 978/597/1018
f 1006/639/1048 1009/636/1043 979/598/1045
f 982/602/1015 1002/1000/1052 1005/637/1046
f 1002/1000/1052 1006/639/1048 1005/637/1046
f 977/553/994 1004/999/1049 999/600/1040
f 980/599/1017 1007/642/1041 1001/603/1021
f 1007/642/1041 1008/633/1042 1000/643/1051
f 978/591/1018 1003/644/1044 1004/999/1049
f 1001/603/1021 1002/1000/1052 982/602/1015
f 1016/996/1039 992/995/1038 1017/1001/1053
f 1023/1004/1056 1012/648/1058 1016/996/1039
f 1021/1003/1055 1010/992/1034 1015/993/1036
f 1017/1001/1053 1011/991/1032 1022/1008/1061
f 1011/991/1032 1014/989/1029 1024/1007/1060
f 1019/1006/1059 1015/993/1036 1012/648/1058
f 1015/993/1036 1013/1005/1057 1012/648/1058
f 998/634/1050 1019/1006/1059 1023/1004/1056
f 1024/1007/1060 1018/990/1031 1003/997/1044
f 1022/1008/1061 1024/1007/1060 1009/636/1043
f 1017/1001/1053 1022/1008/1061 1006/639/1048
f 1004/999/1049 1021/1003/1055 1019/1006/1059
f 1008/633/1042 1023/1004/1056 1020/1002/1054
f 1018/994/1031 1021/1003/1055 1004/999/1049
f 1000/643/1051 1020/1002/1054 1017/1001/1053
f 1227/1118/1274 1230/655/1062 1219/656/1064
f 1230/655/1062 1233/930/1277 1222/654/1063
f 1218/657/1068 1229/659/1280 1231/658/1069
f 1055/660/1071 1034/662/1075 1030/661/1072
f 1031/664/1076 1040/676/1086 1051/1009/979
f 1033/666/1077 1032/1011/1082 1046/1010/1078
f 1029/668/1080 1033/666/1077 1054/667/1079
f 1051/539/979 1040/671/1086 1053/670/1074
f 1032/1011/1082 1031/664/1076 945/970/971
f 1050/672/1073 1030/661/1072 1029/668/1080
f 940/534/975 1050/672/1073 1052/669/1081
f 1034/662/1075 1037/674/1090 1038/673/1083
f 1039/679/1088 1036/677/1085 1048/675/1084
f 1052/669/1081 1054/667/1079 939/526/967
f 1037/674/1090 1045/682/1093 1279/681/1091
f 1049/1012/1092 1043/684/1097 1045/682/1093
f 1036/677/1085 1042/686/1272 1281/685/1094
f 1044/1013/1095 1280/690/1098 1039/679/1088
f 1041/688/1096 1044/1013/1095 1033/666/1077
f 1040/671/1086 1281/689/1094 1043/684/1097
f 1280/690/1098 1042/686/1272 1036/677/1085
f 1279/681/1091 1041/688/1096 1035/678/1087
f 1047/680/1089 1048/675/1084 1031/664/1076
f 1040/671/1086 1049/1012/1092 1053/670/1074
f 1054/667/1079 1046/1010/1078 943/536/977
f 944/542/1099 1053/670/1074 1055/660/1071
f 941/535/981 1055/660/1071 1050/672/1073
f 1061/691/1100 1064/693/1348 1060/692/1101
f 1058/695/1103 1063/697/1105 1062/694/1104
f 1063/697/1105 1064/693/1348 1061/691/1100
f 1067/698/1114 1085/1015/1113 1068/699/1119
f 1062/707/1115 1070/704/1109 1065/705/1111
f 1066/701/1106 1071/713/1129 1063/708/1117
f 1059/710/1102 1067/698/1114 1068/699/1119
f 1065/705/1111 1066/701/1106 1058/709/1118
f 1063/708/1117 1071/713/1129 1072/712/1121
f 1061/714/1120 1068/699/1119 1069/715/1124
f 1086/717/1123 1084/734/1112 1060/716/1101
f 1072/712/1121 1086/717/1123 1064/1016/1122
f 1069/715/1124 1070/704/1109 1062/707/1115
f 1084/719/1112 1067/698/1114 1059/710/1102
f 1073/721/1125 1078/723/1130 1079/722/1126
f 1082/1017/1127 1080/730/1134 1077/724/1128
f 1073/721/1125 1074/703/1107 1066/701/1106
f 1076/702/1108 1083/728/1133 1072/712/1121
f 1026/727/1132 1081/1018/1131 1080/730/1134
f 1026/727/1132 1224/729/1135 1083/728/1133
f 1077/724/1128 1081/1018/1131 1079/722/1126
f 1075/706/1110 1070/704/1109 1069/715/1124
f 1082/1017/1127 1027/731/1137 1080/730/1134
f 1083/728/1133 1076/702/1108 1081/1018/1131
f 1068/699/1119 1028/733/1279 1027/731/1137
f 1085/1015/1113 1028/733/1279 1068/699/1119
f 1025/735/1138 1225/1147/1136 1084/734/1112
f 1224/729/1135 1025/735/1138 1086/717/1123
f 1161/1021/1142 1162/881/1139 1146/1022/1141
f 1174/1047/1171 1095/1037/1157 1087/1100/1152
f 1142/1048/1168 1104/1026/1146 1088/1027/1148
f 1097/1030/1151 1091/1033/1154 1161/1021/1142
f 1087/1031/1152 1095/1041/1157 1109/1024/1144
f 1104/1026/1146 1091/1033/1154 1092/1032/1153
f 1103/1034/1155 1101/756/1177 1089/755/1037
f 1100/791/1173 1101/756/1177 1103/1034/1155
f 1108/1040/1164 996/762/1030 1107/760/1161
f 1107/760/1161 996/762/1030 1102/761/1162
f 1091/1033/1154 1089/755/1037 1099/1035/1156
f 1095/1041/1157 1108/1040/1164 1109/1024/1144
f 1107/760/1161 1111/770/1169 1098/1043/1166
f 1107/760/1161 1189/1039/1163 1111/770/1169
f 1133/1044/1167 1110/769/1158 1105/768/1160
f 1098/1043/1166 1111/770/1169 1110/769/1158
f 1109/1024/1144 1107/760/1161 1096/1025/1145
f 1109/1024/1144 1108/1040/1164 1107/760/1161
f 1174/1047/1171 1106/1042/1165 1095/1037/1157
f 1103/778/1155 1113/1116/1242 1112/1049/1172
f 1093/1051/1175 1100/782/1173 1112/1049/1172
f 1102/783/1162 1093/1053/1175 1189/784/1163
f 1187/1050/1159 1113/1116/1242 1103/778/1155
f 1101/756/1177 992/788/1038 1089/755/1037
f 1089/755/1037 1013/793/1057 1099/1035/1156
f 1093/1051/1175 995/1149/1033 994/789/1176
f 994/790/1176 992/788/1038 1101/756/1177
f 1099/1035/1156 1013/793/1057 993/1036/1035
f 1125/1058/1185 1121/802/1184 1126/1061/1187
f 1120/1059/1182 1130/1054/1178 1123/801/1180
f 1129/1056/1181 1122/806/1183 1121/802/1184
f 1116/1063/1189 1126/1060/1187 1119/1055/1179
f 1129/1056/1181 1127/811/1188 1120/1057/1182
f 1128/1064/1190 1119/1055/1179 1130/1054/1178
f 1131/1066/1191 1118/1067/1192 1129/1056/1181
f 1117/1068/1193 1130/1054/1178 1127/1062/1188
f 1116/1065/1189 1131/1066/1191 1125/1058/1185
f 1117/1068/1193 1092/1032/1153 1128/1064/1190
f 1136/816/1198 1137/1069/1194 1138/817/1196
f 1139/1073/1201 1135/821/1200 1141/1074/1195
f 1134/1076/1202 1143/1071/1197 1136/816/1198
f 1136/824/1198 1138/826/1196 1135/821/1200
f 1133/1044/1167 1140/1072/1199 1139/1073/1201
f 1132/1078/1203 1141/1070/1195 1137/1069/1194
f 1133/1044/1167 1142/1045/1168 1134/1075/1202
f 1088/1027/1148 1143/1071/1197 1142/1048/1168
f 1132/1077/1203 1144/830/1204 1139/1073/1201
f 1088/1027/1148 1145/745/1147 1137/1069/1194
f 1159/1080/1207 1149/831/1206 1150/1088/1209
f 1155/1083/1212 1153/1079/1205 1159/1080/1207
f 1154/1084/1213 1151/1085/1214 1156/1086/1211
f 1154/1084/1213 1158/1081/1208 1152/837/1210
f 1149/840/1206 1153/842/1205 1151/1085/1214
f 1146/1022/1141 1156/834/1211 1155/1083/1212
f 1158/1081/1208 1157/844/1215 1150/1082/1209
f 1148/1089/1216 1158/1081/1208 1154/1084/1213
f 1147/1090/1217 1159/1080/1207 1157/1087/1215
f 1146/1020/1141 1160/737/1140 1154/1084/1213
f 1147/1090/1217 1094/1023/1143 1155/1083/1212
f 1173/1093/1220 1163/1092/1219 1164/1099/1222
f 1168/1096/1225 1167/1091/1218 1173/1093/1220
f 1165/1097/1226 1172/1094/1221 1166/853/1223
f 1163/855/1219 1167/857/1218 1165/1097/1226
f 1087/1100/1152 1169/1095/1224 1168/1096/1225
f 1170/1029/1150 1165/1097/1226 1169/856/1224
f 1172/1094/1221 1171/1101/1227 1164/858/1222
f 1170/1029/1150 1162/1019/1139 1172/1094/1221
f 1161/1021/1142 1173/1093/1220 1171/1098/1227
f 1174/1047/1171 1168/1096/1225 1173/1093/1220
f 1186/1102/1228 1184/1114/1237 1175/1103/1229
f 1185/1104/1231 1183/1108/1238 1176/1105/1232
f 1182/867/1234 1177/1110/1239 1180/866/1235
f 1114/1106/1236 1180/866/1235 1175/869/1229
f 1183/1108/1238 1186/1102/1228 1179/871/1230
f 1185/1109/1231 1178/1111/1233 1177/1110/1239
f 1145/745/1147 1090/1028/1149 1132/1078/1203
f 1132/1077/1203 1090/877/1149 1098/1043/1166
f 1144/830/1204 1098/1043/1166 1133/1044/1167
f 1092/1032/1153 1097/1030/1151 1116/1063/1189
f 1116/1065/1189 1097/879/1151 1096/1025/1145
f 1131/1066/1191 1096/1025/1145 1098/1043/1166
f 1098/1043/1166 1090/877/1149 1127/811/1188
f 1117/1068/1193 1090/1028/1149 1092/1032/1153
f 1160/737/1140 1096/1025/1145 1148/1089/1216
f 1096/1025/1145 1097/879/1151 1157/844/1215
f 1147/1090/1217 1097/1030/1151 1094/1023/1143
f 1171/1098/1227 1162/881/1139 1161/1021/1142
f 1114/1106/1236 1184/1107/1237 1187/1038/1159
f 1189/784/1163 1114/1106/1236 1115/1046/1170
f 1183/1108/1238 1112/1049/1172 1113/1116/1242
f 1186/1102/1228 1113/1116/1242 1187/1050/1159
f 1185/1104/1231 1188/1115/1241 1183/1108/1238
f 1185/1109/1231 1182/867/1234 1189/784/1163
f 1202/897/1257 1216/905/1349 1191/900/1259
f 1195/895/1253 1208/910/1350 1193/894/1254
f 1199/891/1251 1212/911/1351 1192/904/1265
f 1198/897/1266 1211/912/1352 1194/906/1268
f 1193/894/1254 1213/917/1353 1200/908/1244
f 1205/902/1262 1210/914/1354 1197/888/1263
f 1201/891/1260 1214/913/1355 1205/902/1262
f 1204/892/1250 1212/911/1351 1199/891/1251
f 1194/906/1268 1208/910/1350 1195/895/1253
f 1191/900/1259 1214/913/1355 1201/891/1260
f 1196/888/1248 1209/914/1356 1204/892/1250
f 1215/915/1269 1216/905/1349 1202/897/1257
f 1206/889/1247 1209/914/1356 1196/888/1248
f 1197/888/1263 1210/914/1354 1206/889/1247
f 1207/885/1245 1217/916/1357 1203/898/1256
f 1192/904/1265 1211/912/1352 1198/897/1266
f 1203/898/1256 1217/916/1357 1215/915/1269
f 1200/886/1244 1213/917/1353 1207/885/1245
f 990/969/964 937/543/962 1190/521/965
f 1045/682/1093 1220/919/1271 1221/918/1270
f 1043/684/1097 1218/920/1275 1220/919/1271
f 1042/686/1272 1228/922/1065 1223/921/1273
f 1219/923/1064 1222/926/1063 1280/690/1098
f 1227/924/1274 1219/923/1064 1044/1013/1095
f 1281/689/1094 1223/925/1273 1218/920/1275
f 1222/926/1063 1228/922/1065 1042/686/1272
f 1221/918/1270 1227/924/1274 1041/688/1096
f 1232/927/1276 1225/929/1136 1025/928/1138
f 1233/930/1277 1026/932/1132 1226/931/1278
f 1234/933/1066 1027/935/1137 1028/934/1279
f 1025/928/1138 1224/1119/1135 1230/655/1062
f 1224/1119/1135 1026/932/1132 1233/930/1277
f 1228/938/1065 1226/931/1278 1027/935/1137
f 1229/659/1280 1028/940/1279 1085/1120/1113
f 1231/658/1069 1085/1120/1113 1225/929/1136
f 1027/935/1137 1226/931/1278 1080/943/1134
f 1223/941/1067 1234/933/1066 1229/942/1280
f 1080/943/1134 1226/931/1278 1026/932/1132
f 1222/654/1063 1233/930/1277 1228/938/1065
f 1220/945/1070 1231/658/1069 1232/927/1276
f 946/987/1027 931/513/958 1236/514/959
f 946/987/1027 1238/986/1026 873/505/550
f 929/967/957 928/512/946 1237/508/955
f 933/946/986 924/1145/949 928/512/946
f 555/502/547 946/987/1027 873/505/550
f 553/1123/748 924/1145/949 1239/1122/1282
f 1239/1122/1282 1056/974/987 544/948/902
f 1240/1124/1283 1241/1125/1284 879/954/908
f 1241/1125/1284 1242/1126/1285 880/956/910
f 1244/952/1286 1246/959/1288 1240/1124/1283
f 1247/953/1287 1241/1125/1284 1240/1124/1283
f 1244/952/1286 983/984/1023 952/593/1019
f 962/557/999 1243/951/905 1249/955/1290
f 1242/1126/1285 1248/957/1291 1249/955/1290
f 1241/1125/1284 1247/953/1287 1248/957/1291
f 1247/953/1287 1250/960/1293 1251/958/1292
f 1250/960/1293 1247/953/1287 1246/959/1288
f 963/563/1004 1251/958/1292 1250/960/1293
f 1245/1127/1289 952/593/1019 975/963/1047
f 964/977/1002 967/560/1001 1251/958/1292
f 1261/886/1296 1274/917/1329 1254/894/1304
f 1258/888/1313 1271/914/1327 1266/902/1314
f 1260/891/1301 1273/911/1322 1265/892/1302
f 1256/895/1305 1269/910/1321 1255/906/1319
f 1262/891/1310 1275/913/1324 1252/900/1311
f 1263/897/1307 1277/905/1318 1276/915/1326
f 1257/888/1298 1270/914/1325 1267/889/1299
f 1264/898/1308 1278/916/1328 1268/885/1295
f 1259/897/1316 1272/912/1323 1253/904/1317
usemtl char_face_mat
f 60/51/43 53/52/44 47/53/45
f 60/51/43 79/54/46 41/55/47
f 77/56/48 58/57/49 69/58/50
f 52/59/51 121/60/52 51/61/53
f 46/62/54 122/63/55 45/64/56
f 59/65/57 43/66/58 46/62/54
f 54/67/59 56/68/60 52/59/51
f 58/57/49 59/65/57 56/68/60
f 56/68/60 59/65/57 57/69/61
f 57/69/61 59/65/57 46/62/54
f 52/59/51 55/70/62 121/60/52
f 56/68/60 45/64/56 55/70/62
f 77/56/48 60/51/43 58/57/49
f 49/71/63 64/72/64 48/73/65
f 63/74/66 61/75/67 42/76/68
f 66/77/69 75/78/70 62/79/71
f 76/80/72 48/73/65 118/81/73
f 48/73/65 70/82/74 118/81/73
f 64/72/64 71/83/75 70/82/74
f 68/84/76 49/71/63 73/85/77
f 65/86/78 69/58/50 68/84/76
f 69/58/50 50/87/79 49/71/63
f 51/61/53 67/88/80 52/59/51
f 71/83/75 67/88/80 72/89/81
f 69/58/50 54/67/59 50/87/79
f 50/87/79 52/59/51 64/72/64
f 71/83/75 64/72/64 67/88/80
f 77/90/48 80/91/82 86/92/83
f 44/93/84 86/92/83 83/94/85
f 63/95/66 42/96/68 78/97/86
f 42/96/68 81/98/87 89/99/88
f 78/97/86 89/99/88 85/100/89
f 79/101/46 83/94/85 82/102/90
f 80/91/82 85/100/89 84/103/91
f 84/103/91 91/104/92 94/105/93
f 83/94/85 87/106/94 90/107/95
f 86/92/83 94/105/93 95/108/96
f 89/99/88 81/98/87 88/109/97
f 85/100/89 89/99/88 91/104/92
f 86/92/83 95/108/96 87/106/94
f 83/94/85 93/110/98 82/102/90
f 91/104/92 98/111/99 94/105/93
f 94/105/93 100/112/100 95/108/96
f 89/113/88 99/114/101 91/115/92
f 91/116/92 99/114/101 96/117/102
f 98/111/99 96/118/102 102/119/103
f 97/120/104 102/121/103 96/117/102
f 87/122/94 108/123/105 112/124/106
f 108/123/105 106/125/107 105/126/108
f 108/123/105 107/127/109 106/125/107
f 112/124/106 105/126/108 111/128/110
f 107/129/109 100/112/100 103/130/111
f 105/131/108 106/132/107 110/133/112
f 112/134/106 109/135/113 87/136/94
f 103/130/111 106/132/107 107/129/109
f 110/133/112 112/134/106 111/137/110
f 109/135/113 112/134/106 103/130/111
f 125/138/114 131/139/115 116/140/116
f 131/139/115 142/141/117 114/142/118
f 125/138/114 113/143/119 142/141/117
f 123/144/120 141/145/121 138/146/122
f 136/147/123 124/148/124 134/149/125
f 122/63/55 115/150/126 45/64/56
f 126/151/127 125/138/114 130/152/128
f 126/151/127 130/152/128 115/150/126
f 128/153/129 127/154/130 124/148/124
f 130/152/128 123/144/120 128/153/129
f 121/60/52 128/153/129 124/148/124
f 45/64/56 129/155/131 55/70/62
f 55/70/62 129/155/131 128/153/129
f 131/139/115 141/145/121 123/144/120
f 134/149/125 119/156/132 118/81/73
f 61/75/67 132/157/133 42/76/68
f 61/75/67 117/158/134 132/157/133
f 66/77/69 133/159/135 117/158/134
f 139/160/136 118/81/73 140/161/137
f 76/80/72 118/81/73 139/160/136
f 119/156/132 137/162/138 117/158/134
f 138/146/122 135/163/139 137/162/138
f 120/164/140 138/146/122 119/156/132
f 51/61/53 136/147/123 72/89/81
f 136/147/123 71/83/75 72/89/81
f 62/79/71 140/161/137 133/159/135
f 127/154/130 138/146/122 120/164/140
f 124/148/124 120/164/140 134/149/125
f 135/165/139 143/166/141 132/167/133
f 114/168/118 149/169/142 141/170/121
f 143/166/141 81/98/87 42/96/68
f 135/165/139 148/171/143 143/166/141
f 149/169/142 147/172/144 144/173/145
f 142/174/117 145/175/146 146/176/147
f 144/173/145 148/171/143 135/165/139
f 147/172/144 155/177/148 148/171/143
f 149/169/142 154/178/149 147/172/144
f 151/179/150 88/109/97 81/98/87
f 146/176/147 150/180/151 149/169/142
f 146/176/147 145/175/146 153/181/152
f 159/182/153 155/177/148 154/178/149
f 161/183/154 154/178/149 156/184/155
f 160/185/156 151/186/150 155/187/148
f 155/188/148 157/189/157 160/185/156
f 159/182/153 157/190/157 155/177/148
f 158/191/158 163/192/159 165/193/160
f 150/122/151 169/123/161 156/194/155
f 169/123/161 168/127/162 156/194/155
f 173/124/163 166/126/164 169/123/161
f 168/195/162 161/183/154 156/184/155
f 172/196/165 171/197/166 166/198/164
f 170/199/167 173/200/163 150/201/151
f 164/202/168 167/203/169 171/197/166
f 171/197/166 173/200/163 164/202/168
f 170/199/167 164/202/168 173/200/163
f 60/51/43 41/55/47 53/52/44
f 60/51/43 44/1129/84 79/54/46
f 80/1130/82 77/56/48 69/58/50
f 69/58/50 58/57/49 54/67/59
f 67/88/80 64/72/64 52/59/51
f 46/62/54 43/66/58 122/63/55
f 47/53/45 53/52/44 59/65/57
f 59/65/57 53/52/44 43/66/58
f 54/67/59 58/57/49 56/68/60
f 58/57/49 47/53/45 59/65/57
f 52/59/51 56/68/60 55/70/62
f 45/64/56 56/68/60 57/69/61
f 57/69/61 46/62/54 45/64/56
f 77/56/48 44/1129/84 60/51/43
f 58/57/49 60/51/43 47/53/45
f 48/73/65 73/85/77 49/71/63
f 49/71/63 50/87/79 64/72/64
f 63/74/66 73/85/77 66/77/69
f 61/75/67 63/74/66 66/77/69
f 66/77/69 73/85/77 75/78/70
f 74/1131/1330 73/85/77 48/73/65
f 76/80/72 74/1131/1330 48/73/65
f 48/73/65 64/72/64 70/82/74
f 63/74/66 68/84/76 73/85/77
f 63/74/66 65/86/78 68/84/76
f 68/84/76 69/58/50 49/71/63
f 65/86/78 80/1130/82 69/58/50
f 51/61/53 72/89/81 67/88/80
f 50/87/79 54/67/59 52/59/51
f 65/1132/78 63/95/66 78/97/86
f 44/93/84 77/90/48 86/92/83
f 44/93/84 83/94/85 79/101/46
f 78/97/86 42/96/68 89/99/88
f 65/1132/78 78/97/86 85/100/89
f 86/92/83 80/91/82 84/103/91
f 80/91/82 65/1132/78 85/100/89
f 84/103/91 85/100/89 91/104/92
f 86/92/83 84/103/91 94/105/93
f 83/94/85 90/107/95 93/110/98
f 83/94/85 86/92/83 87/106/94
f 94/105/93 98/111/99 100/112/100
f 89/113/88 88/1133/97 99/114/101
f 98/111/99 102/119/103 101/1134/1331
f 98/111/99 91/104/92 96/118/102
f 97/120/104 104/1135/1332 102/121/103
f 87/122/94 95/1136/96 108/123/105
f 108/123/105 95/1136/96 107/127/109
f 112/124/106 108/123/105 105/126/108
f 107/129/109 95/108/96 100/112/100
f 111/137/110 105/131/108 110/133/112
f 103/130/111 110/133/112 106/132/107
f 110/133/112 103/130/111 112/134/106
f 131/139/115 125/138/114 142/141/117
f 138/146/122 141/145/121 144/1137/145
f 127/154/130 123/144/120 138/146/122
f 136/147/123 121/60/52 124/148/124
f 122/63/55 126/151/127 115/150/126
f 130/152/128 125/138/114 116/140/116
f 128/153/129 123/144/120 127/154/130
f 130/152/128 116/140/116 123/144/120
f 128/153/129 129/155/131 130/152/128
f 129/155/131 115/150/126 130/152/128
f 121/60/52 55/70/62 128/153/129
f 45/64/56 115/150/126 129/155/131
f 131/139/115 114/142/118 141/145/121
f 116/140/116 131/139/115 123/144/120
f 119/156/132 140/161/137 118/81/73
f 117/158/134 133/159/135 140/161/137
f 117/158/134 140/161/137 119/156/132
f 134/149/125 120/164/140 119/156/132
f 61/75/67 66/77/69 117/158/134
f 66/77/69 62/79/71 133/159/135
f 70/82/74 134/149/125 118/81/73
f 71/83/75 134/149/125 70/82/74
f 117/158/134 137/162/138 132/157/133
f 137/162/138 135/163/139 132/157/133
f 119/156/132 138/146/122 137/162/138
f 138/146/122 144/1137/145 135/163/139
f 51/61/53 121/60/52 136/147/123
f 136/147/123 134/149/125 71/83/75
f 124/148/124 127/154/130 120/164/140
f 141/170/121 149/169/142 144/173/145
f 132/167/133 143/166/141 42/96/68
f 114/168/118 146/176/147 149/169/142
f 142/174/117 146/176/147 114/168/118
f 143/166/141 148/171/143 151/179/150
f 143/166/141 151/179/150 81/98/87
f 144/173/145 147/172/144 148/171/143
f 147/172/144 154/178/149 155/177/148
f 146/176/147 152/1138/1333 150/180/151
f 149/169/142 156/184/155 154/178/149
f 153/181/152 152/1138/1333 146/176/147
f 148/171/143 155/177/148 151/179/150
f 149/169/142 150/180/151 156/184/155
f 161/183/154 159/182/153 154/178/149
f 160/185/156 88/1133/97 151/186/150
f 162/1139/1334 163/1140/159 159/182/153
f 159/182/153 163/1140/159 157/190/157
f 158/191/158 157/189/157 163/192/159
f 150/122/151 173/124/163 169/123/161
f 169/123/161 166/126/164 167/125/169
f 169/123/161 167/125/169 168/127/162
f 173/124/163 172/128/165 166/126/164
f 168/195/162 164/202/168 161/183/154
f 166/198/164 171/197/166 167/203/169
f 164/202/168 168/195/162 167/203/169
f 171/197/166 172/196/165 173/200/163
