# Blender 5.1.2
# www.blender.org
mtllib character.mtl
o handkerchief.002_triangulated
v 0.273202 1.311147 -0.080116
v 0.210684 1.364425 -0.075545
v 0.307722 1.368468 -0.040943
v 0.245600 1.427215 -0.042370
v 0.305288 1.367192 0.002587
v 0.242269 1.423291 0.000701
v 0.253522 1.284519 -0.001174
v 0.192809 1.336139 -0.006140
v 0.196114 1.340002 -0.049539
v 0.256216 1.285967 -0.048759
v 0.227264 1.398237 0.029689
v 0.287955 1.341702 0.038025
v 0.233489 1.404579 -0.073070
v 0.294556 1.345350 -0.076884
v 0.201377 1.352657 0.026860
v 0.261725 1.299742 0.034957
v 0.253220 1.329889 -0.074375
v 0.232543 1.347132 -0.074452
v 0.284063 1.385233 -0.039984
v 0.263146 1.406440 -0.040979
v 0.281612 1.383175 0.000146
v 0.260418 1.403421 0.000155
v 0.236118 1.304420 -0.004283
v 0.216088 1.320075 -0.005379
v 0.218884 1.323110 -0.048006
v 0.238723 1.306565 -0.047015
v 0.246398 1.378883 0.029786
v 0.266779 1.359457 0.030942
v 0.252186 1.384300 -0.071856
v 0.272645 1.363777 -0.071618
v 0.223469 1.335698 0.027019
v 0.243500 1.319056 0.028178
v 0.270268 1.368568 -0.073237
v 0.269061 1.381969 -0.078134
v 0.300795 1.393580 -0.101783
v 0.295046 1.411757 -0.106569
v 0.273733 1.371948 -0.066437
v 0.272600 1.385377 -0.071784
v 0.304334 1.396988 -0.095433
v 0.298585 1.415165 -0.100219
v 0.314782 1.399006 -0.107379
v 0.304870 1.428144 -0.114645
v 0.269520 1.365978 -0.067838
v 0.267067 1.390211 -0.075694
v 0.286806 1.372888 -0.084393
v 0.273079 1.409588 -0.092823
v 0.290345 1.376297 -0.078043
v 0.276618 1.412997 -0.086473
v 0.273326 1.425546 -0.095138
v 0.294668 1.372983 -0.084042
v 0.264101 1.363757 -0.072233
v 0.257102 1.371337 -0.082419
v 0.260517 1.355838 -0.120488
v 0.249823 1.368939 -0.130506
v 0.263342 1.376175 -0.083873
v 0.266757 1.360676 -0.121943
v 0.256063 1.373777 -0.131961
v 0.265324 1.351911 -0.135249
v 0.247979 1.373381 -0.150684
v 0.255885 1.379611 -0.085233
v 0.266748 1.354766 -0.090718
v 0.244543 1.382646 -0.109049
v 0.272989 1.359604 -0.092173
v 0.250784 1.387484 -0.110503
v 0.240141 1.393326 -0.120302
v 0.272431 1.352261 -0.095554
v -0.000000 1.670069 0.141580
v 0.117990 1.665826 0.078447
v 0.122013 1.816512 0.087298
v -0.000000 1.525440 0.117012
v 0.000000 1.825179 0.157277
v 0.084460 1.665318 0.112376
v 0.037581 1.668225 0.133908
v 0.037408 1.538963 0.106630
v 0.089592 1.821425 0.121361
v 0.045575 1.824004 0.148545
v 0.123816 1.719466 0.078946
v 0.125799 1.771914 0.083381
v 0.000000 1.716171 0.150645
v 0.000000 1.767823 0.163770
v 0.041682 1.715536 0.143642
v 0.045227 1.767262 0.154982
v 0.089356 1.716612 0.119490
v 0.092517 1.768912 0.128140
v 0.077620 1.566273 0.090927
v 0.106644 1.602760 0.084878
v -0.000000 1.556383 0.125916
v -0.000000 1.588546 0.144040
v -0.000000 1.636844 0.169524
v 0.031243 1.561313 0.120832
v 0.029052 1.590990 0.135197
v 0.031220 1.614125 0.135388
v 0.058330 1.580243 0.118969
v 0.076185 1.608460 0.119674
v -0.000000 1.609564 0.146512
v 0.018064 1.670189 0.139982
v 0.123775 1.797064 0.083929
v 0.115639 1.640727 0.080774
v -0.000000 1.651567 0.146045
v 0.022983 1.824902 0.155069
v 0.000000 1.796139 0.162260
v 0.105352 1.665976 0.096824
v 0.060141 1.665604 0.124215
v 0.018046 1.530750 0.114429
v 0.107990 1.819347 0.103378
v 0.068008 1.822703 0.137268
v 0.035410 1.647442 0.134063
v 0.082581 1.641323 0.114823
v 0.045917 1.795228 0.154061
v 0.091277 1.795950 0.125541
v 0.120711 1.692730 0.077776
v 0.126230 1.746201 0.081151
v -0.000000 1.691884 0.143383
v 0.000000 1.741625 0.158736
v 0.039636 1.691155 0.136798
v 0.043730 1.740849 0.151209
v 0.086699 1.691043 0.113997
v 0.091422 1.742461 0.125090
v 0.065076 1.715226 0.133914
v 0.068768 1.767160 0.144437
v 0.020019 1.716205 0.148998
v 0.022465 1.767871 0.161103
v 0.110499 1.718606 0.100458
v 0.112919 1.771021 0.106925
v 0.095583 1.584125 0.087342
v -0.000000 1.539264 0.122645
v -0.000000 1.567528 0.133965
v -0.000000 1.619233 0.151707
v 0.035304 1.547617 0.114773
v 0.028581 1.570191 0.128217
v 0.029667 1.601273 0.134238
v 0.058060 1.551612 0.097420
v 0.069044 1.593363 0.119413
v 0.046068 1.569476 0.118810
v 0.044839 1.587361 0.127548
v 0.053116 1.612294 0.128820
v 0.014935 1.557248 0.124280
v 0.013302 1.590200 0.141506
v 0.014516 1.635541 0.146243
v 0.071179 1.571862 0.106080
v 0.095763 1.604924 0.104107
v -0.000000 1.597602 0.143121
v 0.013170 1.610843 0.144114
v 0.109688 1.796811 0.104723
v 0.103401 1.641114 0.099599
v 0.016369 1.651236 0.143128
v 0.058155 1.642887 0.125375
v 0.023024 1.795903 0.160343
v 0.069119 1.795094 0.142655
v 0.062454 1.690272 0.127005
v 0.067326 1.740771 0.140896
v 0.019050 1.692134 0.141679
v 0.021352 1.741474 0.157115
v 0.107701 1.692368 0.097165
v 0.112613 1.744913 0.104284
v 0.049204 1.599195 0.129120
v 0.017111 1.540560 0.120610
v 0.014545 1.567478 0.131907
v 0.012713 1.599398 0.140435
v 0.053554 1.558371 0.109284
v 0.086117 1.587974 0.104552
v 0.013413 1.622448 0.146369
v -0.000000 1.639291 0.169017
v 0.003113 1.635809 0.165694
v -0.000000 1.580397 0.140639
v 0.028694 1.582069 0.133174
v 0.013726 1.581639 0.138795
v 0.038588 1.577428 0.126807
v 0.013664 1.575047 0.131758
v -0.000000 1.574415 0.134625
v 0.028412 1.576225 0.129789
v 0.013664 1.574384 0.131716
v -0.000000 1.575078 0.134667
v 0.101010 1.622134 0.102199
v 0.112510 1.620618 0.082985
v 0.080710 1.623821 0.118269
v 0.056268 1.625756 0.128804
v 0.032105 1.628891 0.134385
v 0.123562 1.665157 0.058603
v 0.128149 1.809382 0.074376
v -0.000000 1.523196 0.111678
v 0.037202 1.535384 0.096593
v 0.129722 1.719312 0.056408
v 0.132869 1.771649 0.058779
v 0.079686 1.564116 0.076499
v 0.110395 1.601256 0.067372
v 0.131049 1.799688 0.060995
v 0.120862 1.640527 0.061256
v 0.017585 1.527277 0.105452
v 0.126465 1.692382 0.056900
v 0.132362 1.745920 0.057083
v 0.098174 1.582312 0.071199
v 0.059344 1.549074 0.084631
v 0.116955 1.619553 0.064400
v 0.125189 1.665937 0.031565
v -0.000000 1.526093 0.094684
v 0.032651 1.536651 0.078078
v 0.131113 1.719626 0.027257
v 0.134748 1.774699 0.029881
v 0.079394 1.565143 0.056157
v 0.110689 1.600616 0.044463
v 0.122465 1.642154 0.035296
v 0.013411 1.530200 0.084209
v 0.127937 1.692981 0.028891
v 0.133763 1.745649 0.026651
v 0.097637 1.582290 0.049620
v 0.057413 1.550404 0.065906
v 0.118075 1.619851 0.039935
v 0.124969 1.666773 -0.003713
v 0.000000 1.535336 0.065213
v 0.019190 1.542105 0.047493
v 0.129437 1.725578 -0.012142
v 0.073894 1.570126 0.024615
v 0.107232 1.604052 0.014004
v 0.121052 1.642503 0.002852
v 0.000000 1.588157 -0.058650
v 0.128688 1.691418 -0.008882
v 0.132692 1.748653 0.002906
v 0.092978 1.586097 0.018728
v 0.048659 1.555157 0.035895
v 0.115121 1.619020 0.010454
v 0.000000 1.542301 0.038861
v 0.058847 1.568896 0.000444
v 0.048006 1.570760 -0.010610
v 0.100154 1.611331 -0.012803
v 0.032272 1.584345 -0.044094
v 0.083193 1.592341 -0.009268
v 0.031692 1.555887 0.021796
v 0.111967 1.621746 -0.003534
v 0.082762 1.620786 -0.048100
v 0.061702 1.592580 -0.039115
v 0.118037 1.649352 -0.030137
v 0.038713 1.596367 -0.063929
v 0.155999 1.684405 -0.034968
v 0.148306 1.653855 -0.025827
v 0.151913 1.707331 -0.030310
v 0.131523 1.624632 -0.007006
v 0.135940 1.706657 -0.016820
v 0.121776 1.617696 0.005323
v 0.138057 1.675413 -0.021568
v 0.126957 1.638548 -0.007183
v 0.118813 1.619827 -0.000403
v 0.128219 1.626528 -0.013041
v 0.125127 1.704199 -0.013990
v 0.153644 1.685617 -0.040606
v 0.144372 1.656404 -0.033198
v 0.150271 1.710178 -0.035445
v 0.134645 1.710334 -0.019059
v -0.117990 1.665826 0.078447
v -0.122013 1.816512 0.087298
v -0.084460 1.665318 0.112376
v -0.037581 1.668225 0.133908
v -0.037408 1.538963 0.106630
v -0.089592 1.821425 0.121361
v -0.045575 1.824004 0.148545
v -0.123816 1.719466 0.078946
v -0.125799 1.771914 0.083381
v -0.041682 1.715536 0.143642
v -0.045227 1.767262 0.154982
v -0.089356 1.716612 0.119490
v -0.092517 1.768912 0.128140
v -0.077620 1.566273 0.090927
v -0.106644 1.602760 0.084878
v -0.031243 1.561313 0.120832
v -0.029052 1.590990 0.135197
v -0.031220 1.614125 0.135388
v -0.058330 1.580243 0.118969
v -0.076185 1.608460 0.119674
v -0.018064 1.670189 0.139982
v -0.123775 1.797064 0.083929
v -0.115639 1.640727 0.080774
v -0.022983 1.824902 0.155069
v -0.105352 1.665976 0.096824
v -0.060141 1.665604 0.124215
v -0.018046 1.530750 0.114429
v -0.107990 1.819347 0.103378
v -0.068008 1.822703 0.137268
v -0.035410 1.647442 0.134063
v -0.082581 1.641323 0.114823
v -0.045917 1.795228 0.154061
v -0.091277 1.795950 0.125541
v -0.120711 1.692730 0.077776
v -0.126230 1.746201 0.081151
v -0.039636 1.691155 0.136798
v -0.043730 1.740849 0.151209
v -0.086699 1.691043 0.113997
v -0.091422 1.742461 0.125090
v -0.065076 1.715226 0.133914
v -0.068768 1.767160 0.144437
v -0.020019 1.716205 0.148998
v -0.022465 1.767871 0.161103
v -0.110499 1.718606 0.100458
v -0.112919 1.771021 0.106925
v -0.095583 1.584125 0.087342
v -0.035304 1.547617 0.114773
v -0.028581 1.570191 0.128217
v -0.029667 1.601273 0.134238
v -0.058060 1.551612 0.097420
v -0.069044 1.593363 0.119413
v -0.046068 1.569476 0.118810
v -0.044839 1.587361 0.127548
v -0.053116 1.612294 0.128820
v -0.014935 1.557248 0.124280
v -0.013302 1.590200 0.141506
v -0.014516 1.635541 0.146243
v -0.071179 1.571862 0.106080
v -0.095763 1.604924 0.104107
v -0.013170 1.610843 0.144114
v -0.109688 1.796811 0.104723
v -0.103401 1.641114 0.099599
v -0.016369 1.651236 0.143128
v -0.058155 1.642887 0.125375
v -0.023024 1.795903 0.160343
v -0.069119 1.795094 0.142655
v -0.062454 1.690272 0.127005
v -0.067326 1.740771 0.140896
v -0.019050 1.692134 0.141679
v -0.021352 1.741474 0.157115
v -0.107701 1.692368 0.097165
v -0.112613 1.744913 0.104284
v -0.049204 1.599195 0.129120
v -0.017111 1.540560 0.120610
v -0.014545 1.567478 0.131907
v -0.012713 1.599398 0.140435
v -0.053554 1.558371 0.109284
v -0.086117 1.587974 0.104552
v -0.013413 1.622448 0.146369
v -0.003113 1.635809 0.165694
v -0.028694 1.582069 0.133174
v -0.013726 1.581639 0.138795
v -0.038588 1.577428 0.126807
v -0.013664 1.575047 0.131758
v -0.028412 1.576225 0.129789
v -0.013664 1.574384 0.131716
v -0.101010 1.622134 0.102199
v -0.112510 1.620618 0.082985
v -0.080710 1.623821 0.118269
v -0.056268 1.625756 0.128804
v -0.032105 1.628891 0.134385
v -0.123562 1.665157 0.058603
v -0.128149 1.809382 0.074376
v -0.037202 1.535384 0.096593
v -0.129722 1.719312 0.056408
v -0.132869 1.771649 0.058779
v -0.079686 1.564116 0.076499
v -0.110395 1.601256 0.067372
v -0.131049 1.799688 0.060995
v -0.120862 1.640527 0.061256
v -0.017585 1.527277 0.105452
v -0.126465 1.692382 0.056900
v -0.132362 1.745920 0.057083
v -0.098174 1.582312 0.071199
v -0.059344 1.549074 0.084631
v -0.116955 1.619553 0.064400
v -0.125189 1.665937 0.031565
v -0.032651 1.536651 0.078078
v -0.131113 1.719626 0.027257
v -0.134748 1.774699 0.029881
v -0.079394 1.565143 0.056157
v -0.110689 1.600616 0.044463
v -0.122465 1.642154 0.035296
v -0.013411 1.530200 0.084209
v -0.127937 1.692981 0.028891
v -0.133763 1.745649 0.026651
v -0.097637 1.582290 0.049620
v -0.057413 1.550404 0.065906
v -0.118075 1.619851 0.039935
v -0.124969 1.666773 -0.003713
v -0.019190 1.542105 0.047493
v -0.129437 1.725578 -0.012142
v -0.073894 1.570126 0.024615
v -0.107232 1.604052 0.014004
v -0.121052 1.642503 0.002852
v -0.128688 1.691418 -0.008882
v -0.132692 1.748653 0.002906
v -0.092978 1.586097 0.018728
v -0.048659 1.555157 0.035895
v -0.115121 1.619020 0.010454
v -0.058847 1.568896 0.000444
v -0.048006 1.570760 -0.010610
v -0.100154 1.611331 -0.012803
v -0.032272 1.584345 -0.044094
v -0.083193 1.592341 -0.009268
v -0.031692 1.555887 0.021796
v -0.111967 1.621746 -0.003534
v -0.082762 1.620786 -0.048100
v -0.061702 1.592580 -0.039115
v -0.118037 1.649352 -0.030137
v -0.038713 1.596367 -0.063929
v -0.155999 1.684405 -0.034968
v -0.148306 1.653855 -0.025827
v -0.151913 1.707331 -0.030310
v -0.131523 1.624632 -0.007006
v -0.135940 1.706657 -0.016820
v -0.121776 1.617696 0.005323
v -0.138057 1.675413 -0.021568
v -0.126957 1.638548 -0.007183
v -0.118813 1.619827 -0.000403
v -0.128219 1.626528 -0.013041
v -0.125127 1.704199 -0.013990
v -0.153644 1.685617 -0.040606
v -0.144372 1.656404 -0.033198
v -0.150271 1.710178 -0.035445
v -0.134645 1.710334 -0.019059
v 0.130097 1.783851 0.111085
v 0.098078 1.808747 0.135640
v 0.067702 1.810007 0.151603
v 0.036152 1.811251 0.161238
v 0.000000 1.811803 0.164459
v 0.054355 1.731986 0.160465
v 0.026356 1.733230 0.169499
v 0.000000 1.733782 0.173322
v 0.105451 1.721617 0.128429
v 0.066125 1.730160 0.155267
v 0.065557 1.809860 0.146984
v 0.052822 1.731681 0.155616
v 0.025330 1.732810 0.164526
v 0.000000 1.733265 0.168262
v 0.102614 1.721641 0.124197
v 0.063463 1.730158 0.150924
v 0.000000 1.556062 -0.250167
v 0.000000 1.705507 -0.217336
v 0.019694 1.548626 -0.249265
v 0.040100 1.697211 -0.205283
v 0.029577 1.530181 -0.248281
v 0.069390 1.689414 -0.195594
v 0.020058 1.513326 -0.249692
v 0.000000 1.571216 -0.232085
v 0.000000 1.604950 -0.239070
v 0.000000 1.665759 -0.230422
v 0.048037 1.658731 -0.213626
v 0.042775 1.602621 -0.224552
v 0.032061 1.558746 -0.220208
v 0.069506 1.642599 -0.190851
v 0.069767 1.547602 -0.187333
v 0.054620 1.536020 -0.198122
v 0.040697 1.576205 -0.031488
v 0.057149 1.541561 -0.141437
v 0.039983 1.512138 -0.172956
v 0.000000 1.563128 -0.267896
v 0.012862 1.558761 -0.269177
v 0.018937 1.550414 -0.272332
v 0.014257 1.542649 -0.276718
v 0.000000 1.569182 -0.279317
v 0.000000 1.505214 -0.250890
v 0.000000 1.499293 -0.159026
v 0.000000 1.549988 -0.095150
v 0.000000 1.576757 -0.044550
v 0.000000 1.536870 -0.279806
v 0.142523 1.543661 -0.197826
v 0.127450 1.680194 -0.168871
v 0.166582 1.536652 -0.182422
v 0.154773 1.677734 -0.136039
v 0.168236 1.505477 -0.186643
v 0.174941 1.673895 -0.101053
v 0.134820 1.558696 -0.185768
v 0.137796 1.590323 -0.188552
v 0.134134 1.648597 -0.180261
v 0.161524 1.643372 -0.144992
v 0.168842 1.588057 -0.152304
v 0.163011 1.549625 -0.160359
v 0.166316 1.638055 -0.101165
v 0.170882 1.582437 -0.102763
v 0.167396 1.526228 -0.136802
v 0.140974 1.543383 -0.100560
v 0.145870 1.503966 -0.128745
v 0.150968 1.549429 -0.209930
v 0.163182 1.546666 -0.203281
v 0.170395 1.533822 -0.208196
v 0.155851 1.558366 -0.216648
v 0.144498 1.492753 -0.200325
v 0.107498 1.491866 -0.140669
v 0.080909 1.542554 -0.097800
v 0.077386 1.591266 -0.012785
v 0.156995 1.526387 -0.220473
v 0.123092 1.537939 -0.209481
v 0.099660 1.683239 -0.184296
v 0.121693 1.505477 -0.215510
v 0.095034 1.644265 -0.189341
v 0.100752 1.588549 -0.198212
v 0.106467 1.551185 -0.196790
v 0.077416 1.526228 -0.192610
v 0.079764 1.503966 -0.169746
v 0.138414 1.546564 -0.218675
v 0.140041 1.533822 -0.227022
v 0.220348 1.538122 -0.080684
v 0.194104 1.673390 -0.052969
v 0.235135 1.531291 -0.049795
v 0.198171 1.681184 -0.005500
v 0.230390 1.501723 -0.047450
v 0.180799 1.695875 0.027797
v 0.204124 1.558681 -0.071072
v 0.209399 1.589954 -0.065205
v 0.202459 1.647098 -0.055195
v 0.212098 1.641327 -0.005419
v 0.220933 1.587563 -0.016000
v 0.219917 1.547666 -0.028405
v 0.177563 1.628366 0.031294
v 0.197188 1.576179 0.017395
v 0.210102 1.526228 -0.013078
v 0.150315 1.606474 0.027331
v 0.156336 1.555070 0.018336
v 0.187290 1.503966 -0.015889
v 0.236981 1.534821 -0.090538
v 0.244956 1.532231 -0.075865
v 0.246261 1.517768 -0.075345
v 0.251249 1.540187 -0.098991
v 0.208809 1.488946 -0.073847
v 0.158782 1.491866 -0.044208
v 0.115382 1.542554 -0.018495
v 0.106017 1.599974 -0.005673
v 0.236412 1.508800 -0.090201
v 0.200359 1.531291 -0.108490
v 0.196024 1.501723 -0.105456
v 0.174289 1.547666 -0.105418
v 0.156131 1.526228 -0.104172
v 0.102752 1.555070 -0.072107
v 0.147639 1.503966 -0.082814
v 0.227942 1.532231 -0.104581
v 0.228113 1.517768 -0.105976
v 0.107829 1.630300 0.101743
v 0.110827 1.708382 0.103269
v 0.177009 1.749957 0.023447
v 0.097760 1.586726 0.104344
v 0.178985 1.576312 0.025144
v 0.152244 1.711074 0.089375
v 0.142497 1.570466 0.074625
v 0.150432 1.776741 0.084281
v 0.149228 1.635733 0.086236
v 0.109633 1.577270 0.092927
v 0.188021 1.549460 0.015792
v 0.182275 1.528841 0.034006
v 0.217870 1.544299 -0.002177
v 0.079205 1.568968 0.112292
v 0.162618 1.566268 0.019196
v 0.113138 1.711161 0.092479
v 0.130772 1.618434 0.073714
v 0.106054 1.573106 0.084159
v 0.172592 1.540033 0.010404
v 0.102815 1.619956 0.008642
v 0.113701 1.713979 0.074075
v 0.094498 1.801942 0.113927
v 0.120488 1.693997 0.048627
v 0.201326 1.742990 0.002515
v 0.143805 1.808493 0.085228
v 0.148422 1.622722 0.025051
v 0.244521 1.734776 0.000375
v 0.172356 1.602528 0.031935
v 0.143679 1.601318 0.084788
v 0.134191 1.592646 0.073217
v 0.152805 1.544541 0.062506
v 0.183357 1.561498 0.020358
v 0.164868 1.554898 0.014940
v 0.198193 1.544689 0.009149
v 0.189150 1.538871 0.005482
v 0.196153 1.529940 0.017187
v 0.172456 1.633982 0.063911
v 0.174507 1.573389 0.055800
v 0.172604 1.707497 0.058106
v 0.163824 1.777562 0.055907
v 0.194813 1.539323 0.031794
v 0.160348 1.805208 0.053754
v 0.170390 1.601923 0.063678
v 0.182393 1.553020 0.047582
v 0.205067 1.538232 0.015798
v 0.133251 1.626546 0.038400
v 0.166445 1.534404 0.020584
v 0.144365 1.568367 0.042115
v 0.116106 1.656043 0.029625
v 0.137101 1.596689 0.044462
v 0.150319 1.549719 0.033737
v 0.187075 1.531145 0.009959
v 0.133610 1.708884 0.101195
v 0.107753 1.582580 0.103766
v 0.131153 1.632529 0.100657
v 0.103922 1.608917 0.101321
v 0.133238 1.602898 0.085557
v 0.124094 1.594353 0.073665
v 0.125499 1.606184 0.099613
v 0.000000 1.751379 -0.219636
v 0.037251 1.748401 -0.210704
v 0.067732 1.745417 -0.197545
v 0.129310 1.742805 -0.168118
v 0.155250 1.740926 -0.132789
v 0.175797 1.736238 -0.098373
v 0.099977 1.743245 -0.186499
v 0.192871 1.737326 -0.054079
v 0.182085 1.753416 0.003214
v 0.000000 1.787710 -0.218008
v 0.037616 1.783092 -0.214382
v 0.069147 1.779838 -0.200363
v 0.129066 1.775885 -0.165983
v 0.150000 1.774495 -0.127686
v 0.171439 1.772943 -0.096403
v 0.102081 1.777179 -0.183591
v 0.182697 1.773223 -0.055352
v 0.185419 1.776052 -0.018660
v 0.109260 1.884007 0.090854
v 0.111763 1.882564 -0.138100
v 0.000000 1.912728 -0.165059
v 0.034212 1.905400 -0.163220
v 0.068617 1.899595 -0.152667
v 0.090358 1.891341 -0.144106
v 0.118881 1.865291 -0.147012
v 0.125897 1.839417 -0.158152
v 0.129063 1.808374 -0.161470
v 0.115440 1.891341 -0.117730
v 0.130188 1.899662 -0.094455
v 0.136093 1.905334 -0.060007
v 0.137989 1.907549 -0.021474
v 0.129527 1.905392 0.012169
v 0.123598 1.899582 0.044585
v 0.115440 1.891341 0.072307
v 0.113054 1.863698 0.099331
v 0.118218 1.838362 0.105540
v 0.090358 1.891341 0.098683
v 0.067614 1.899592 0.107276
v 0.033093 1.905400 0.113320
v 0.000000 1.907565 0.115573
v 0.000000 1.815272 -0.214784
v 0.000000 1.851459 -0.204807
v 0.000000 1.884451 -0.188221
v 0.035847 1.812263 -0.210274
v 0.036049 1.846223 -0.201514
v 0.034793 1.878110 -0.185540
v 0.070194 1.809987 -0.198191
v 0.068916 1.843629 -0.188085
v 0.068771 1.873958 -0.173361
v 0.101644 1.808654 -0.182275
v 0.098222 1.840756 -0.173374
v 0.093143 1.868818 -0.161198
v 0.154991 1.808832 -0.128363
v 0.143273 1.840756 -0.126000
v 0.131694 1.868818 -0.120659
v 0.172342 1.809813 -0.094956
v 0.163451 1.843481 -0.094497
v 0.149707 1.873942 -0.094239
v 0.182286 1.811560 -0.055957
v 0.175072 1.846300 -0.057992
v 0.158810 1.878099 -0.059094
v 0.178993 1.806783 -0.011849
v 0.174479 1.847264 -0.017886
v 0.160222 1.879741 -0.019995
v 0.168040 1.818709 0.020013
v 0.161154 1.845962 0.014091
v 0.149114 1.877967 0.012476
v 0.150585 1.843627 0.049011
v 0.143273 1.873948 0.046022
v 0.136594 1.840756 0.080577
v 0.131694 1.868818 0.075236
v 0.091543 1.840756 0.127951
v 0.093143 1.868818 0.115775
v 0.067639 1.843625 0.142662
v 0.067608 1.873955 0.127960
v 0.034930 1.846223 0.151614
v 0.033673 1.878110 0.135640
v 0.000000 1.847328 0.154651
v 0.000000 1.879764 0.138345
v 0.096634 1.907759 -0.125313
v 0.068457 1.919464 -0.125988
v 0.034793 1.926841 -0.134809
v 0.000000 1.934977 -0.135621
v 0.104763 1.919506 -0.095190
v 0.074692 1.933557 -0.096372
v 0.034996 1.942225 -0.098261
v 0.000000 1.950841 -0.099901
v 0.107185 1.926772 -0.060685
v 0.070586 1.942141 -0.061115
v 0.036150 1.951407 -0.061330
v 0.000000 1.958150 -0.061446
v 0.109214 1.929541 -0.022280
v 0.074580 1.944729 -0.022356
v 0.037237 1.953936 -0.021870
v 0.000000 1.957810 -0.020967
v 0.101833 1.927055 0.012748
v 0.069126 1.942246 0.013999
v 0.035155 1.951337 0.015289
v 0.000000 1.954534 0.015848
v 0.098222 1.919455 0.046022
v 0.067741 1.933587 0.049009
v 0.034930 1.942185 0.051713
v 0.000000 1.945103 0.052864
v 0.093143 1.907759 0.075236
v 0.067660 1.919462 0.080586
v 0.033673 1.926841 0.084909
v 0.000000 1.929439 0.086630
v 0.035225 1.811142 0.156107
v 0.000000 1.812264 0.161079
v 0.000000 1.772141 0.173333
v 0.032362 1.771590 0.169811
v 0.061294 1.770623 0.159682
v 0.060298 1.770120 0.155743
v 0.000000 1.772114 0.169125
v 0.031385 1.771325 0.164759
v 0.102082 1.765978 0.135989
v 0.069169 1.770084 0.156161
v 0.066766 1.770009 0.151680
v 0.114835 1.753790 0.119871
v 0.117436 1.754583 0.122573
v 0.124144 1.810464 0.109939
v 0.194314 1.751500 0.029026
v 0.200972 1.776177 0.015946
v 0.205021 1.756686 -0.004744
v 0.196561 1.740682 0.017543
v 0.204864 1.771455 0.001234
v 0.196277 1.767296 0.028315
v -0.130097 1.783851 0.111085
v -0.098078 1.808747 0.135640
v -0.067702 1.810007 0.151603
v -0.036152 1.811251 0.161238
v -0.054355 1.731986 0.160465
v -0.026356 1.733230 0.169499
v -0.105451 1.721617 0.128429
v -0.066125 1.730160 0.155267
v -0.065557 1.809860 0.146984
v -0.052822 1.731681 0.155616
v -0.025330 1.732810 0.164526
v -0.102614 1.721641 0.124197
v -0.063463 1.730158 0.150924
v -0.019694 1.548626 -0.249265
v -0.040100 1.697211 -0.205283
v -0.029577 1.530181 -0.248281
v -0.069390 1.689414 -0.195594
v -0.020058 1.513326 -0.249692
v -0.048037 1.658731 -0.213626
v -0.042775 1.602621 -0.224552
v -0.032061 1.558746 -0.220208
v -0.069506 1.642599 -0.190851
v -0.069767 1.547602 -0.187333
v -0.054620 1.536020 -0.198122
v -0.040697 1.576205 -0.031488
v -0.057149 1.541561 -0.141437
v -0.039983 1.512138 -0.172956
v -0.012862 1.558761 -0.269177
v -0.018937 1.550414 -0.272332
v -0.014257 1.542649 -0.276718
v -0.142523 1.543661 -0.197826
v -0.127450 1.680194 -0.168871
v -0.166582 1.536652 -0.182422
v -0.154773 1.677734 -0.136039
v -0.168236 1.505477 -0.186643
v -0.174941 1.673895 -0.101053
v -0.134820 1.558696 -0.185768
v -0.137796 1.590323 -0.188552
v -0.134134 1.648597 -0.180261
v -0.161524 1.643372 -0.144992
v -0.168842 1.588057 -0.152304
v -0.163011 1.549625 -0.160359
v -0.166316 1.638055 -0.101165
v -0.170882 1.582437 -0.102763
v -0.167396 1.526228 -0.136802
v -0.140974 1.543383 -0.100560
v -0.145870 1.503966 -0.128745
v -0.150968 1.549429 -0.209930
v -0.163182 1.546666 -0.203281
v -0.170395 1.533822 -0.208196
v -0.155851 1.558366 -0.216648
v -0.144498 1.492753 -0.200325
v -0.107498 1.491866 -0.140669
v -0.080909 1.542554 -0.097800
v -0.077386 1.591266 -0.012785
v -0.156995 1.526387 -0.220473
v -0.123092 1.537939 -0.209481
v -0.099660 1.683239 -0.184296
v -0.121693 1.505477 -0.215510
v -0.095034 1.644265 -0.189341
v -0.100752 1.588549 -0.198212
v -0.106467 1.551185 -0.196790
v -0.077416 1.526228 -0.192610
v -0.079764 1.503966 -0.169746
v -0.138414 1.546564 -0.218675
v -0.140041 1.533822 -0.227022
v -0.220348 1.538122 -0.080684
v -0.194104 1.673390 -0.052969
v -0.235135 1.531291 -0.049795
v -0.198171 1.681184 -0.005500
v -0.230390 1.501723 -0.047450
v -0.180799 1.695875 0.027797
v -0.204124 1.558681 -0.071072
v -0.209399 1.589954 -0.065205
v -0.202459 1.647098 -0.055195
v -0.212098 1.641327 -0.005419
v -0.220933 1.587563 -0.016000
v -0.219917 1.547666 -0.028405
v -0.177563 1.628366 0.031294
v -0.197188 1.576179 0.017395
v -0.210102 1.526228 -0.013078
v -0.150315 1.606474 0.027331
v -0.156336 1.555070 0.018336
v -0.187290 1.503966 -0.015889
v -0.236981 1.534821 -0.090538
v -0.244956 1.532231 -0.075865
v -0.246261 1.517768 -0.075345
v -0.251249 1.540187 -0.098991
v -0.208809 1.488946 -0.073847
v -0.158782 1.491866 -0.044208
v -0.115382 1.542554 -0.018495
v -0.106017 1.599974 -0.005673
v -0.236412 1.508800 -0.090201
v -0.200359 1.531291 -0.108490
v -0.196024 1.501723 -0.105456
v -0.174289 1.547666 -0.105418
v -0.156131 1.526228 -0.104172
v -0.102752 1.555070 -0.072107
v -0.147639 1.503966 -0.082814
v -0.227942 1.532231 -0.104581
v -0.228113 1.517768 -0.105976
v -0.107829 1.630300 0.101743
v -0.110827 1.708382 0.103269
v -0.177009 1.749957 0.023447
v -0.097760 1.586726 0.104344
v -0.178985 1.576312 0.025144
v -0.152244 1.711074 0.089375
v -0.142497 1.570466 0.074625
v -0.150432 1.776741 0.084281
v -0.149228 1.635733 0.086236
v -0.109633 1.577270 0.092927
v -0.188021 1.549460 0.015792
v -0.182275 1.528841 0.034006
v -0.217870 1.544299 -0.002177
v -0.079205 1.568968 0.112292
v -0.162618 1.566268 0.019196
v -0.113138 1.711161 0.092479
v -0.130772 1.618434 0.073714
v -0.106054 1.573106 0.084159
v -0.172592 1.540033 0.010404
v -0.102815 1.619956 0.008642
v -0.113701 1.713979 0.074075
v -0.094498 1.801942 0.113927
v -0.120488 1.693997 0.048627
v -0.201326 1.742990 0.002515
v -0.143805 1.808493 0.085228
v -0.148422 1.622722 0.025051
v -0.244521 1.734776 0.000375
v -0.172356 1.602528 0.031935
v -0.143679 1.601318 0.084788
v -0.134191 1.592646 0.073217
v -0.152805 1.544541 0.062506
v -0.183357 1.561498 0.020358
v -0.164868 1.554898 0.014940
v -0.198193 1.544689 0.009149
v -0.189150 1.538871 0.005482
v -0.196153 1.529940 0.017187
v -0.172456 1.633982 0.063911
v -0.174507 1.573389 0.055800
v -0.172604 1.707497 0.058106
v -0.163824 1.777562 0.055907
v -0.194813 1.539323 0.031794
v -0.160348 1.805208 0.053754
v -0.170390 1.601923 0.063678
v -0.182393 1.553020 0.047582
v -0.205067 1.538232 0.015798
v -0.133251 1.626546 0.038400
v -0.166445 1.534404 0.020584
v -0.144365 1.568367 0.042115
v -0.116106 1.656043 0.029625
v -0.137101 1.596689 0.044462
v -0.150319 1.549719 0.033737
v -0.187075 1.531145 0.009959
v -0.133610 1.708884 0.101195
v -0.107753 1.582580 0.103766
v -0.131153 1.632529 0.100657
v -0.103922 1.608917 0.101321
v -0.133238 1.602898 0.085557
v -0.124094 1.594353 0.073665
v -0.125499 1.606184 0.099613
v -0.037251 1.748401 -0.210704
v -0.067732 1.745417 -0.197545
v -0.129310 1.742805 -0.168118
v -0.155250 1.740926 -0.132789
v -0.175797 1.736238 -0.098373
v -0.099977 1.743245 -0.186499
v -0.192871 1.737326 -0.054079
v -0.182085 1.753416 0.003214
v -0.037616 1.783092 -0.214382
v -0.069147 1.779838 -0.200363
v -0.129066 1.775885 -0.165983
v -0.150000 1.774495 -0.127686
v -0.171439 1.772943 -0.096403
v -0.102081 1.777179 -0.183591
v -0.182697 1.773223 -0.055352
v -0.185419 1.776052 -0.018660
v -0.109260 1.884007 0.090854
v -0.111763 1.882564 -0.138100
v -0.034212 1.905400 -0.163220
v -0.068617 1.899595 -0.152667
v -0.090358 1.891341 -0.144106
v -0.118881 1.865291 -0.147012
v -0.125897 1.839417 -0.158152
v -0.129063 1.808374 -0.161470
v -0.115440 1.891341 -0.117730
v -0.130188 1.899662 -0.094455
v -0.136093 1.905334 -0.060007
v -0.137989 1.907549 -0.021474
v -0.129527 1.905392 0.012169
v -0.123598 1.899582 0.044585
v -0.115440 1.891341 0.072307
v -0.113054 1.863698 0.099331
v -0.118218 1.838362 0.105540
v -0.090358 1.891341 0.098683
v -0.067614 1.899592 0.107276
v -0.033093 1.905400 0.113320
v -0.035847 1.812263 -0.210274
v -0.036049 1.846223 -0.201514
v -0.034793 1.878110 -0.185540
v -0.070194 1.809987 -0.198191
v -0.068916 1.843629 -0.188085
v -0.068771 1.873958 -0.173361
v -0.101644 1.808654 -0.182275
v -0.098222 1.840756 -0.173374
v -0.093143 1.868818 -0.161198
v -0.154991 1.808832 -0.128363
v -0.143273 1.840756 -0.126000
v -0.131694 1.868818 -0.120659
v -0.172342 1.809813 -0.094956
v -0.163451 1.843481 -0.094497
v -0.149707 1.873942 -0.094239
v -0.182286 1.811560 -0.055957
v -0.175072 1.846300 -0.057992
v -0.158810 1.878099 -0.059094
v -0.178993 1.806783 -0.011849
v -0.174479 1.847264 -0.017886
v -0.160222 1.879741 -0.019995
v -0.168040 1.818709 0.020013
v -0.161154 1.845962 0.014091
v -0.149114 1.877967 0.012476
v -0.150585 1.843627 0.049011
v -0.143273 1.873948 0.046022
v -0.136594 1.840756 0.080577
v -0.131694 1.868818 0.075236
v -0.091543 1.840756 0.127951
v -0.093143 1.868818 0.115775
v -0.067639 1.843625 0.142662
v -0.067608 1.873955 0.127960
v -0.034930 1.846223 0.151614
v -0.033673 1.878110 0.135640
v -0.096634 1.907759 -0.125313
v -0.068457 1.919464 -0.125988
v -0.034793 1.926841 -0.134809
v -0.104763 1.919506 -0.095190
v -0.074692 1.933557 -0.096372
v -0.034996 1.942225 -0.098261
v -0.107185 1.926772 -0.060685
v -0.070586 1.942141 -0.061115
v -0.036150 1.951407 -0.061330
v -0.109214 1.929541 -0.022280
v -0.074580 1.944729 -0.022356
v -0.037237 1.953936 -0.021870
v -0.101833 1.927055 0.012748
v -0.069126 1.942246 0.013999
v -0.035155 1.951337 0.015289
v -0.098222 1.919455 0.046022
v -0.067741 1.933587 0.049009
v -0.034930 1.942185 0.051713
v -0.093143 1.907759 0.075236
v -0.067660 1.919462 0.080586
v -0.033673 1.926841 0.084909
v -0.035225 1.811142 0.156107
v -0.032362 1.771590 0.169811
v -0.061294 1.770623 0.159682
v -0.060298 1.770120 0.155743
v -0.031385 1.771325 0.164759
v -0.102082 1.765978 0.135989
v -0.069169 1.770084 0.156161
v -0.066766 1.770009 0.151680
v -0.114835 1.753790 0.119871
v -0.117436 1.754583 0.122573
v -0.124144 1.810464 0.109939
v -0.194314 1.751500 0.029026
v -0.200972 1.776177 0.015946
v -0.205021 1.756686 -0.004744
v -0.196561 1.740682 0.017543
v -0.204864 1.771455 0.001234
v -0.196277 1.767296 0.028315
v 0.170342 0.891773 0.055271
v 0.106318 1.092974 0.054678
v 0.156808 0.884643 -0.070083
v 0.119266 1.092958 -0.036167
v -0.000000 0.874816 -0.059022
v 0.000000 1.094502 -0.069848
v -0.000000 0.910239 0.099912
v 0.000000 1.094023 0.104670
v 0.029357 1.094420 -0.070589
v 0.036693 0.903606 0.090332
v 0.103732 0.878993 -0.084489
v 0.068320 1.090087 0.094418
v 0.183651 0.889473 -0.009856
v 0.125567 1.092583 0.003907
v 0.148701 1.034847 -0.055297
v 0.163207 0.957446 -0.065008
v 0.125888 1.021651 0.059158
v 0.149632 0.957631 0.059818
v -0.000000 1.012552 0.113778
v -0.000000 0.969704 0.112045
v 0.000000 1.040224 -0.099112
v 0.000000 0.955182 -0.106492
v 0.073766 1.019373 0.098563
v 0.055770 0.945524 0.102506
v 0.109876 1.039755 -0.094723
v 0.118946 0.954909 -0.109187
v 0.154219 1.027237 0.004387
v 0.170539 0.965892 0.000521
v 0.000000 0.861155 -0.023539
v 0.000000 0.861307 0.033264
v 0.101262 0.937005 0.098077
v 0.105146 0.885175 0.095298
v 0.062696 0.916346 0.096481
v 0.013820 0.870460 0.036371
v 0.012220 0.865218 -0.038472
v 0.047802 0.867153 0.088028
v 0.170714 0.798324 0.054853
v 0.144686 0.799936 -0.075020
v 0.077577 0.800678 -0.085601
v 0.181558 0.798864 -0.016843
v 0.112090 0.798715 0.096595
v 0.010551 0.800204 0.029310
v 0.020979 0.800738 -0.042386
v 0.052187 0.799389 0.087488
v 0.030854 0.954472 -0.115252
v 0.030937 1.041050 -0.102125
v 0.023592 0.878140 -0.077018
v 0.162793 0.918130 -0.067530
v 0.160475 0.923329 0.056900
v -0.000000 0.902695 -0.089423
v 0.104572 0.909097 0.097214
v 0.111787 0.908284 -0.099584
v 0.179540 0.924820 -0.005220
v -0.000000 0.880364 0.076315
v 0.022150 0.882837 0.058889
v 0.060776 0.894415 0.092954
v 0.027927 0.902882 -0.097751
v 0.122175 1.447745 0.032578
v 0.111724 1.428265 -0.078707
v 0.000000 1.466323 -0.087908
v 0.000000 1.438380 0.067138
v 0.029169 1.461802 -0.085584
v 0.043449 1.444382 0.056618
v -0.000000 1.161669 -0.051313
v -0.000000 1.234413 -0.061293
v -0.000000 1.301359 -0.079663
v 0.000000 1.389618 -0.097310
v 0.028061 1.388452 -0.095009
v 0.025415 1.300982 -0.079863
v 0.024385 1.234105 -0.063703
v 0.029975 1.161541 -0.053816
v 0.133212 1.356012 -0.052602
v 0.110612 1.297536 -0.038138
v 0.109400 1.234455 -0.035183
v 0.106016 1.161875 -0.031599
v 0.055107 1.169517 0.089507
v 0.045458 1.240586 0.087099
v 0.045199 1.280283 0.092835
v -0.000000 1.278620 0.101029
v -0.000000 1.239844 0.100023
v -0.000000 1.167059 0.103072
v 0.133661 1.353779 -0.003765
v 0.118746 1.293499 0.001072
v 0.113900 1.235294 -0.000928
v 0.113809 1.162735 0.002930
v 0.140846 1.379176 0.031559
v 0.104722 1.286919 0.047561
v 0.094755 1.237267 0.049321
v 0.094743 1.164695 0.053629
v 0.117892 1.482376 0.004226
v 0.120511 1.471421 -0.060389
v 0.000000 1.502812 -0.078872
v 0.000000 1.498080 0.024675
v 0.032301 1.504159 -0.064255
v 0.032373 1.500146 0.010135
v 0.121042 1.497106 -0.030266
v 0.052624 1.509312 -0.024908
v 0.154107 1.430136 0.032187
v 0.138692 1.411854 -0.076462
v 0.159268 1.366882 -0.047432
v 0.158117 1.360596 -0.008819
v 0.164793 1.382106 0.023140
v 0.153833 1.470842 0.000565
v 0.148681 1.457355 -0.068252
v 0.157478 1.482634 -0.037104
v 0.177387 1.425032 0.023654
v 0.168384 1.395536 -0.072435
v 0.187532 1.455312 -0.003456
v 0.182076 1.436246 -0.066688
v 0.191571 1.460629 -0.041948
v 0.048349 1.473178 0.032368
v 0.000000 1.472277 0.041485
v 0.078762 1.492079 0.005660
v 0.094507 1.372610 -0.072174
v 0.084996 1.161382 -0.048684
v 0.087817 1.299188 -0.064597
v 0.091395 1.093599 -0.061006
v 0.083553 1.234003 -0.056303
v 0.079666 1.475368 0.021279
v 0.056465 1.300121 -0.077343
v 0.079234 1.487253 -0.054264
v 0.060896 1.094149 -0.073346
v 0.058566 0.879558 -0.084686
v 0.057811 1.233883 -0.064499
v 0.073145 0.955805 -0.119528
v 0.068277 0.905414 -0.103518
v 0.070737 1.041057 -0.103488
v 0.059723 1.383537 -0.086948
v 0.066596 1.450427 -0.084617
v 0.059486 1.161351 -0.055895
v 0.088553 1.502159 -0.025641
v 0.502838 1.173020 -0.010195
v 0.491737 1.169283 -0.039968
v 0.497883 1.173974 0.019141
v 0.482760 1.150386 -0.046745
v 0.491359 1.146961 0.032011
v 0.481486 1.134742 0.022786
v 0.472272 1.132983 -0.006286
v 0.481699 1.133833 -0.030330
v 0.332460 1.230646 -0.035339
v 0.345449 1.250938 -0.056741
v 0.372426 1.296542 -0.030084
v 0.362003 1.278233 -0.054564
v 0.370611 1.295140 0.002359
v 0.330645 1.229243 -0.002896
v 0.256907 1.329150 -0.072459
v 0.197020 1.380334 -0.068568
v 0.282430 1.382237 -0.038579
v 0.220332 1.436565 -0.040585
v 0.284538 1.378747 -0.000730
v 0.227306 1.428381 -0.003926
v 0.243286 1.303497 -0.004023
v 0.186481 1.354021 -0.009801
v 0.187681 1.358135 -0.046534
v 0.244838 1.305321 -0.045258
v 0.207585 1.410554 0.020381
v 0.268115 1.356792 0.029857
v 0.212259 1.416354 -0.066522
v 0.272630 1.360964 -0.069692
v 0.185165 1.372179 0.017916
v 0.244723 1.319930 0.027090
v 0.372575 1.196218 -0.035933
v 0.422554 1.166351 -0.034681
v 0.402116 1.235018 0.028259
v 0.446408 1.191301 0.029043
v 0.405436 1.242332 -0.055080
v 0.451790 1.203016 -0.046700
v 0.379547 1.206289 0.025164
v 0.427603 1.170703 0.023546
v 0.435480 1.183529 -0.052016
v 0.387134 1.216202 -0.058117
v 0.462101 1.214114 -0.020062
v 0.416919 1.259127 -0.029165
v 0.461087 1.210409 0.011303
v 0.416409 1.255476 0.005964
v 0.420397 1.162058 -0.004712
v 0.371852 1.192146 -0.005761
v 0.357360 1.240539 -0.057223
v 0.383671 1.286039 -0.030475
v 0.388184 1.281656 0.003482
v 0.346226 1.215234 -0.005481
v 0.342974 1.222092 -0.035693
v 0.374271 1.260348 0.024753
v 0.374118 1.267332 -0.055059
v 0.352491 1.230097 0.022518
v 0.321745 1.239701 -0.037558
v 0.340497 1.290794 0.024318
v 0.350874 1.288808 -0.057561
v 0.318129 1.258996 0.022015
v 0.332802 1.262175 -0.060088
v 0.363645 1.305254 -0.031937
v 0.354853 1.310128 0.002724
v 0.313581 1.243454 -0.003882
v 0.115555 0.139882 0.005319
v 0.096224 0.139280 -0.049088
v 0.060525 0.139494 -0.049104
v 0.115406 0.139556 -0.025797
v 0.094029 0.140242 0.027311
v 0.041702 0.140324 0.005287
v 0.041553 0.139998 -0.025828
v 0.063438 0.140425 0.027298
v 0.142618 0.562912 -0.005550
v 0.114663 0.559719 -0.044105
v 0.051970 0.550892 0.063589
v 0.098287 0.556669 0.070601
v 0.030799 0.548963 -0.022478
v 0.024015 0.547699 0.025035
v 0.135835 0.561648 0.041962
v 0.068346 0.553941 -0.051117
v 0.138113 0.491247 -0.009329
v 0.051718 0.459849 0.050984
v 0.031506 0.478219 -0.029533
v 0.131662 0.478251 0.034370
v 0.067292 0.491225 -0.054515
v 0.111450 0.496621 -0.046146
v 0.095876 0.465245 0.059352
v 0.025056 0.465223 0.014166
v 0.146028 0.400827 -0.033294
v 0.052054 0.358191 0.037950
v 0.029420 0.400558 -0.045743
v 0.139501 0.379551 0.015523
v 0.068606 0.416082 -0.075817
v 0.116601 0.414648 -0.070586
v 0.099222 0.360820 0.044877
v 0.019595 0.383901 0.001603
v 0.111273 0.672471 0.084240
v 0.100875 0.510957 0.080484
v 0.024535 0.506461 0.019601
v 0.140365 0.527079 -0.007440
v 0.048050 0.505370 0.072794
v 0.031152 0.513591 -0.026005
v 0.133748 0.519950 0.038166
v 0.132477 0.674696 -0.062786
v 0.015691 0.668581 0.025835
v 0.167844 0.675925 -0.013368
v 0.051658 0.669811 0.075253
v 0.024468 0.669503 -0.035065
v 0.159034 0.675004 0.047532
v 0.072848 0.672035 -0.071773
v 0.044473 0.889468 0.087650
v 0.043369 0.000326 0.208848
v 0.113675 0.000382 0.202372
v 0.047809 0.000390 -0.077399
v 0.111016 0.000447 -0.077399
v 0.032789 0.000367 -0.003338
v 0.034920 0.000357 0.049082
v 0.020828 0.000328 0.140630
v 0.147787 0.000430 0.129102
v 0.138273 0.000436 0.049082
v 0.131172 0.000442 -0.003338
v 0.049355 0.042252 0.199859
v 0.107780 0.042440 0.193500
v 0.051800 0.063812 -0.072481
v 0.105770 0.063865 -0.071988
v 0.036036 0.062162 -0.012903
v 0.040844 0.052718 0.060180
v 0.027939 0.043962 0.140877
v 0.139337 0.044891 0.130051
v 0.132579 0.052791 0.060186
v 0.125522 0.062232 -0.012897
v 0.065642 0.065160 0.147414
v 0.103162 0.065307 0.146228
v 0.043677 0.074417 0.124455
v 0.128945 0.075345 0.115122
v 0.072535 0.092369 0.093404
v 0.068839 0.086269 0.128479
v 0.099499 0.092561 0.091553
v 0.097356 0.087555 0.129115
v 0.068450 0.116665 0.057247
v 0.095912 0.116373 0.057446
v 0.046894 0.105652 0.056913
v 0.118271 0.104475 0.056959
v 0.041204 0.100299 -0.020228
v 0.123987 0.089582 0.036481
v 0.099547 0.103029 -0.059590
v 0.043186 0.093323 0.033179
v 0.059447 0.103019 -0.060091
v 0.119557 0.099041 -0.019229
v 0.590707 1.056194 -0.062038
v 0.598257 1.064786 -0.056977
v 0.611563 1.073868 0.042553
v 0.603891 1.064537 0.052254
v 0.594790 1.053743 0.045771
v 0.585222 1.048178 -0.054095
v 0.574309 1.057262 -0.034935
v 0.531626 1.146316 -0.008189
v 0.611278 1.071436 0.025788
v 0.610837 1.070904 0.017461
v 0.591626 1.078754 -0.038706
v 0.530318 1.147384 0.020186
v 0.595571 1.085916 -0.009127
v 0.609051 1.069370 -0.005348
v 0.607520 1.068850 -0.013349
v 0.502206 1.109771 -0.045012
v 0.596745 1.086052 0.020487
v 0.502995 1.113832 0.044618
v 0.603270 1.065809 -0.036322
v 0.601815 1.064865 -0.042898
v 0.571837 1.057079 -0.054280
v 0.579450 1.064448 0.045153
v 0.589543 1.076408 0.051281
v 0.598384 1.087181 0.041500
v 0.588305 1.048263 -0.040080
v 0.589143 1.048528 -0.033410
v 0.587057 1.076194 -0.057525
v 0.578193 1.066189 -0.062988
v 0.595178 1.056767 -0.039981
v 0.591057 1.048945 -0.010798
v 0.592003 1.048709 -0.002464
v 0.595723 1.057149 -0.037286
v 0.599689 1.059170 -0.009593
v 0.600488 1.059058 -0.006124
v 0.593880 1.050490 0.019902
v 0.594536 1.051299 0.027373
v 0.602552 1.060876 0.021154
v 0.602797 1.061156 0.024611
v 0.576108 1.061257 -0.005056
v 0.525032 1.140884 -0.035678
v 0.577900 1.062184 0.024331
v 0.503803 1.111735 -0.027019
v 0.520254 1.132250 0.046714
v 0.531039 1.144809 0.034274
v 0.522041 1.138347 -0.050095
v 0.512850 1.122948 -0.055341
v 0.506248 1.114866 -0.003913
v 0.507975 1.104442 0.025478
v 0.578890 1.105355 -0.009464
v 0.556520 1.127825 -0.009041
v 0.556935 1.126796 0.020357
v 0.579408 1.104993 0.020086
v 0.557340 1.126229 0.040517
v 0.580341 1.105120 0.040283
v 0.547472 1.114150 0.052638
v 0.569948 1.092462 0.049891
v 0.560229 1.083203 -0.063575
v 0.535714 1.101763 -0.062047
v 0.547640 1.114748 -0.056074
v 0.570570 1.095136 -0.057422
v 0.557969 1.077073 -0.005216
v 0.531798 1.095454 -0.004726
v 0.527476 1.091561 -0.032823
v 0.554835 1.074701 -0.034645
v 0.551069 1.119417 -0.036606
v 0.574013 1.098779 -0.037655
v 0.558032 1.078632 0.044147
v 0.506559 1.102556 0.051570
v 0.523216 1.088812 0.022399
v 0.543329 1.074018 0.026331
v 0.525281 1.090284 -0.051803
v 0.552934 1.074525 -0.054083
v 0.519931 1.107049 0.061707
v 0.550802 1.053327 0.062823
v 0.537695 1.100053 0.065013
v 0.553259 1.080792 0.059094
v 0.547527 1.058625 0.059868
v 0.519202 1.083573 0.043753
v 0.545200 1.073463 0.050600
v 0.604432 1.055885 -0.004580
v 0.612957 1.065929 -0.001066
v 0.614168 1.067167 0.012630
v 0.606316 1.057670 0.019105
v 0.597608 1.047297 0.015890
v 0.596397 1.046059 0.002194
v 0.677138 0.995978 -0.002085
v 0.684569 0.998730 0.001430
v 0.685301 0.999479 0.009711
v 0.678585 0.997559 0.014903
v 0.674036 0.990713 0.011500
v 0.673304 0.989964 0.003218
v 0.627494 1.024564 0.014257
v 0.652891 1.005142 0.012925
v 0.652009 1.004240 0.002949
v 0.626466 1.023512 0.002621
v 0.641563 1.041446 0.011488
v 0.664953 1.019615 0.010550
v 0.659363 1.012829 0.016726
v 0.635043 1.033531 0.018691
v 0.632986 1.031427 -0.004582
v 0.657599 1.011026 -0.003226
v 0.664071 1.018713 0.000574
v 0.640535 1.040394 -0.000149
v 0.665346 0.995772 0.012189
v 0.676456 1.009102 0.010002
v 0.669607 1.001096 -0.002426
v 0.664548 0.994956 0.003162
v 0.671202 1.002728 0.015629
v 0.675658 1.008286 0.000975
v 0.685744 0.993255 0.009400
v 0.685142 0.992597 0.002333
v 0.656121 1.001341 0.002997
v 0.661557 1.010948 0.016465
v 0.665602 1.017012 0.000742
v 0.656977 1.002216 0.012679
v 0.666458 1.017888 0.010424
v 0.659835 1.009187 -0.003021
v 0.648656 1.008768 0.013037
v 0.647762 1.007854 0.002932
v 0.663340 1.020895 0.010631
v 0.656992 1.014836 0.016846
v 0.655212 1.013016 -0.003287
v 0.662449 1.019983 0.000549
v 0.632665 1.019090 0.002628
v 0.638229 1.030817 0.018421
v 0.642111 1.038387 0.000023
v 0.633666 1.020114 0.013958
v 0.643117 1.039416 0.011404
v 0.636212 1.028755 -0.004392
v 0.620645 1.028441 0.002572
v 0.631944 1.036171 0.018953
v 0.638716 1.041849 -0.000246
v 0.621694 1.029514 0.014440
v 0.639766 1.042924 0.011639
v 0.629847 1.034027 -0.004767
v 0.610347 1.037207 0.002833
v 0.618935 1.047053 0.018841
v 0.624451 1.053758 0.000090
v 0.611371 1.038254 0.014419
v 0.625475 1.054805 0.011676
v 0.616887 1.044959 -0.004332
v 0.606812 1.058354 0.026668
v 0.614791 1.068302 0.030253
v 0.615715 1.069848 0.043310
v 0.608230 1.061131 0.051376
v 0.599952 1.050936 0.046413
v 0.599159 1.049457 0.033383
v 0.676373 1.002186 0.033576
v 0.683346 1.004919 0.037097
v 0.683825 1.005813 0.044975
v 0.677304 1.004063 0.049735
v 0.673092 0.997455 0.046539
v 0.672612 0.996561 0.038661
v 0.628553 1.029448 0.046560
v 0.652857 1.011090 0.046740
v 0.652279 1.010013 0.037250
v 0.627880 1.028192 0.035490
v 0.641945 1.045516 0.043924
v 0.664338 1.024866 0.044480
v 0.658886 1.018517 0.050356
v 0.635586 1.038110 0.050777
v 0.634239 1.035598 0.028636
v 0.657731 1.016363 0.031374
v 0.663761 1.023789 0.034989
v 0.641271 1.044260 0.032853
v 0.664777 1.002233 0.046746
v 0.675352 1.014921 0.044664
v 0.669188 1.007004 0.032841
v 0.664255 1.001258 0.038158
v 0.670233 1.008953 0.050018
v 0.674830 1.013947 0.036076
v 0.684282 0.999891 0.044875
v 0.683895 0.999110 0.038153
v 0.656207 1.007280 0.037522
v 0.660990 1.016734 0.050239
v 0.665222 1.022184 0.035251
v 0.656767 1.008325 0.046734
v 0.665782 1.023229 0.044463
v 0.659862 1.014631 0.031701
v 0.648805 1.014517 0.046595
v 0.648220 1.013426 0.036981
v 0.662794 1.026076 0.044463
v 0.656617 1.020414 0.050329
v 0.655451 1.018241 0.031176
v 0.662210 1.024988 0.034872
v 0.633802 1.024021 0.035841
v 0.638638 1.035541 0.050710
v 0.642777 1.042365 0.033130
v 0.634458 1.025244 0.046620
v 0.643435 1.043593 0.043957
v 0.637318 1.033078 0.029007
v 0.622316 1.032845 0.035098
v 0.632616 1.040609 0.050842
v 0.639535 1.045632 0.032655
v 0.623003 1.034126 0.046388
v 0.640223 1.046915 0.043963
v 0.631243 1.038049 0.028276
v 0.612465 1.041129 0.034733
v 0.620184 1.050883 0.049967
v 0.625891 1.056885 0.032133
v 0.613135 1.042380 0.045756
v 0.626561 1.058135 0.043156
v 0.618842 1.048381 0.027922
v 0.598217 1.055652 -0.035720
v 0.605825 1.063876 -0.032838
v 0.608504 1.065301 -0.018286
v 0.601799 1.056845 -0.011929
v 0.593701 1.047784 -0.017183
v 0.592336 1.047719 -0.030219
v 0.665506 1.000640 -0.035547
v 0.672340 1.003060 -0.032489
v 0.673172 1.003601 -0.024962
v 0.667163 1.001792 -0.020104
v 0.662934 0.995635 -0.023229
v 0.662102 0.995094 -0.030757
v 0.620829 1.026563 -0.018724
v 0.643805 1.008818 -0.021047
v 0.642803 1.008167 -0.030114
v 0.619660 1.025802 -0.029301
v 0.633627 1.041919 -0.021244
v 0.654777 1.021984 -0.023207
v 0.649792 1.015727 -0.017593
v 0.627813 1.034621 -0.014696
v 0.625475 1.033101 -0.035849
v 0.647788 1.014424 -0.035728
v 0.653775 1.021332 -0.032274
v 0.632459 1.041159 -0.031820
v 0.655071 1.000259 -0.022257
v 0.665178 1.012385 -0.024247
v 0.658676 1.005331 -0.035542
v 0.654165 0.999669 -0.030463
v 0.660489 1.006510 -0.019132
v 0.664271 1.011795 -0.032452
v 0.673543 0.997941 -0.025395
v 0.672854 0.997462 -0.031820
v 0.646529 1.005513 -0.030245
v 0.651773 1.014012 -0.017931
v 0.655163 1.019776 -0.032201
v 0.647502 1.006145 -0.021445
v 0.656136 1.020409 -0.023400
v 0.649816 1.012739 -0.035642
v 0.639972 1.012132 -0.020751
v 0.638957 1.011471 -0.029936
v 0.653318 1.023153 -0.023062
v 0.647648 1.017559 -0.017376
v 0.645625 1.016244 -0.035675
v 0.652305 1.022495 -0.032226
v 0.625276 1.021756 -0.029558
v 0.630691 1.032144 -0.015087
v 0.633886 1.039325 -0.031751
v 0.626414 1.022496 -0.019260
v 0.635029 1.040068 -0.021406
v 0.628400 1.030654 -0.035822
v 0.614389 1.030309 -0.029080
v 0.625012 1.037030 -0.014315
v 0.630809 1.042492 -0.031828
v 0.615581 1.031084 -0.018293
v 0.632003 1.043268 -0.021025
v 0.622629 1.035481 -0.035875
v 0.604650 1.038947 -0.028926
v 0.613206 1.046994 -0.013871
v 0.617160 1.053516 -0.031307
v 0.606132 1.039207 -0.018056
v 0.618910 1.054154 -0.020506
v 0.609964 1.046102 -0.035410
v 0.594695 1.053179 -0.061549
v 0.601514 1.060914 -0.057607
v 0.602747 1.061493 -0.047393
v 0.597148 1.054367 -0.041835
v 0.590452 1.046765 -0.044976
v 0.589160 1.046122 -0.055138
v 0.651379 1.006031 -0.065169
v 0.657725 1.008255 -0.062422
v 0.658606 1.008664 -0.055447
v 0.653141 1.006908 -0.050858
v 0.649148 1.001252 -0.053773
v 0.648267 1.000843 -0.060748
v 0.610746 1.029679 -0.048311
v 0.631745 1.013287 -0.051189
v 0.630683 1.012794 -0.059591
v 0.609565 1.029023 -0.058087
v 0.622589 1.043817 -0.050640
v 0.641924 1.025500 -0.053193
v 0.637365 1.019640 -0.047991
v 0.617266 1.037039 -0.044605
v 0.614911 1.035793 -0.064174
v 0.635242 1.018655 -0.064793
v 0.640863 1.025008 -0.061595
v 0.621442 1.043203 -0.060439
v 0.641988 1.005464 -0.052654
v 0.651363 1.016714 -0.054500
v 0.645153 1.010322 -0.064964
v 0.641027 1.005019 -0.060256
v 0.647074 1.011213 -0.049760
v 0.650403 1.016268 -0.062102
v 0.658883 1.003454 -0.055944
v 0.658150 1.003089 -0.061897
v 0.634077 1.010367 -0.059823
v 0.639162 1.018072 -0.048367
v 0.642123 1.023579 -0.061576
v 0.635107 1.010845 -0.051669
v 0.643153 1.024058 -0.053422
v 0.637089 1.017110 -0.064777
v 0.628263 1.016319 -0.050792
v 0.627188 1.015820 -0.059303
v 0.640597 1.026570 -0.053014
v 0.635417 1.021316 -0.047721
v 0.633275 1.020322 -0.064676
v 0.639525 1.026072 -0.061504
v 0.614732 1.025231 -0.058539
v 0.620024 1.034653 -0.045057
v 0.622785 1.041493 -0.060461
v 0.615937 1.025790 -0.048997
v 0.623974 1.042066 -0.050871
v 0.617598 1.033525 -0.064269
v 0.604475 1.033790 -0.057348
v 0.614438 1.039482 -0.044168
v 0.619819 1.044482 -0.060318
v 0.605611 1.034519 -0.047634
v 0.620940 1.045125 -0.050347
v 0.612153 1.038146 -0.063927
v 0.598273 1.039984 -0.055946
v 0.605285 1.047243 -0.043658
v 0.609271 1.052713 -0.058170
v 0.599342 1.040655 -0.047015
v 0.610224 1.053284 -0.049145
v 0.603255 1.045986 -0.061635
v 0.568871 1.004990 0.075710
v 0.571562 1.001079 0.086212
v 0.563482 0.998156 0.094017
v 0.552260 0.999094 0.091706
v 0.551387 0.995655 0.081454
v 0.559467 0.998578 0.073649
v 0.536452 1.030924 0.075722
v 0.546299 1.034749 0.066496
v 0.549575 1.039612 0.090632
v 0.537645 1.033352 0.086890
v 0.556832 1.040339 0.068424
v 0.559262 1.043125 0.081293
v 0.544068 1.008498 0.077623
v 0.557689 1.017360 0.093048
v 0.564049 1.017683 0.072527
v 0.552875 1.011685 0.069115
v 0.546434 1.011309 0.089543
v 0.566497 1.020547 0.084539
v 0.562079 0.991358 0.089895
v 0.568989 0.993810 0.083240
v 0.547779 1.029161 0.067007
v 0.539185 1.029168 0.087522
v 0.560063 1.040229 0.081869
v 0.539465 1.021848 0.076775
v 0.550640 1.036199 0.091089
v 0.558375 1.035460 0.069471
v 0.533701 1.041603 0.073127
v 0.544314 1.040055 0.065244
v 0.549088 1.043152 0.089708
v 0.536174 1.037924 0.086025
v 0.555169 1.046027 0.066501
v 0.558755 1.046133 0.080180
v 0.553492 1.063643 0.069997
v 0.555251 1.056941 0.075320
v 0.517558 1.075361 0.063340
v 0.523754 1.057815 0.068368
v 0.542091 1.074597 0.076647
v 0.543739 1.060562 0.084334
v 0.524797 1.079861 0.073227
v 0.528633 1.060556 0.079655
v 0.529318 1.063768 0.055047
v 0.535199 1.053775 0.058526
v 0.544988 1.066698 0.055196
v 0.521156 1.076717 0.049139
v 0.552993 1.073115 0.064610
v 0.539401 1.090053 0.070642
v 0.522536 1.099098 0.066722
v 0.512492 1.090311 0.057096
v 0.053663 0.871456 -0.059311
v 0.172892 0.863178 0.055962
v 0.158600 0.858469 -0.072946
v 0.095358 0.850290 -0.087705
v 0.186148 0.863735 -0.011043
v 0.106619 0.854639 0.100368
v 0.012266 0.839445 0.036571
v 0.010112 0.837559 -0.040433
v 0.045837 0.845403 0.089479
v 0.021736 0.841650 0.069410
v 0.188193 0.864990 0.028061
v 0.180195 0.862282 -0.047578
v 0.072776 0.849761 0.103481
v 0.150257 0.860570 0.081548
v 0.002833 0.837750 0.012977
v 0.138313 0.855375 -0.087810
v 0.046953 0.844401 -0.075463
v 0.070794 0.847421 -0.090448
v 0.021601 0.840129 -0.063763
v 0.172892 0.849785 0.055962
v 0.158600 0.845075 -0.072946
v 0.095358 0.836897 -0.087705
v 0.186148 0.850342 -0.011043
v 0.106619 0.840855 0.100368
v 0.012266 0.826051 0.036571
v 0.010112 0.824165 -0.040433
v 0.045837 0.832009 0.089479
v 0.021676 0.806552 0.069467
v 0.188271 0.829912 0.028084
v 0.180266 0.827202 -0.047619
v 0.072758 0.814671 0.103566
v 0.150304 0.825489 0.081615
v 0.002757 0.802650 0.012987
v 0.138350 0.820290 -0.087884
v 0.046953 0.831007 -0.075463
v 0.070774 0.812329 -0.090524
v 0.021541 0.805030 -0.063817
v 0.122838 0.193726 -0.028748
v 0.060842 0.190034 0.029417
v 0.038660 0.194750 -0.031308
v 0.121443 0.191509 0.006825
v 0.064417 0.196053 -0.055501
v 0.099202 0.195462 -0.054380
v 0.095388 0.189869 0.030902
v 0.036337 0.193052 0.003739
v 0.122121 0.143654 0.008246
v 0.096304 0.143228 -0.054425
v 0.060217 0.143410 -0.054441
v 0.121946 0.143328 -0.028460
v 0.096728 0.144014 0.034190
v 0.034999 0.144096 0.008209
v 0.034824 0.143770 -0.028497
v 0.060641 0.144197 0.034174
v 0.127880 0.175553 -0.030848
v 0.058572 0.175852 0.036014
v 0.032514 0.176443 -0.032927
v 0.126822 0.175346 0.009483
v 0.061286 0.176320 -0.060675
v 0.100724 0.175949 -0.059746
v 0.097814 0.175473 0.037180
v 0.030710 0.176264 0.006927
v 0.159557 0.997043 -0.062816
v 0.137760 0.989641 0.059488
v 0.000000 1.000113 -0.109678
v 0.087514 0.978189 0.098320
v 0.114411 0.999742 -0.108830
v 0.162379 0.996564 0.002454
v 0.030895 1.000170 -0.115564
v 0.071941 1.000841 -0.118383
v 0.062346 0.972507 0.101065
v -0.000000 0.958765 0.111479
v 0.000000 1.382084 0.109479
v 0.048836 1.382121 0.111102
v 0.000000 1.352060 0.127896
v 0.051955 1.352097 0.129519
v 0.000000 1.319665 0.127896
v 0.052238 1.319703 0.129519
v -0.000000 1.292012 0.114525
v 0.046001 1.292049 0.116148
v 0.093984 1.408764 0.072621
v 0.119420 1.407102 0.051265
v 0.122203 1.379527 0.061403
v 0.101126 1.380675 0.092155
v 0.103469 1.350661 0.102542
v 0.102196 1.322156 0.106436
v 0.093042 1.297839 0.097021
v 0.120672 1.351439 0.067326
v 0.116424 1.320526 0.067497
v 0.172892 0.863178 0.055962
v 0.158600 0.858469 -0.072946
v 0.095358 0.850290 -0.087705
v 0.186148 0.863735 -0.011043
v 0.106619 0.854639 0.100368
v 0.012266 0.839445 0.036571
v 0.010112 0.837559 -0.040433
v 0.045837 0.845403 0.089479
v 0.021736 0.841650 0.069410
v 0.188193 0.864990 0.028061
v 0.180195 0.862282 -0.047578
v 0.072776 0.849761 0.103481
v 0.150257 0.860570 0.081548
v 0.002833 0.837750 0.012977
v 0.138313 0.855375 -0.087810
v 0.046953 0.844401 -0.075463
v 0.070794 0.847421 -0.090448
v 0.021601 0.840129 -0.063763
v 0.172892 0.849785 0.055962
v 0.158600 0.845075 -0.072946
v 0.095358 0.836897 -0.087705
v 0.186148 0.850342 -0.011043
v 0.106619 0.840855 0.100368
v 0.012266 0.826051 0.036571
v 0.010112 0.824165 -0.040433
v 0.045837 0.832009 0.089479
v 0.021676 0.806552 0.069467
v 0.188271 0.829912 0.028084
v 0.180266 0.827202 -0.047619
v 0.072758 0.814671 0.103566
v 0.150304 0.825489 0.081615
v 0.002757 0.802650 0.012987
v 0.138350 0.820290 -0.087884
v 0.046953 0.831007 -0.075463
v 0.070774 0.812329 -0.090524
v 0.021541 0.805030 -0.063817
v 0.113094 0.360749 -0.072251
v 0.098728 0.317884 0.038905
v 0.022009 0.336470 -0.001497
v 0.141921 0.349664 -0.036851
v 0.053396 0.315906 0.033188
v 0.030174 0.349726 -0.047096
v 0.136535 0.332720 0.010018
v 0.067063 0.362007 -0.076568
v -0.170342 0.891773 0.055271
v -0.106318 1.092974 0.054678
v -0.156808 0.884643 -0.070083
v -0.119266 1.092958 -0.036167
v -0.029357 1.094420 -0.070589
v -0.036693 0.903606 0.090332
v -0.103732 0.878993 -0.084489
v -0.068320 1.090087 0.094418
v -0.183651 0.889473 -0.009856
v -0.125567 1.092583 0.003907
v -0.148701 1.034847 -0.055297
v -0.163207 0.957446 -0.065008
v -0.125888 1.021651 0.059158
v -0.149632 0.957631 0.059818
v -0.073766 1.019373 0.098563
v -0.055770 0.945524 0.102506
v -0.109876 1.039755 -0.094723
v -0.118946 0.954909 -0.109187
v -0.154219 1.027237 0.004387
v -0.170539 0.965892 0.000521
v -0.101262 0.937005 0.098077
v -0.105146 0.885175 0.095298
v -0.062696 0.916346 0.096481
v -0.013820 0.870460 0.036371
v -0.012220 0.865218 -0.038472
v -0.047802 0.867153 0.088028
v -0.170714 0.798324 0.054853
v -0.144686 0.799936 -0.075020
v -0.077577 0.800678 -0.085601
v -0.181558 0.798864 -0.016843
v -0.112090 0.798715 0.096594
v -0.010551 0.800204 0.029310
v -0.020979 0.800738 -0.042386
v -0.052187 0.799389 0.087488
v -0.030854 0.954472 -0.115252
v -0.030937 1.041050 -0.102125
v -0.023592 0.878140 -0.077018
v -0.162793 0.918130 -0.067530
v -0.160475 0.923329 0.056900
v -0.104572 0.909097 0.097214
v -0.111787 0.908284 -0.099584
v -0.179540 0.924820 -0.005220
v -0.022150 0.882837 0.058889
v -0.060776 0.894415 0.092954
v -0.027927 0.902882 -0.097751
v -0.122175 1.447745 0.032578
v -0.111724 1.428265 -0.078707
v -0.029169 1.461802 -0.085584
v -0.043449 1.444382 0.056618
v -0.028061 1.388452 -0.095009
v -0.025415 1.300982 -0.079863
v -0.024385 1.234105 -0.063703
v -0.029975 1.161541 -0.053816
v -0.133212 1.356012 -0.052602
v -0.110612 1.297536 -0.038138
v -0.109400 1.234455 -0.035183
v -0.106016 1.161875 -0.031599
v -0.055107 1.169517 0.089507
v -0.045458 1.240586 0.087099
v -0.045199 1.280283 0.092835
v -0.133661 1.353779 -0.003765
v -0.118746 1.293498 0.001072
v -0.113900 1.235294 -0.000928
v -0.113809 1.162735 0.002930
v -0.140846 1.379176 0.031559
v -0.104722 1.286919 0.047561
v -0.094755 1.237267 0.049321
v -0.094743 1.164695 0.053629
v -0.117892 1.482376 0.004226
v -0.120511 1.471421 -0.060389
v -0.032301 1.504159 -0.064255
v -0.032373 1.500146 0.010135
v -0.121042 1.497106 -0.030266
v -0.052624 1.509312 -0.024908
v -0.154107 1.430136 0.032187
v -0.138692 1.411854 -0.076462
v -0.159268 1.366882 -0.047432
v -0.158117 1.360596 -0.008819
v -0.164793 1.382106 0.023140
v -0.153833 1.470842 0.000565
v -0.148681 1.457355 -0.068252
v -0.157478 1.482634 -0.037104
v -0.177387 1.425032 0.023654
v -0.168384 1.395535 -0.072435
v -0.187532 1.455312 -0.003456
v -0.182075 1.436246 -0.066688
v -0.191570 1.460629 -0.041948
v -0.048349 1.473178 0.032368
v -0.078762 1.492079 0.005660
v -0.094507 1.372609 -0.072174
v -0.084996 1.161382 -0.048684
v -0.087817 1.299188 -0.064597
v -0.091395 1.093599 -0.061006
v -0.083553 1.234003 -0.056303
v -0.079666 1.475368 0.021279
v -0.056465 1.300121 -0.077343
v -0.079234 1.487253 -0.054264
v -0.060896 1.094149 -0.073346
v -0.058566 0.879558 -0.084686
v -0.057811 1.233883 -0.064499
v -0.073145 0.955805 -0.119528
v -0.068277 0.905414 -0.103518
v -0.070737 1.041057 -0.103488
v -0.059723 1.383537 -0.086948
v -0.066596 1.450427 -0.084617
v -0.059486 1.161351 -0.055895
v -0.088553 1.502159 -0.025641
v -0.502838 1.173020 -0.010195
v -0.491737 1.169283 -0.039968
v -0.497883 1.173974 0.019141
v -0.482760 1.150386 -0.046745
v -0.491359 1.146961 0.032011
v -0.481486 1.134742 0.022786
v -0.472272 1.132983 -0.006286
v -0.481699 1.133833 -0.030330
v -0.332460 1.230646 -0.035339
v -0.345449 1.250938 -0.056741
v -0.372426 1.296542 -0.030084
v -0.362003 1.278233 -0.054564
v -0.370611 1.295140 0.002359
v -0.330644 1.229243 -0.002896
v -0.256907 1.329150 -0.072459
v -0.197020 1.380334 -0.068568
v -0.282430 1.382237 -0.038579
v -0.220332 1.436565 -0.040585
v -0.284538 1.378747 -0.000730
v -0.227306 1.428381 -0.003926
v -0.243286 1.303497 -0.004023
v -0.186481 1.354021 -0.009801
v -0.187681 1.358135 -0.046534
v -0.244837 1.305321 -0.045258
v -0.207585 1.410554 0.020381
v -0.268115 1.356792 0.029857
v -0.212259 1.416354 -0.066522
v -0.272630 1.360964 -0.069692
v -0.185164 1.372179 0.017916
v -0.244723 1.319930 0.027090
v -0.372575 1.196218 -0.035933
v -0.422553 1.166351 -0.034681
v -0.402116 1.235018 0.028259
v -0.446408 1.191301 0.029043
v -0.405436 1.242332 -0.055080
v -0.451790 1.203016 -0.046700
v -0.379547 1.206289 0.025164
v -0.427603 1.170703 0.023546
v -0.435480 1.183529 -0.052016
v -0.387134 1.216202 -0.058117
v -0.462101 1.214114 -0.020062
v -0.416918 1.259127 -0.029165
v -0.461087 1.210409 0.011303
v -0.416409 1.255476 0.005964
v -0.420397 1.162058 -0.004712
v -0.371852 1.192146 -0.005761
v -0.357360 1.240539 -0.057223
v -0.383671 1.286039 -0.030475
v -0.388183 1.281656 0.003482
v -0.346226 1.215234 -0.005481
v -0.342974 1.222092 -0.035693
v -0.374271 1.260348 0.024753
v -0.374118 1.267332 -0.055059
v -0.352491 1.230097 0.022518
v -0.321745 1.239701 -0.037558
v -0.340497 1.290794 0.024318
v -0.350874 1.288808 -0.057561
v -0.318129 1.258996 0.022015
v -0.332802 1.262175 -0.060088
v -0.363645 1.305254 -0.031937
v -0.354853 1.310128 0.002724
v -0.313581 1.243454 -0.003882
v -0.115555 0.139882 0.005319
v -0.096224 0.139280 -0.049088
v -0.060525 0.139494 -0.049104
v -0.115406 0.139557 -0.025797
v -0.094029 0.140242 0.027311
v -0.041702 0.140324 0.005287
v -0.041553 0.139998 -0.025828
v -0.063438 0.140425 0.027298
v -0.142618 0.562912 -0.005551
v -0.114663 0.559719 -0.044105
v -0.051970 0.550892 0.063589
v -0.098287 0.556669 0.070601
v -0.030799 0.548963 -0.022478
v -0.024015 0.547699 0.025035
v -0.135834 0.561648 0.041962
v -0.068346 0.553941 -0.051117
v -0.138113 0.491247 -0.009329
v -0.051718 0.459849 0.050984
v -0.031506 0.478219 -0.029533
v -0.131662 0.478251 0.034370
v -0.067292 0.491225 -0.054515
v -0.111450 0.496621 -0.046146
v -0.095876 0.465246 0.059352
v -0.025056 0.465223 0.014166
v -0.146028 0.400827 -0.033294
v -0.052054 0.358191 0.037950
v -0.029420 0.400558 -0.045743
v -0.139501 0.379551 0.015523
v -0.068606 0.416082 -0.075817
v -0.116601 0.414648 -0.070586
v -0.099222 0.360820 0.044877
v -0.019595 0.383901 0.001603
v -0.111273 0.672471 0.084240
v -0.100875 0.510957 0.080484
v -0.024535 0.506461 0.019600
v -0.140365 0.527079 -0.007440
v -0.048050 0.505370 0.072794
v -0.031152 0.513591 -0.026005
v -0.133748 0.519950 0.038166
v -0.132477 0.674696 -0.062786
v -0.015691 0.668581 0.025835
v -0.167844 0.675925 -0.013368
v -0.051658 0.669811 0.075253
v -0.024468 0.669503 -0.035065
v -0.159034 0.675004 0.047532
v -0.072848 0.672035 -0.071773
v -0.044473 0.889468 0.087650
v -0.043369 0.000326 0.208848
v -0.113675 0.000383 0.202372
v -0.047809 0.000390 -0.077399
v -0.111016 0.000447 -0.077399
v -0.032789 0.000367 -0.003338
v -0.034920 0.000357 0.049082
v -0.020828 0.000328 0.140630
v -0.147787 0.000430 0.129102
v -0.138273 0.000436 0.049082
v -0.131172 0.000442 -0.003338
v -0.049355 0.042252 0.199859
v -0.107780 0.042440 0.193500
v -0.051800 0.063812 -0.072481
v -0.105770 0.063865 -0.071988
v -0.036036 0.062163 -0.012903
v -0.040844 0.052719 0.060180
v -0.027939 0.043963 0.140877
v -0.139337 0.044891 0.130051
v -0.132579 0.052792 0.060186
v -0.125522 0.062232 -0.012897
v -0.065642 0.065160 0.147414
v -0.103162 0.065308 0.146228
v -0.043677 0.074417 0.124455
v -0.128945 0.075345 0.115122
v -0.072535 0.092369 0.093404
v -0.068839 0.086269 0.128479
v -0.099499 0.092561 0.091553
v -0.097356 0.087555 0.129115
v -0.068450 0.116665 0.057247
v -0.095912 0.116373 0.057446
v -0.046894 0.105652 0.056913
v -0.118271 0.104476 0.056959
v -0.041204 0.100299 -0.020228
v -0.123987 0.089582 0.036481
v -0.099547 0.103029 -0.059590
v -0.043186 0.093323 0.033179
v -0.059447 0.103019 -0.060091
v -0.119557 0.099041 -0.019229
v -0.590707 1.056194 -0.062038
v -0.598257 1.064786 -0.056977
v -0.611563 1.073868 0.042553
v -0.603891 1.064537 0.052254
v -0.594790 1.053743 0.045771
v -0.585222 1.048178 -0.054095
v -0.574309 1.057262 -0.034935
v -0.531626 1.146316 -0.008189
v -0.611278 1.071436 0.025788
v -0.610837 1.070904 0.017461
v -0.591626 1.078754 -0.038706
v -0.530318 1.147384 0.020186
v -0.595571 1.085916 -0.009127
v -0.609051 1.069370 -0.005348
v -0.607520 1.068850 -0.013349
v -0.502206 1.109771 -0.045012
v -0.596745 1.086052 0.020487
v -0.502995 1.113831 0.044618
v -0.603270 1.065809 -0.036322
v -0.601815 1.064865 -0.042898
v -0.571837 1.057079 -0.054280
v -0.579450 1.064448 0.045153
v -0.589543 1.076408 0.051281
v -0.598384 1.087181 0.041500
v -0.588305 1.048263 -0.040080
v -0.589143 1.048528 -0.033410
v -0.587057 1.076194 -0.057525
v -0.578193 1.066189 -0.062988
v -0.595177 1.056767 -0.039981
v -0.591057 1.048945 -0.010798
v -0.592003 1.048709 -0.002464
v -0.595723 1.057149 -0.037286
v -0.599689 1.059170 -0.009593
v -0.600488 1.059058 -0.006124
v -0.593880 1.050490 0.019902
v -0.594536 1.051299 0.027373
v -0.602552 1.060876 0.021154
v -0.602797 1.061156 0.024611
v -0.576108 1.061256 -0.005056
v -0.525032 1.140884 -0.035678
v -0.577900 1.062184 0.024331
v -0.503803 1.111735 -0.027019
v -0.520254 1.132250 0.046714
v -0.531039 1.144809 0.034274
v -0.522041 1.138347 -0.050095
v -0.512850 1.122948 -0.055341
v -0.506248 1.114866 -0.003913
v -0.507975 1.104442 0.025478
v -0.578890 1.105355 -0.009464
v -0.556520 1.127825 -0.009041
v -0.556935 1.126796 0.020357
v -0.579408 1.104993 0.020086
v -0.557340 1.126229 0.040517
v -0.580341 1.105120 0.040283
v -0.547472 1.114150 0.052638
v -0.569948 1.092462 0.049891
v -0.560229 1.083203 -0.063575
v -0.535714 1.101763 -0.062047
v -0.547640 1.114748 -0.056074
v -0.570570 1.095136 -0.057422
v -0.557969 1.077073 -0.005216
v -0.531798 1.095454 -0.004726
v -0.527476 1.091561 -0.032823
v -0.554835 1.074701 -0.034645
v -0.551069 1.119417 -0.036606
v -0.574013 1.098779 -0.037655
v -0.558032 1.078632 0.044147
v -0.506559 1.102556 0.051570
v -0.523216 1.088812 0.022399
v -0.543329 1.074018 0.026331
v -0.525281 1.090284 -0.051803
v -0.552934 1.074525 -0.054083
v -0.519931 1.107049 0.061707
v -0.550802 1.053327 0.062823
v -0.537695 1.100053 0.065013
v -0.553260 1.080792 0.059094
v -0.547527 1.058625 0.059868
v -0.519202 1.083573 0.043753
v -0.545200 1.073463 0.050600
v -0.604431 1.055885 -0.004580
v -0.612957 1.065929 -0.001066
v -0.614168 1.067167 0.012630
v -0.606316 1.057670 0.019105
v -0.597608 1.047298 0.015890
v -0.596397 1.046059 0.002194
v -0.677138 0.995978 -0.002085
v -0.684569 0.998730 0.001430
v -0.685301 0.999479 0.009711
v -0.678585 0.997559 0.014903
v -0.674036 0.990713 0.011500
v -0.673304 0.989964 0.003218
v -0.627494 1.024564 0.014257
v -0.652891 1.005142 0.012925
v -0.652009 1.004240 0.002949
v -0.626465 1.023512 0.002621
v -0.641563 1.041446 0.011488
v -0.664953 1.019615 0.010550
v -0.659363 1.012829 0.016726
v -0.635043 1.033531 0.018691
v -0.632986 1.031427 -0.004582
v -0.657600 1.011026 -0.003226
v -0.664071 1.018713 0.000574
v -0.640535 1.040394 -0.000149
v -0.665346 0.995772 0.012189
v -0.676456 1.009102 0.010002
v -0.669607 1.001096 -0.002426
v -0.664548 0.994956 0.003162
v -0.671203 1.002728 0.015629
v -0.675658 1.008286 0.000975
v -0.685744 0.993255 0.009400
v -0.685142 0.992597 0.002333
v -0.656122 1.001341 0.002997
v -0.661557 1.010948 0.016465
v -0.665602 1.017012 0.000742
v -0.656977 1.002216 0.012679
v -0.666458 1.017888 0.010424
v -0.659835 1.009187 -0.003021
v -0.648656 1.008768 0.013037
v -0.647762 1.007854 0.002932
v -0.663340 1.020895 0.010631
v -0.656992 1.014836 0.016846
v -0.655213 1.013016 -0.003287
v -0.662449 1.019983 0.000549
v -0.632665 1.019090 0.002628
v -0.638229 1.030817 0.018421
v -0.642111 1.038387 0.000023
v -0.633666 1.020114 0.013958
v -0.643117 1.039416 0.011404
v -0.636212 1.028755 -0.004392
v -0.620645 1.028441 0.002572
v -0.631944 1.036171 0.018953
v -0.638716 1.041849 -0.000246
v -0.621694 1.029514 0.014440
v -0.639766 1.042924 0.011639
v -0.629847 1.034027 -0.004767
v -0.610346 1.037207 0.002833
v -0.618935 1.047053 0.018841
v -0.624451 1.053758 0.000090
v -0.611371 1.038254 0.014419
v -0.625475 1.054805 0.011676
v -0.616887 1.044959 -0.004332
v -0.606812 1.058354 0.026668
v -0.614791 1.068302 0.030253
v -0.615715 1.069848 0.043310
v -0.608230 1.061131 0.051376
v -0.599952 1.050936 0.046413
v -0.599159 1.049457 0.033383
v -0.676373 1.002186 0.033576
v -0.683346 1.004919 0.037097
v -0.683825 1.005813 0.044975
v -0.677304 1.004063 0.049735
v -0.673092 0.997455 0.046539
v -0.672612 0.996561 0.038661
v -0.628553 1.029448 0.046560
v -0.652857 1.011090 0.046740
v -0.652279 1.010013 0.037250
v -0.627880 1.028192 0.035490
v -0.641945 1.045516 0.043924
v -0.664338 1.024866 0.044480
v -0.658886 1.018517 0.050356
v -0.635586 1.038110 0.050777
v -0.634239 1.035598 0.028636
v -0.657731 1.016363 0.031374
v -0.663761 1.023789 0.034989
v -0.641271 1.044260 0.032853
v -0.664777 1.002233 0.046746
v -0.675352 1.014921 0.044664
v -0.669188 1.007004 0.032841
v -0.664255 1.001258 0.038158
v -0.670233 1.008953 0.050018
v -0.674830 1.013947 0.036076
v -0.684282 0.999891 0.044876
v -0.683895 0.999110 0.038153
v -0.656207 1.007280 0.037522
v -0.660990 1.016734 0.050239
v -0.665222 1.022184 0.035251
v -0.656767 1.008326 0.046734
v -0.665782 1.023229 0.044463
v -0.659862 1.014631 0.031701
v -0.648805 1.014517 0.046595
v -0.648220 1.013426 0.036981
v -0.662794 1.026076 0.044464
v -0.656617 1.020414 0.050329
v -0.655451 1.018241 0.031176
v -0.662210 1.024988 0.034872
v -0.633802 1.024021 0.035841
v -0.638638 1.035541 0.050710
v -0.642777 1.042365 0.033130
v -0.634458 1.025244 0.046620
v -0.643435 1.043593 0.043957
v -0.637318 1.033079 0.029007
v -0.622316 1.032845 0.035098
v -0.632616 1.040609 0.050842
v -0.639535 1.045632 0.032655
v -0.623003 1.034126 0.046388
v -0.640223 1.046915 0.043963
v -0.631243 1.038049 0.028276
v -0.612465 1.041129 0.034733
v -0.620184 1.050883 0.049967
v -0.625891 1.056885 0.032133
v -0.613135 1.042380 0.045756
v -0.626561 1.058135 0.043156
v -0.618842 1.048381 0.027922
v -0.598217 1.055652 -0.035720
v -0.605825 1.063876 -0.032838
v -0.608504 1.065301 -0.018286
v -0.601799 1.056845 -0.011929
v -0.593701 1.047783 -0.017183
v -0.592336 1.047719 -0.030219
v -0.665506 1.000640 -0.035548
v -0.672340 1.003060 -0.032489
v -0.673172 1.003601 -0.024962
v -0.667163 1.001792 -0.020104
v -0.662934 0.995635 -0.023229
v -0.662103 0.995094 -0.030757
v -0.620829 1.026563 -0.018724
v -0.643805 1.008818 -0.021047
v -0.642803 1.008167 -0.030114
v -0.619660 1.025802 -0.029301
v -0.633627 1.041919 -0.021244
v -0.654777 1.021984 -0.023207
v -0.649792 1.015727 -0.017593
v -0.627813 1.034621 -0.014696
v -0.625475 1.033101 -0.035849
v -0.647788 1.014424 -0.035728
v -0.653775 1.021332 -0.032274
v -0.632459 1.041159 -0.031820
v -0.655071 1.000259 -0.022257
v -0.665178 1.012385 -0.024247
v -0.658676 1.005331 -0.035542
v -0.654165 0.999669 -0.030463
v -0.660489 1.006510 -0.019132
v -0.664271 1.011795 -0.032452
v -0.673543 0.997941 -0.025395
v -0.672854 0.997462 -0.031820
v -0.646529 1.005513 -0.030245
v -0.651773 1.014012 -0.017931
v -0.655163 1.019776 -0.032201
v -0.647502 1.006145 -0.021445
v -0.656136 1.020409 -0.023400
v -0.649816 1.012739 -0.035642
v -0.639973 1.012132 -0.020751
v -0.638958 1.011471 -0.029936
v -0.653318 1.023153 -0.023062
v -0.647648 1.017559 -0.017376
v -0.645626 1.016244 -0.035675
v -0.652305 1.022495 -0.032226
v -0.625276 1.021756 -0.029558
v -0.630692 1.032144 -0.015087
v -0.633886 1.039325 -0.031751
v -0.626414 1.022496 -0.019260
v -0.635029 1.040068 -0.021406
v -0.628400 1.030654 -0.035822
v -0.614389 1.030309 -0.029080
v -0.625012 1.037030 -0.014315
v -0.630809 1.042492 -0.031828
v -0.615581 1.031084 -0.018293
v -0.632003 1.043268 -0.021025
v -0.622629 1.035481 -0.035875
v -0.604650 1.038947 -0.028926
v -0.613206 1.046994 -0.013871
v -0.617160 1.053516 -0.031307
v -0.606132 1.039207 -0.018056
v -0.618910 1.054154 -0.020506
v -0.609964 1.046102 -0.035410
v -0.594695 1.053179 -0.061549
v -0.601514 1.060914 -0.057607
v -0.602747 1.061493 -0.047393
v -0.597148 1.054367 -0.041835
v -0.590452 1.046765 -0.044976
v -0.589160 1.046122 -0.055138
v -0.651379 1.006031 -0.065169
v -0.657725 1.008255 -0.062422
v -0.658606 1.008664 -0.055447
v -0.653141 1.006907 -0.050858
v -0.649148 1.001252 -0.053773
v -0.648267 1.000843 -0.060748
v -0.610746 1.029679 -0.048311
v -0.631745 1.013287 -0.051189
v -0.630683 1.012794 -0.059591
v -0.609565 1.029023 -0.058087
v -0.622589 1.043817 -0.050640
v -0.641924 1.025500 -0.053193
v -0.637365 1.019640 -0.047991
v -0.617266 1.037039 -0.044605
v -0.614911 1.035793 -0.064174
v -0.635242 1.018655 -0.064793
v -0.640863 1.025008 -0.061595
v -0.621442 1.043203 -0.060439
v -0.641988 1.005464 -0.052654
v -0.651363 1.016714 -0.054500
v -0.645153 1.010322 -0.064964
v -0.641027 1.005019 -0.060256
v -0.647074 1.011213 -0.049760
v -0.650403 1.016268 -0.062102
v -0.658883 1.003454 -0.055944
v -0.658150 1.003089 -0.061897
v -0.634077 1.010367 -0.059823
v -0.639162 1.018072 -0.048367
v -0.642123 1.023579 -0.061576
v -0.635107 1.010845 -0.051669
v -0.643153 1.024058 -0.053422
v -0.637089 1.017110 -0.064777
v -0.628263 1.016319 -0.050792
v -0.627188 1.015820 -0.059303
v -0.640597 1.026569 -0.053014
v -0.635417 1.021316 -0.047721
v -0.633275 1.020322 -0.064676
v -0.639525 1.026072 -0.061504
v -0.614732 1.025231 -0.058539
v -0.620024 1.034653 -0.045057
v -0.622785 1.041493 -0.060461
v -0.615937 1.025790 -0.048997
v -0.623974 1.042066 -0.050871
v -0.617598 1.033525 -0.064269
v -0.604475 1.033790 -0.057348
v -0.614438 1.039482 -0.044168
v -0.619819 1.044482 -0.060318
v -0.605611 1.034519 -0.047634
v -0.620940 1.045125 -0.050347
v -0.612153 1.038146 -0.063927
v -0.598273 1.039984 -0.055946
v -0.605285 1.047243 -0.043658
v -0.609271 1.052713 -0.058170
v -0.599342 1.040655 -0.047015
v -0.610224 1.053283 -0.049145
v -0.603255 1.045986 -0.061635
v -0.568871 1.004990 0.075710
v -0.571562 1.001079 0.086212
v -0.563482 0.998156 0.094017
v -0.552260 0.999094 0.091706
v -0.551387 0.995655 0.081454
v -0.559467 0.998578 0.073649
v -0.536452 1.030924 0.075722
v -0.546299 1.034749 0.066496
v -0.549575 1.039612 0.090632
v -0.537645 1.033352 0.086890
v -0.556832 1.040339 0.068424
v -0.559262 1.043125 0.081293
v -0.544068 1.008498 0.077623
v -0.557689 1.017360 0.093047
v -0.564049 1.017683 0.072527
v -0.552875 1.011685 0.069115
v -0.546434 1.011309 0.089543
v -0.566497 1.020547 0.084539
v -0.562079 0.991358 0.089895
v -0.568989 0.993810 0.083240
v -0.547779 1.029161 0.067007
v -0.539185 1.029168 0.087522
v -0.560063 1.040229 0.081869
v -0.539465 1.021848 0.076775
v -0.550640 1.036199 0.091089
v -0.558375 1.035461 0.069471
v -0.533701 1.041604 0.073127
v -0.544314 1.040055 0.065244
v -0.549088 1.043152 0.089708
v -0.536174 1.037924 0.086025
v -0.555169 1.046027 0.066501
v -0.558755 1.046133 0.080180
v -0.553492 1.063643 0.069997
v -0.555251 1.056941 0.075320
v -0.517558 1.075361 0.063340
v -0.523754 1.057815 0.068368
v -0.542091 1.074597 0.076647
v -0.543739 1.060562 0.084334
v -0.524797 1.079861 0.073227
v -0.528633 1.060557 0.079655
v -0.529318 1.063768 0.055047
v -0.535199 1.053775 0.058525
v -0.544988 1.066698 0.055196
v -0.521156 1.076717 0.049139
v -0.552993 1.073115 0.064609
v -0.539401 1.090053 0.070642
v -0.522536 1.099098 0.066722
v -0.512492 1.090311 0.057096
v -0.053663 0.871456 -0.059311
v -0.172892 0.863178 0.055962
v -0.158600 0.858469 -0.072946
v -0.095358 0.850290 -0.087705
v -0.186148 0.863735 -0.011043
v -0.106619 0.854639 0.100368
v -0.012266 0.839445 0.036571
v -0.010112 0.837559 -0.040433
v -0.045837 0.845403 0.089479
v -0.021736 0.841650 0.069410
v -0.188193 0.864990 0.028061
v -0.180195 0.862282 -0.047579
v -0.072776 0.849761 0.103481
v -0.150257 0.860570 0.081548
v -0.002833 0.837750 0.012977
v -0.138313 0.855375 -0.087810
v -0.046953 0.844401 -0.075463
v -0.070794 0.847421 -0.090448
v -0.021601 0.840129 -0.063763
v -0.172892 0.849785 0.055962
v -0.158600 0.845075 -0.072946
v -0.095358 0.836897 -0.087705
v -0.186148 0.850342 -0.011043
v -0.106619 0.840855 0.100368
v -0.012266 0.826051 0.036571
v -0.010112 0.824165 -0.040433
v -0.045837 0.832009 0.089479
v -0.021676 0.806552 0.069467
v -0.188271 0.829912 0.028084
v -0.180266 0.827202 -0.047619
v -0.072758 0.814671 0.103566
v -0.150304 0.825489 0.081615
v -0.002757 0.802650 0.012987
v -0.138350 0.820290 -0.087884
v -0.046953 0.831007 -0.075463
v -0.070774 0.812329 -0.090524
v -0.021541 0.805030 -0.063817
v -0.122838 0.193726 -0.028748
v -0.060842 0.190034 0.029417
v -0.038660 0.194750 -0.031308
v -0.121443 0.191509 0.006825
v -0.064417 0.196053 -0.055501
v -0.099202 0.195462 -0.054381
v -0.095388 0.189869 0.030902
v -0.036337 0.193052 0.003739
v -0.122121 0.143654 0.008246
v -0.096304 0.143228 -0.054426
v -0.060217 0.143411 -0.054441
v -0.121946 0.143329 -0.028460
v -0.096728 0.144014 0.034190
v -0.034999 0.144096 0.008209
v -0.034824 0.143770 -0.028497
v -0.060641 0.144197 0.034174
v -0.127880 0.175553 -0.030849
v -0.058572 0.175852 0.036014
v -0.032514 0.176443 -0.032927
v -0.126822 0.175346 0.009483
v -0.061286 0.176320 -0.060675
v -0.100724 0.175950 -0.059746
v -0.097814 0.175473 0.037180
v -0.030710 0.176264 0.006927
v -0.159557 0.997043 -0.062816
v -0.137760 0.989641 0.059488
v -0.087514 0.978189 0.098320
v -0.114411 0.999742 -0.108831
v -0.162379 0.996564 0.002454
v -0.030895 1.000170 -0.115564
v -0.071941 1.000841 -0.118383
v -0.062346 0.972507 0.101065
v -0.048836 1.382121 0.111102
v -0.051955 1.352097 0.129519
v -0.052238 1.319703 0.129519
v -0.046001 1.292049 0.116148
v -0.093984 1.408764 0.072621
v -0.119420 1.407102 0.051265
v -0.122202 1.379527 0.061403
v -0.101126 1.380675 0.092155
v -0.103469 1.350661 0.102542
v -0.102196 1.322156 0.106436
v -0.093042 1.297839 0.097021
v -0.120672 1.351439 0.067326
v -0.116424 1.320526 0.067497
v -0.172892 0.863178 0.055962
v -0.158600 0.858469 -0.072946
v -0.095358 0.850290 -0.087705
v -0.186148 0.863735 -0.011043
v -0.106619 0.854639 0.100368
v -0.012266 0.839445 0.036571
v -0.010112 0.837559 -0.040433
v -0.045837 0.845403 0.089479
v -0.021736 0.841650 0.069410
v -0.188193 0.864990 0.028061
v -0.180195 0.862282 -0.047579
v -0.072776 0.849761 0.103481
v -0.150257 0.860570 0.081548
v -0.002833 0.837750 0.012977
v -0.138313 0.855375 -0.087810
v -0.046953 0.844401 -0.075463
v -0.070794 0.847421 -0.090448
v -0.021601 0.840129 -0.063763
v -0.172892 0.849785 0.055962
v -0.158600 0.845075 -0.072946
v -0.095358 0.836897 -0.087705
v -0.186148 0.850342 -0.011043
v -0.106619 0.840855 0.100368
v -0.012266 0.826051 0.036571
v -0.010112 0.824165 -0.040433
v -0.045837 0.832009 0.089479
v -0.021676 0.806552 0.069467
v -0.188271 0.829912 0.028084
v -0.180266 0.827202 -0.047619
v -0.072758 0.814671 0.103566
v -0.150304 0.825489 0.081615
v -0.002757 0.802650 0.012987
v -0.138350 0.820290 -0.087884
v -0.046953 0.831007 -0.075463
v -0.070774 0.812329 -0.090524
v -0.021541 0.805030 -0.063817
v -0.113094 0.360749 -0.072251
v -0.098728 0.317884 0.038905
v -0.022009 0.336470 -0.001497
v -0.141921 0.349664 -0.036851
v -0.053396 0.315906 0.033188
v -0.030174 0.349726 -0.047096
v -0.136535 0.332720 0.010018
v -0.067063 0.362007 -0.076568
vn -0.3114 -0.2084 -0.9271
vn 0.6914 -0.0162 -0.7223
vn 0.2842 -0.5553 -0.7816
vn -0.4819 -0.3354 0.8095
vn 0.0110 -0.9822 0.1875
vn 0.1226 -0.6738 0.7287
vn 0.5966 -0.0478 0.8011
vn 0.1461 0.3605 0.9213
vn 0.9100 0.2605 0.3224
vn 0.5656 0.7241 0.3946
vn -0.6486 -0.6407 -0.4108
vn 0.0270 -0.9451 -0.3256
vn 0.2642 0.3974 -0.8788
vn 0.9404 0.2674 -0.2099
vn -0.6911 -0.6994 0.1823
vn 0.6212 0.7333 -0.2765
vn -0.0750 0.9365 0.3425
vn 0.7162 0.6447 -0.2674
vn -0.0106 0.9692 -0.2462
vn 0.6546 0.6343 0.4112
vn -0.9490 -0.2868 0.1310
vn -0.5408 -0.7190 -0.4365
vn -0.5920 -0.7831 0.1907
vn -0.2579 0.6361 -0.7273
vn 0.3623 0.3143 -0.8775
vn -0.9018 -0.2405 -0.3590
vn -0.1928 -0.2768 -0.9414
vn -0.3393 0.5919 0.7311
vn 0.2495 0.2776 0.9277
vn -0.7528 -0.0120 0.6581
vn -0.3514 -0.4119 0.8408
vn -0.6549 0.1086 -0.7479
vn -0.7294 -0.1734 -0.6617
vn -0.2522 -0.4814 -0.8394
vn -0.1955 -0.7056 -0.6811
vn 0.8839 -0.1957 -0.4247
vn 0.5188 0.4635 0.7184
vn 0.6487 0.2276 0.7262
vn 0.6249 -0.0540 0.7789
vn 0.0258 0.3689 0.9291
vn 0.1045 -0.0377 0.9938
vn -0.4618 -0.7442 0.4826
vn -0.7833 -0.2631 -0.5632
vn -0.6123 -0.5943 -0.5215
vn 0.6600 -0.7510 -0.0212
vn -0.8867 0.2534 0.3867
vn -0.5575 0.8285 -0.0519
vn 0.1325 0.5084 0.8508
vn -0.4074 -0.2543 -0.8771
vn 0.3953 0.7298 -0.5578
vn -0.9343 -0.2399 0.2637
vn -0.6696 -0.7388 0.0763
vn -0.4611 -0.8433 0.2761
vn 0.3543 -0.6941 -0.6266
vn 0.7737 0.5644 -0.2879
vn 0.9131 0.3449 -0.2175
vn 0.9811 0.1906 -0.0338
vn 0.6124 0.7805 0.1259
vn 0.7883 0.5616 0.2512
vn 0.3112 -0.0306 0.9499
vn -0.8730 -0.2205 0.4351
vn -0.5988 -0.4774 0.6431
vn 0.5792 -0.8140 0.0447
vn -0.3980 0.7171 0.5721
vn -0.5769 0.7932 -0.1949
vn 0.5894 0.8077 -0.0129
vn -0.8457 -0.5335 0.0137
vn -0.2492 0.1031 -0.9629
vn 0.8006 0.0244 0.5987
vn 0.6672 0.1396 0.7317
vn 0.6485 -0.0103 0.7612
vn 0.8992 0.0277 0.4367
vn 0.7694 0.1168 0.6280
vn 0.8370 0.0249 0.5466
vn 0.7284 0.0954 0.6784
vn 0.6587 0.1499 0.7373
vn 0.7145 -0.2580 0.6504
vn 0.5165 0.0200 0.8561
vn 0.4841 -0.1594 0.8604
vn 0.8647 -0.3506 0.3596
vn 0.7465 -0.0754 0.6611
vn 0.9112 -0.0721 0.4055
vn 0.7285 -0.0366 0.6841
vn 0.7324 0.0031 0.6809
vn 0.5257 -0.0306 0.8501
vn 0.5114 0.0683 0.8566
vn -0.0000 -0.1936 0.9811
vn 0.8307 -0.0848 0.5503
vn -0.0000 0.6215 0.7834
vn 0.5795 0.0613 0.8127
vn 0.3984 -0.0010 0.9172
vn 0.2843 0.1350 0.9492
vn 0.3582 -0.0713 0.9309
vn 0.1891 0.0178 0.9818
vn -0.0000 0.0561 0.9984
vn -0.0000 0.4086 0.9127
vn 0.3175 -0.0736 0.9454
vn 0.4003 -0.0196 0.9162
vn 0.3833 -0.0514 0.9222
vn 0.3295 0.0218 0.9439
vn 0.4016 -0.0610 0.9138
vn 0.3852 0.0793 0.9194
vn 0.1841 -0.0609 0.9810
vn -0.0000 0.1036 0.9946
vn -0.0000 -0.0580 0.9983
vn 0.3330 -0.0663 0.9406
vn 0.1762 0.0992 0.9793
vn 0.3511 0.1032 0.9306
vn 0.1860 0.1794 0.9660
vn -0.0000 0.1749 0.9846
vn 0.4887 -0.0513 0.8710
vn 0.5181 0.1205 0.8468
vn 0.5248 0.1812 0.8317
vn 0.3633 0.1836 0.9134
vn 0.4181 -0.2069 0.8845
vn 0.3064 -0.2083 0.9289
vn 0.5519 -0.1665 0.8171
vn 0.4373 -0.2655 0.8592
vn 0.2951 -0.2875 0.9112
vn 0.4675 -0.2105 0.8586
vn 0.3159 -0.2247 0.9218
vn 0.6202 -0.1673 0.7664
vn -0.0000 -0.1853 0.9827
vn 0.1557 -0.1893 0.9695
vn 0.1516 -0.2997 0.9419
vn -0.0000 -0.2989 0.9543
vn 0.1635 -0.2346 0.9582
vn -0.0000 -0.2453 0.9694
vn 0.9054 -0.0673 0.4192
vn 0.7403 -0.1251 0.6606
vn 0.9066 -0.1069 0.4081
vn 0.7677 -0.1540 0.6221
vn 0.5836 -0.2146 0.7831
vn 0.9210 -0.0718 0.3829
vn 0.7928 -0.1091 0.5997
vn 0.9211 0.0156 0.3891
vn 0.3183 -0.3768 0.8699
vn 0.3777 -0.2651 0.8872
vn 0.3874 -0.0667 0.9195
vn 0.3202 -0.4106 0.8538
vn 0.4079 -0.3834 0.8286
vn 0.3212 -0.3883 0.8638
vn 0.3851 -0.4082 0.8277
vn 0.4109 -0.3900 0.8241
vn 0.3456 -0.0797 0.9350
vn 0.3257 -0.1675 0.9305
vn 0.4566 -0.2969 0.8387
vn 0.3735 -0.6978 0.6112
vn -0.0000 -0.3169 0.9485
vn -0.0000 -0.7192 0.6949
vn 0.4305 -0.4127 0.8027
vn 0.2691 -0.3493 0.8975
vn 0.2243 -0.3939 0.8914
vn -0.0000 -0.3972 0.9177
vn 0.2138 -0.2924 0.9321
vn -0.0000 -0.3257 0.9455
vn 0.1946 -0.6898 0.6974
vn 0.2526 -0.5073 0.8239
vn -0.0000 -0.7407 0.6719
vn -0.0000 -0.5800 0.8146
vn 0.2862 -0.0721 0.9555
vn -0.0000 -0.0670 0.9978
vn -0.0000 -0.1427 0.9898
vn 0.2868 -0.0931 0.9534
vn 0.3455 -0.2584 0.9021
vn -0.0000 -0.3835 0.9236
vn 0.5395 -0.6915 0.4804
vn 0.5187 -0.5071 0.6883
vn 0.6115 -0.6939 0.3803
vn 0.5738 -0.5205 0.6323
vn 0.6651 -0.6626 0.3444
vn 0.6416 -0.4326 0.6334
vn 0.7667 -0.5418 0.3445
vn -0.0000 -0.4278 0.9039
vn 0.2297 -0.3734 0.8988
vn 0.1900 -0.0054 0.9818
vn -0.0000 -0.0954 0.9954
vn 0.4479 -0.0849 0.8900
vn 0.9074 -0.1737 0.3827
vn 0.9858 0.0125 0.1677
vn 0.9609 -0.2389 0.1397
vn 0.9800 -0.1250 0.1548
vn 0.9822 -0.0935 0.1629
vn 0.4644 -0.8840 0.0536
vn 0.5619 -0.8264 0.0374
vn 0.6513 -0.7561 0.0644
vn 0.7831 -0.6160 0.0860
vn 0.8970 -0.4255 0.1198
vn 0.9819 -0.1061 0.1567
vn -0.0000 -0.9874 0.1580
vn 0.3295 -0.9413 0.0734
vn 0.9140 -0.1163 0.3887
vn 0.9829 -0.1083 0.1492
vn 0.9718 0.0164 0.2351
vn 0.9865 -0.0681 0.1486
vn 0.9345 -0.0596 0.3510
vn -0.0000 -0.9786 -0.2058
vn 0.1786 -0.9482 -0.2628
vn 0.3143 -0.9232 -0.2212
vn 0.4483 -0.8743 -0.1864
vn 0.5789 -0.8031 -0.1414
vn 0.9936 -0.1118 0.0165
vn 0.9931 -0.1126 0.0315
vn 0.8690 -0.4899 -0.0687
vn 0.9563 -0.2905 -0.0336
vn 0.9952 -0.0974 0.0078
vn 0.9994 -0.0080 0.0348
vn 0.9976 -0.0690 -0.0056
vn 0.9870 -0.1606 -0.0040
vn 0.7322 -0.6729 -0.1051
vn 0.5190 -0.8174 -0.2500
vn 0.6510 -0.7078 -0.2742
vn 0.9165 -0.0188 0.3997
vn 0.9968 -0.0616 -0.0517
vn 0.7870 -0.5693 -0.2377
vn 0.8569 -0.5150 0.0206
vn -0.0000 -0.9598 -0.2807
vn 0.9953 -0.0799 -0.0550
vn 0.2008 -0.9312 -0.3040
vn 0.3351 -0.9028 -0.2697
vn 0.9602 -0.0781 0.2681
vn 0.9475 -0.0776 0.3101
vn 0.5936 -0.6963 -0.4035
vn -0.0000 -0.9437 0.3308
vn 0.3980 -0.8323 -0.3858
vn 0.6714 -0.6235 -0.4005
vn 0.2941 -0.8329 -0.4688
vn 0.6323 -0.7632 0.1330
vn 0.7753 -0.5489 -0.3124
vn 0.6255 -0.6261 -0.4656
vn 0.4676 -0.7663 -0.4406
vn 0.6245 -0.3436 -0.7014
vn 0.6850 0.0218 0.7282
vn 0.4516 0.3406 0.8247
vn 0.7413 0.1148 0.6613
vn 0.4836 -0.7898 0.3772
vn 0.9268 -0.3450 0.1485
vn 0.9861 -0.0845 0.1428
vn 0.7913 -0.5844 0.1795
vn 0.8291 0.4165 0.3729
vn -0.0604 -0.9417 -0.3311
vn 0.1658 -0.7583 -0.6305
vn -0.1642 -0.3654 -0.9162
vn 0.3680 0.0765 -0.9267
vn 0.1833 0.7400 -0.6471
vn -0.2445 0.9689 0.0371
vn 0.3778 -0.4445 -0.8122
vn -0.5349 0.8335 0.1385
vn -0.6672 0.1396 0.7317
vn -0.8006 0.0244 0.5987
vn -0.6485 -0.0103 0.7612
vn -0.8992 0.0277 0.4367
vn -0.9211 0.0156 0.3891
vn -0.7694 0.1168 0.6280
vn -0.8370 0.0249 0.5466
vn -0.6587 0.1499 0.7373
vn -0.5165 0.0200 0.8561
vn -0.7145 -0.2580 0.6504
vn -0.4841 -0.1594 0.8604
vn -0.7465 -0.0754 0.6611
vn -0.8647 -0.3506 0.3596
vn -0.7285 -0.0366 0.6841
vn -0.9112 -0.0721 0.4055
vn -0.7324 0.0031 0.6809
vn -0.5257 -0.0306 0.8501
vn -0.5114 0.0683 0.8566
vn -0.8307 -0.0848 0.5503
vn -0.5795 0.0613 0.8127
vn -0.3984 -0.0010 0.9172
vn -0.4003 -0.0196 0.9162
vn -0.2843 0.1350 0.9492
vn -0.3582 -0.0713 0.9309
vn -0.3175 -0.0736 0.9454
vn -0.3833 -0.0514 0.9222
vn -0.3295 0.0218 0.9439
vn -0.4016 -0.0610 0.9138
vn -0.3852 0.0793 0.9194
vn -0.1841 -0.0609 0.9810
vn -0.1762 0.0992 0.9793
vn -0.3330 -0.0663 0.9406
vn -0.1860 0.1794 0.9660
vn -0.3511 0.1032 0.9306
vn -0.4887 -0.0513 0.8710
vn -0.5181 0.1205 0.8468
vn -0.5248 0.1812 0.8317
vn -0.3633 0.1836 0.9134
vn -0.4181 -0.2069 0.8845
vn -0.4373 -0.2655 0.8592
vn -0.5519 -0.1665 0.8171
vn -0.3064 -0.2083 0.9289
vn -0.2951 -0.2875 0.9112
vn -0.4675 -0.2105 0.8586
vn -0.6202 -0.1673 0.7664
vn -0.5836 -0.2146 0.7831
vn -0.3159 -0.2247 0.9218
vn -0.1891 0.0178 0.9818
vn -0.1557 -0.1893 0.9695
vn -0.1635 -0.2346 0.9582
vn -0.1516 -0.2997 0.9419
vn -0.7403 -0.1251 0.6606
vn -0.9054 -0.0673 0.4192
vn -0.7677 -0.1540 0.6221
vn -0.9066 -0.1069 0.4081
vn -0.9210 -0.0718 0.3829
vn -0.9140 -0.1163 0.3887
vn -0.7928 -0.1091 0.5997
vn -0.3777 -0.2651 0.8872
vn -0.3183 -0.3768 0.8699
vn -0.3874 -0.0667 0.9195
vn -0.3202 -0.4106 0.8538
vn -0.4079 -0.3834 0.8286
vn -0.3851 -0.4082 0.8277
vn -0.4109 -0.3900 0.8241
vn -0.3456 -0.0797 0.9350
vn -0.3257 -0.1675 0.9305
vn -0.4566 -0.2969 0.8387
vn -0.3735 -0.6978 0.6112
vn -0.4305 -0.4127 0.8027
vn -0.5395 -0.6915 0.4804
vn -0.2243 -0.3939 0.8914
vn -0.2691 -0.3493 0.8975
vn -0.2138 -0.2924 0.9321
vn -0.3212 -0.3883 0.8638
vn -0.1946 -0.6898 0.6974
vn -0.2297 -0.3734 0.8988
vn -0.2526 -0.5073 0.8239
vn -0.2862 -0.0721 0.9555
vn -0.2869 -0.0931 0.9534
vn -0.3455 -0.2584 0.9021
vn -0.5187 -0.5071 0.6883
vn -0.5738 -0.5205 0.6323
vn -0.6115 -0.6939 0.3803
vn -0.6416 -0.4326 0.6334
vn -0.6651 -0.6626 0.3444
vn -0.7667 -0.5418 0.3445
vn -0.1900 -0.0054 0.9818
vn -0.4479 -0.0849 0.8900
vn -0.9074 -0.1737 0.3827
vn -0.9858 0.0125 0.1677
vn -0.9609 -0.2389 0.1397
vn -0.9800 -0.1250 0.1548
vn -0.4644 -0.8840 0.0536
vn -0.6513 -0.7561 0.0644
vn -0.5619 -0.8264 0.0374
vn -0.8970 -0.4255 0.1198
vn -0.7831 -0.6160 0.0860
vn -0.9822 -0.0935 0.1629
vn -0.9819 -0.1061 0.1567
vn -0.9718 0.0164 0.2351
vn -0.3295 -0.9413 0.0734
vn -0.9865 -0.0681 0.1486
vn -0.9345 -0.0596 0.3510
vn -0.3143 -0.9232 -0.2212
vn -0.1786 -0.9482 -0.2628
vn -0.4483 -0.8743 -0.1864
vn -0.9936 -0.1118 0.0165
vn -0.8690 -0.4899 -0.0687
vn -0.9829 -0.1083 0.1492
vn -0.9931 -0.1126 0.0315
vn -0.9994 -0.0080 0.0348
vn -0.9952 -0.0974 0.0078
vn -0.9563 -0.2905 -0.0336
vn -0.5789 -0.8031 -0.1414
vn -0.9870 -0.1606 -0.0040
vn -0.7322 -0.6729 -0.1051
vn -0.5190 -0.8174 -0.2500
vn -0.9165 -0.0188 0.3997
vn -0.7870 -0.5693 -0.2377
vn -0.6510 -0.7078 -0.2742
vn -0.9953 -0.0799 -0.0550
vn -0.9976 -0.0690 -0.0056
vn -0.2008 -0.9312 -0.3040
vn -0.8569 -0.5150 0.0206
vn -0.9475 -0.0776 0.3101
vn -0.3351 -0.9028 -0.2697
vn -0.9602 -0.0781 0.2681
vn -0.5936 -0.6963 -0.4035
vn -0.3980 -0.8323 -0.3858
vn -0.2941 -0.8329 -0.4688
vn -0.6323 -0.7632 0.1330
vn -0.7753 -0.5489 -0.3124
vn -0.6255 -0.6261 -0.4656
vn -0.6714 -0.6235 -0.4005
vn -0.6245 -0.3436 -0.7014
vn -0.4676 -0.7663 -0.4406
vn -0.3097 -0.8544 -0.4173
vn -0.6850 0.0218 0.7282
vn -0.7413 0.1148 0.6613
vn -0.4836 -0.7898 0.3772
vn -0.9268 -0.3450 0.1485
vn -0.7913 -0.5844 0.1795
vn -0.4516 0.3406 0.8247
vn -0.9861 -0.0845 0.1428
vn 0.0604 -0.9417 -0.3311
vn -0.1658 -0.7583 -0.6305
vn -0.8291 0.4165 0.3729
vn -0.3680 0.0765 -0.9267
vn 0.2445 0.9689 0.0371
vn -0.3778 -0.4445 -0.8122
vn 0.5349 0.8335 0.1385
vn 0.1642 -0.3654 -0.9162
vn -0.0000 0.1026 0.9947
vn 0.1382 -0.6687 0.7306
vn 0.2173 0.0783 0.9729
vn 0.6651 -0.6285 0.4032
vn 0.8524 -0.0743 0.5176
vn 0.5863 -0.0098 0.8101
vn 0.6094 0.0325 0.7922
vn 0.5695 0.1912 0.7995
vn -0.2427 -0.5208 0.8185
vn 0.6385 -0.7320 0.2375
vn -0.1690 -0.7398 -0.6513
vn 0.3013 -0.6337 -0.7125
vn -0.0000 -0.7665 -0.6422
vn 0.5119 -0.1891 -0.8380
vn -0.8582 -0.4849 -0.1683
vn -0.0186 -0.6742 -0.7383
vn 0.3838 0.1469 0.9117
vn -0.9721 0.0147 -0.2339
vn -0.2369 0.0387 0.9708
vn 0.9266 -0.3243 0.1902
vn 0.1018 -0.2477 -0.9635
vn -0.0000 0.2287 -0.9735
vn 0.3352 0.1070 -0.9360
vn 0.5231 0.1285 -0.8425
vn 0.3884 0.0051 -0.9215
vn 0.4311 0.0326 -0.9017
vn 0.7846 -0.4098 -0.4652
vn 0.5653 -0.7007 -0.4352
vn 0.8907 -0.0832 -0.4470
vn 0.0937 -0.3721 -0.9234
vn 0.5590 -0.8211 0.1152
vn -0.2440 -0.8563 0.4551
vn -0.4119 -0.8822 0.2281
vn -0.2349 -0.6815 0.6931
vn 0.6542 0.1585 -0.7395
vn 0.7037 0.6747 -0.2228
vn 0.5478 -0.0331 -0.8360
vn -0.0000 0.2997 -0.9540
vn -0.0000 0.9858 -0.1680
vn -0.0000 -0.0250 -0.9997
vn 0.8346 0.2900 -0.4684
vn 0.6213 0.7806 0.0680
vn -0.0000 0.9068 0.4215
vn 0.5330 -0.2059 -0.8207
vn -0.0000 0.8691 -0.4947
vn -0.0000 -0.3900 -0.9208
vn -0.0074 -0.9017 0.4323
vn -0.0000 -0.9003 0.4353
vn -0.1458 -0.9207 0.3619
vn -0.0000 -0.9468 0.3220
vn -0.0000 -0.9039 -0.4278
vn 0.6499 0.1939 -0.7348
vn 0.9069 0.2165 -0.3616
vn 0.5575 0.2316 -0.7972
vn 0.8534 0.0940 -0.5127
vn 0.9053 0.0304 -0.4237
vn 0.8284 -0.5529 -0.0894
vn 0.9097 -0.2947 0.2927
vn 0.3778 -0.7406 0.5557
vn -0.1190 -0.9872 -0.1057
vn 0.8879 0.4597 -0.0196
vn 0.9306 0.2174 -0.2946
vn 0.8948 -0.0001 -0.4465
vn 0.9290 0.0317 -0.3686
vn 0.4929 0.3366 -0.8023
vn 0.1153 0.9743 -0.1937
vn 0.5327 0.0286 -0.8458
vn 0.9369 0.0569 -0.3449
vn 0.5382 0.7938 0.2831
vn -0.2963 0.8209 0.4881
vn 0.1899 0.9507 -0.2451
vn 0.5057 -0.2777 -0.8168
vn -0.2036 -0.9126 0.3547
vn 0.2330 -0.8970 -0.3756
vn 0.3641 0.0440 -0.9303
vn 0.1282 0.1380 -0.9821
vn -0.3046 -0.5186 -0.7989
vn -0.6686 -0.7320 -0.1312
vn -0.7085 -0.2163 -0.6717
vn -0.4016 0.5387 -0.7406
vn -0.1033 0.2484 -0.9631
vn 0.0164 0.0254 -0.9995
vn -0.1606 0.0644 -0.9849
vn -0.5031 0.7668 -0.3987
vn 0.9543 0.1769 -0.2411
vn 0.9236 0.2206 0.3135
vn 0.9125 0.2097 -0.3512
vn 0.9571 0.1644 0.2387
vn 0.8909 -0.0602 0.4503
vn 0.6635 -0.6387 0.3896
vn 0.6157 -0.3141 0.7227
vn 0.0804 -0.7400 0.6678
vn -0.1974 -0.4106 0.8902
vn 0.5246 -0.1896 0.8300
vn -0.9305 -0.3493 0.1102
vn 0.8760 0.3606 0.3201
vn 0.9598 0.1164 0.2556
vn 0.9797 0.0168 0.1997
vn 0.7848 0.3463 -0.5139
vn 0.4048 0.8824 -0.2398
vn 0.8709 0.0755 -0.4857
vn 0.9330 -0.3408 0.1153
vn 0.7055 0.6432 0.2975
vn -0.0682 0.9968 0.0404
vn 0.6711 0.6257 -0.3976
vn 0.6150 -0.6993 -0.3644
vn -0.3064 -0.4271 0.8507
vn -0.6571 -0.5962 0.4613
vn -0.3664 -0.9048 0.2171
vn 0.1930 -0.9745 -0.1143
vn 0.8743 -0.0601 -0.4816
vn -0.0230 -0.6387 -0.7691
vn -0.5470 -0.7401 -0.3912
vn -0.3539 -0.2622 -0.8978
vn 0.1400 0.3606 -0.9221
vn 0.1593 0.2145 -0.9636
vn 0.3471 -0.3408 -0.8737
vn 0.0779 0.6432 -0.7617
vn 0.6386 -0.1070 0.7620
vn 0.3597 -0.0367 0.9323
vn 0.3995 -0.1152 0.9095
vn 0.8516 -0.0973 0.5151
vn -0.4134 -0.4912 0.7667
vn 0.8153 0.0161 0.5789
vn 0.7896 -0.0214 0.6132
vn 0.1119 -0.9070 0.4060
vn 0.8439 -0.0511 0.5340
vn 0.5381 -0.2235 0.8127
vn -0.8802 0.0223 0.4741
vn -0.8696 0.2481 0.4269
vn 0.8792 -0.0205 0.4761
vn 0.9439 0.0579 0.3252
vn 0.9102 0.0567 0.4102
vn 0.6730 -0.5405 0.5049
vn 0.8206 0.0673 0.5675
vn 0.3927 -0.9180 0.0546
vn 0.8538 0.0391 0.5191
vn -0.7947 -0.3963 0.4597
vn 0.4891 -0.3477 0.7999
vn -0.6645 0.5931 0.4547
vn -0.9707 -0.1024 -0.2173
vn -0.9218 -0.2123 -0.3244
vn -0.9221 -0.2166 -0.3207
vn -0.9245 -0.2173 0.3133
vn -0.9051 -0.1862 -0.3822
vn -0.8528 -0.4158 -0.3159
vn -0.3249 -0.6914 0.6453
vn 0.1239 -0.4143 -0.9017
vn -0.1449 -0.8169 -0.5583
vn -0.6282 -0.7284 -0.2737
vn -0.1469 -0.6938 -0.7051
vn -0.8121 -0.5822 -0.0389
vn 0.7998 0.0778 -0.5952
vn -0.3647 0.1900 -0.9115
vn -0.0676 -0.1843 0.9805
vn 0.6400 -0.7248 0.2549
vn 0.8933 -0.4465 0.0520
vn 0.4457 0.7236 -0.5269
vn -0.4167 0.1396 -0.8983
vn 0.6830 0.4803 -0.5503
vn -0.2405 0.1144 -0.9639
vn -0.4202 -0.1366 -0.8971
vn -0.3854 -0.5226 0.7605
vn -0.9902 -0.1379 0.0198
vn -0.7405 -0.0919 0.6657
vn -0.1024 -0.1302 0.9862
vn 0.8457 0.0817 0.5274
vn 0.8536 0.2726 0.4438
vn 0.7586 0.3717 -0.5351
vn 0.1173 0.9771 -0.1778
vn 0.8100 0.2413 -0.5345
vn 0.8815 -0.4279 -0.1996
vn 0.6673 0.2300 0.7084
vn 0.2434 -0.4834 0.8409
vn 0.7075 0.0232 0.7063
vn -0.9087 -0.1769 0.3780
vn -0.0000 0.1010 -0.9949
vn 0.3132 -0.0857 -0.9458
vn 0.9770 0.1396 -0.1615
vn 0.7302 -0.6062 -0.3151
vn 0.3668 -0.0479 -0.9291
vn 0.6792 0.0133 -0.7338
vn 0.8358 0.0842 -0.5425
vn 0.9038 0.0810 -0.4202
vn 0.4292 0.0093 -0.9032
vn 0.9485 0.0929 -0.3027
vn 0.7232 0.0810 -0.6859
vn 0.8394 0.0605 -0.5401
vn 0.9742 0.1221 -0.1898
vn 0.9160 0.0567 -0.3972
vn -0.0000 -0.0377 -0.9993
vn 0.2653 0.0295 -0.9637
vn -0.1901 -0.9476 0.2566
vn 0.4858 0.0300 -0.8736
vn 0.4261 -0.0231 -0.9044
vn -0.0000 0.0900 -0.9959
vn 0.2323 0.1911 -0.9537
vn -0.0000 0.1900 -0.9818
vn 0.2542 0.3457 -0.9032
vn -0.0000 0.3660 -0.9306
vn 0.2540 0.5232 -0.8135
vn 0.4107 0.1681 -0.8961
vn 0.4119 0.3467 -0.8427
vn 0.5068 0.1533 -0.8483
vn 0.4629 0.4907 -0.7382
vn 0.4588 0.3561 -0.8141
vn -0.0000 0.5515 -0.8342
vn 0.2521 0.6914 -0.6770
vn 0.4077 0.4942 -0.7678
vn 0.4326 0.6144 -0.6599
vn 0.5984 0.5825 -0.5501
vn 0.6355 0.4834 -0.6020
vn 0.6869 0.3060 -0.6592
vn 0.7325 0.1154 -0.6710
vn 0.8210 0.1017 -0.5618
vn 0.8549 0.3247 -0.4046
vn 0.9249 0.1101 -0.3638
vn 0.7843 0.3407 -0.5184
vn 0.7800 0.4759 -0.4063
vn 0.9348 0.3214 -0.1513
vn 0.9875 0.1135 -0.1097
vn 0.8296 0.5321 -0.1693
vn 0.9374 0.2960 0.1834
vn 0.9514 0.3048 0.0434
vn 0.8453 0.5156 0.1401
vn 0.8787 0.3722 0.2990
vn 0.8922 0.3202 0.3185
vn 0.8977 0.2622 0.3542
vn 0.8424 0.4398 0.3114
vn 0.8191 0.2585 0.5121
vn 0.8286 0.2145 0.5171
vn 0.7820 0.3870 0.4885
vn 0.7245 0.4729 -0.5014
vn 0.6546 0.6439 -0.3960
vn 0.6854 0.7105 -0.1596
vn 0.7020 0.7076 0.0812
vn 0.8404 0.4779 0.2557
vn 0.6793 0.6661 0.3081
vn 0.6445 0.6393 0.4195
vn 0.6068 0.5527 0.5712
vn 0.6866 0.3336 0.6460
vn 0.7055 0.2795 0.6513
vn 0.5576 0.3000 0.7740
vn 0.3600 0.4945 0.7911
vn 0.3980 0.3213 0.8593
vn 0.1842 0.3552 0.9165
vn 0.2004 0.2224 0.9541
vn 0.1725 0.5366 0.8260
vn -0.0000 0.2384 0.9712
vn -0.0000 0.3597 0.9331
vn 0.7248 0.2239 0.6516
vn 0.5371 0.4217 0.7306
vn 0.4722 0.6354 0.6110
vn 0.1647 0.7100 0.6847
vn -0.0000 0.5447 0.8386
vn 0.4814 0.6939 -0.5355
vn 0.3114 0.8929 -0.3253
vn 0.5180 0.7857 -0.3382
vn 0.3214 0.7992 -0.5080
vn 0.2407 0.9171 -0.3178
vn -0.0000 0.8675 -0.4975
vn 0.2558 0.8334 -0.4899
vn 0.4982 0.8541 -0.1494
vn 0.3087 0.9398 -0.1462
vn -0.0000 0.9502 -0.3116
vn 0.2272 0.9626 -0.1474
vn 0.3281 0.9446 0.0140
vn 0.5123 0.8577 0.0429
vn 0.1882 0.9820 0.0151
vn -0.0000 0.9941 -0.1085
vn 0.5080 0.8375 0.2013
vn 0.3359 0.9257 0.1740
vn -0.0000 0.9990 0.0457
vn 0.1772 0.9707 0.1624
vn 0.5106 0.7998 0.3157
vn 0.3465 0.8840 0.3138
vn -0.0000 0.9859 0.1676
vn 0.1755 0.9279 0.3288
vn 0.4958 0.7401 0.4544
vn 0.3503 0.8060 0.4772
vn -0.0000 0.9419 0.3359
vn 0.1658 0.8447 0.5089
vn 0.6578 0.5886 -0.4699
vn 0.3986 0.6634 -0.6332
vn -0.0000 0.7258 -0.6879
vn -0.0000 0.8571 0.5152
vn 0.3504 0.6738 0.6506
vn 0.6975 0.6786 0.2303
vn 0.7422 0.5493 -0.3840
vn 0.7468 0.5775 0.3297
vn -0.2220 -0.0719 -0.9724
vn -0.0000 -0.1980 -0.9802
vn -0.2242 -0.1840 -0.9570
vn -0.4106 -0.2422 -0.8791
vn -0.0000 -0.0868 -0.9962
vn -0.2762 -0.7516 -0.5990
vn 0.1484 -0.1409 -0.9788
vn -0.1382 -0.6687 0.7306
vn -0.2173 0.0783 0.9729
vn -0.6651 -0.6285 0.4032
vn -0.8524 -0.0743 0.5176
vn -0.5863 -0.0098 0.8101
vn -0.6094 0.0325 0.7922
vn -0.9266 -0.3243 0.1902
vn 0.2427 -0.5208 0.8185
vn 0.2369 0.0387 0.9708
vn 0.1690 -0.7398 -0.6513
vn -0.0000 -0.6363 0.7715
vn -0.5119 -0.1891 -0.8380
vn -0.6385 -0.7320 0.2375
vn 0.8582 -0.4849 -0.1683
vn 0.9721 0.0147 -0.2339
vn -0.3838 0.1469 0.9117
vn -0.1018 -0.2477 -0.9635
vn -0.3352 0.1070 -0.9360
vn -0.5231 0.1285 -0.8425
vn -0.3884 0.0051 -0.9215
vn -0.5653 -0.7007 -0.4352
vn -0.7846 -0.4098 -0.4652
vn -0.8907 -0.0832 -0.4470
vn -0.5590 -0.8211 0.1152
vn -0.0937 -0.3721 -0.9234
vn 0.4119 -0.8822 0.2281
vn 0.2440 -0.8563 0.4551
vn 0.2349 -0.6815 0.6931
vn -0.6542 0.1585 -0.7395
vn -0.7037 0.6747 -0.2228
vn -0.5478 -0.0331 -0.8360
vn -0.4311 0.0326 -0.9017
vn -0.8346 0.2900 -0.4684
vn -0.6213 0.7806 0.0680
vn -0.5330 -0.2059 -0.8207
vn 0.0074 -0.9017 0.4323
vn 0.1458 -0.9207 0.3619
vn -0.9069 0.2165 -0.3616
vn -0.6499 0.1939 -0.7348
vn -0.5575 0.2316 -0.7972
vn -0.9053 0.0304 -0.4237
vn -0.8534 0.0940 -0.5127
vn -0.8284 -0.5529 -0.0894
vn -0.3778 -0.7406 0.5557
vn -0.9097 -0.2947 0.2927
vn 0.1190 -0.9872 -0.1057
vn -0.8948 -0.0001 -0.4465
vn -0.8879 0.4597 -0.0196
vn -0.9306 0.2174 -0.2946
vn -0.9290 0.0317 -0.3686
vn -0.4929 0.3366 -0.8023
vn -0.1153 0.9743 -0.1937
vn -0.5327 0.0286 -0.8458
vn -0.9369 0.0569 -0.3449
vn -0.5382 0.7938 0.2831
vn 0.2963 0.8209 0.4881
vn -0.1899 0.9507 -0.2451
vn -0.5057 -0.2777 -0.8168
vn 0.2036 -0.9126 0.3547
vn -0.2330 -0.8970 -0.3756
vn -0.3641 0.0440 -0.9303
vn -0.1282 0.1380 -0.9821
vn 0.3046 -0.5186 -0.7989
vn 0.7085 -0.2163 -0.6717
vn 0.6686 -0.7320 -0.1312
vn 0.4016 0.5387 -0.7406
vn 0.1033 0.2484 -0.9631
vn -0.0164 0.0254 -0.9995
vn 0.1606 0.0644 -0.9849
vn 0.5031 0.7668 -0.3987
vn -0.9236 0.2206 0.3135
vn -0.9543 0.1769 -0.2411
vn -0.9125 0.2097 -0.3512
vn -0.8909 -0.0602 0.4503
vn -0.9571 0.1644 0.2387
vn -0.6635 -0.6387 0.3896
vn -0.0804 -0.7400 0.6678
vn -0.6157 -0.3141 0.7227
vn 0.1974 -0.4106 0.8902
vn -0.5246 -0.1896 0.8300
vn 0.9305 -0.3493 0.1102
vn -0.8760 0.3606 0.3201
vn -0.9598 0.1164 0.2556
vn -0.9797 0.0168 0.1997
vn -0.7848 0.3463 -0.5139
vn -0.4048 0.8824 -0.2398
vn -0.8709 0.0755 -0.4857
vn -0.9330 -0.3408 0.1153
vn -0.7055 0.6432 0.2975
vn 0.0682 0.9968 0.0404
vn -0.6711 0.6257 -0.3976
vn -0.6150 -0.6993 -0.3644
vn 0.3064 -0.4271 0.8507
vn 0.6571 -0.5962 0.4613
vn -0.1930 -0.9745 -0.1143
vn -0.8743 -0.0601 -0.4816
vn 0.0230 -0.6387 -0.7691
vn 0.3539 -0.2622 -0.8978
vn 0.5470 -0.7401 -0.3912
vn -0.1400 0.3606 -0.9221
vn -0.1593 0.2145 -0.9636
vn -0.3471 -0.3408 -0.8737
vn -0.0779 0.6432 -0.7617
vn 0.3664 -0.9048 0.2171
vn -0.3597 -0.0367 0.9323
vn -0.6386 -0.1070 0.7620
vn -0.3995 -0.1152 0.9095
vn -0.8516 -0.0973 0.5151
vn 0.4134 -0.4912 0.7667
vn 0.0676 -0.1843 0.9805
vn -0.7896 -0.0214 0.6132
vn -0.1119 -0.9070 0.4060
vn 0.3249 -0.6914 0.6453
vn -0.5381 -0.2235 0.8127
vn 0.8802 0.0223 0.4741
vn -0.9439 0.0579 0.3252
vn -0.8792 -0.0205 0.4761
vn -0.9102 0.0567 0.4102
vn -0.6730 -0.5405 0.5049
vn -0.8206 0.0673 0.5675
vn -0.8439 -0.0511 0.5340
vn -0.3927 -0.9180 0.0546
vn 0.7947 -0.3963 0.4597
vn 0.6645 0.5931 0.4547
vn -0.4891 -0.3477 0.7999
vn 0.9707 -0.1024 -0.2173
vn 0.7405 -0.0919 0.6657
vn 0.9245 -0.2173 0.3133
vn 0.9221 -0.2166 -0.3207
vn 0.9051 -0.1862 -0.3822
vn 0.8528 -0.4158 -0.3159
vn 0.6282 -0.7284 -0.2737
vn 0.9218 -0.2123 -0.3244
vn 0.8696 0.2481 0.4269
vn -0.1239 -0.4143 -0.9017
vn 0.1449 -0.8169 -0.5583
vn 0.1469 -0.6938 -0.7051
vn 0.8121 -0.5822 -0.0389
vn 0.7983 -0.5445 0.2574
vn -0.7998 0.0778 -0.5952
vn 0.3647 0.1900 -0.9115
vn -0.7586 0.3717 -0.5351
vn -0.6400 -0.7248 0.2549
vn -0.8933 -0.4465 0.0520
vn 0.4167 0.1396 -0.8983
vn -0.4457 0.7236 -0.5269
vn -0.6830 0.4803 -0.5503
vn 0.2405 0.1144 -0.9639
vn -0.1173 0.9771 -0.1778
vn 0.3854 -0.5226 0.7605
vn 0.9902 -0.1379 0.0198
vn 0.9676 -0.2434 -0.0669
vn 0.1024 -0.1302 0.9862
vn -0.8457 0.0817 0.5274
vn -0.8536 0.2726 0.4438
vn -0.8286 0.2145 0.5171
vn -0.8153 0.0161 0.5789
vn -0.8100 0.2413 -0.5345
vn -0.8538 0.0391 0.5191
vn -0.8815 -0.4279 -0.1996
vn -0.2434 -0.4834 0.8409
vn -0.6673 0.2300 0.7084
vn -0.7075 0.0232 0.7063
vn 0.9087 -0.1769 0.3780
vn 0.4202 -0.1366 -0.8971
vn -0.3132 -0.0857 -0.9458
vn -0.9770 0.1396 -0.1615
vn -0.3668 -0.0479 -0.9291
vn -0.7302 -0.6062 -0.3151
vn -0.6792 0.0133 -0.7338
vn -0.8358 0.0842 -0.5425
vn -0.9038 0.0810 -0.4202
vn -0.4292 0.0093 -0.9032
vn -0.9485 0.0929 -0.3027
vn -0.7232 0.0810 -0.6859
vn -0.9742 0.1221 -0.1898
vn -0.9160 0.0567 -0.3972
vn -0.2653 0.0295 -0.9637
vn 0.1901 -0.9476 0.2566
vn -0.4858 0.0300 -0.8736
vn -0.4261 -0.0231 -0.9044
vn -0.2323 0.1911 -0.9537
vn -0.2542 0.3457 -0.9032
vn -0.2540 0.5232 -0.8135
vn -0.4107 0.1681 -0.8961
vn -0.4119 0.3467 -0.8427
vn -0.5068 0.1533 -0.8483
vn -0.4629 0.4907 -0.7382
vn -0.4077 0.4942 -0.7678
vn -0.2521 0.6914 -0.6770
vn -0.4326 0.6144 -0.6599
vn -0.3986 0.6634 -0.6332
vn -0.5984 0.5825 -0.5501
vn -0.4588 0.3561 -0.8141
vn -0.6355 0.4834 -0.6020
vn -0.6869 0.3060 -0.6592
vn -0.8210 0.1017 -0.5618
vn -0.8394 0.0605 -0.5401
vn -0.8549 0.3247 -0.4046
vn -0.7843 0.3407 -0.5184
vn -0.7800 0.4759 -0.4063
vn -0.7245 0.4729 -0.5014
vn -0.9249 0.1101 -0.3638
vn -0.9348 0.3214 -0.1513
vn -0.8296 0.5321 -0.1693
vn -0.9875 0.1135 -0.1097
vn -0.9374 0.2960 0.1834
vn -0.8453 0.5156 0.1401
vn -0.8787 0.3722 0.2990
vn -0.9514 0.3048 0.0434
vn -0.8922 0.3202 0.3185
vn -0.8977 0.2622 0.3542
vn -0.8424 0.4398 0.3114
vn -0.8404 0.4779 0.2557
vn -0.8191 0.2585 0.5121
vn -0.7820 0.3870 0.4885
vn -0.7325 0.1154 -0.6710
vn -0.6546 0.6439 -0.3960
vn -0.6578 0.5886 -0.4699
vn -0.6854 0.7105 -0.1596
vn -0.7020 0.7076 0.0812
vn -0.6793 0.6661 0.3081
vn -0.6975 0.6786 0.2303
vn -0.6445 0.6393 0.4195
vn -0.6068 0.5527 0.5712
vn -0.6866 0.3336 0.6460
vn -0.5576 0.3000 0.7740
vn -0.5695 0.1912 0.7995
vn -0.3600 0.4945 0.7911
vn -0.5371 0.4217 0.7306
vn -0.1842 0.3552 0.9165
vn -0.3980 0.3213 0.8593
vn -0.1725 0.5366 0.8260
vn -0.2004 0.2224 0.9541
vn -0.7248 0.2239 0.6516
vn -0.7055 0.2795 0.6513
vn -0.4722 0.6354 0.6110
vn -0.1647 0.7100 0.6847
vn -0.3504 0.6738 0.6506
vn -0.4814 0.6939 -0.5355
vn -0.3114 0.8929 -0.3253
vn -0.3214 0.7992 -0.5080
vn -0.2407 0.9171 -0.3178
vn -0.2558 0.8334 -0.4899
vn -0.4982 0.8541 -0.1494
vn -0.5180 0.7857 -0.3382
vn -0.3087 0.9398 -0.1462
vn -0.2272 0.9626 -0.1474
vn -0.3281 0.9446 0.0140
vn -0.1882 0.9820 0.0151
vn -0.5080 0.8375 0.2013
vn -0.5123 0.8577 0.0429
vn -0.3359 0.9257 0.1740
vn -0.1772 0.9707 0.1624
vn -0.5106 0.7998 0.3157
vn -0.3465 0.8840 0.3138
vn -0.1755 0.9279 0.3288
vn -0.4958 0.7401 0.4544
vn -0.3503 0.8060 0.4772
vn -0.1658 0.8447 0.5089
vn -0.7468 0.5775 0.3297
vn -0.7422 0.5493 -0.3840
vn 0.2220 -0.0719 -0.9724
vn 0.2242 -0.1840 -0.9570
vn 0.4106 -0.2422 -0.8791
vn -0.3013 -0.6337 -0.7125
vn 0.0186 -0.6742 -0.7383
vn -0.1484 -0.1409 -0.9788
vn 0.2762 -0.7516 -0.5990
vn 0.4556 0.4490 -0.7687
vn 0.8350 0.3643 -0.4125
vn 0.8448 0.4077 -0.3466
vn 0.9546 0.2723 0.1209
vn 0.7251 0.2689 0.6340
vn 0.9219 0.3317 0.2004
vn 0.3952 0.1063 0.9124
vn 0.4706 0.1011 0.8765
vn -0.0000 0.0310 0.9995
vn 0.8193 0.1792 0.5447
vn -0.0000 0.3804 -0.9248
vn -0.0544 0.3720 -0.9266
vn -0.0764 0.3994 -0.9136
vn 0.8843 0.0859 -0.4590
vn 0.9875 0.1569 0.0174
vn 0.8185 -0.0437 -0.5729
vn 0.9510 0.2542 0.1762
vn 0.8873 0.2200 -0.4054
vn -0.0000 -0.1734 -0.9848
vn -0.1828 -0.4582 -0.8699
vn -0.0000 -0.5179 -0.8554
vn -0.0000 0.1136 -0.9935
vn -0.1356 0.1513 -0.9791
vn 0.7799 0.1784 0.5999
vn 0.3382 0.0452 0.9400
vn 0.2938 -0.0417 0.9550
vn 0.3528 0.1151 0.9286
vn 0.7283 0.2635 0.6326
vn 0.0976 -0.1147 0.9886
vn -0.0000 -0.0373 0.9993
vn -0.0000 -0.1281 0.9918
vn 0.9683 0.2168 0.1242
vn 0.4664 -0.0659 -0.8821
vn 0.4722 0.1972 -0.8591
vn 0.1436 0.0130 0.9895
vn -0.0000 -0.8435 0.5371
vn 0.3380 -0.8904 0.3047
vn -0.2509 -0.7766 0.5779
vn -0.0000 -0.9992 -0.0410
vn -0.0000 -0.9849 0.1734
vn 0.1383 -0.5931 -0.7931
vn -0.0208 -0.9496 -0.3129
vn -0.0468 -0.7982 -0.6005
vn -0.5156 -0.1419 0.8450
vn -0.4973 -0.2361 0.8348
vn -0.0604 -0.1689 0.9838
vn -0.1337 -0.1412 0.9809
vn 0.2538 0.0158 0.9671
vn 0.8445 -0.0527 0.5330
vn 0.8225 0.0007 0.5687
vn 0.9956 -0.0022 -0.0941
vn 0.9767 -0.0785 -0.1999
vn -0.9454 -0.0003 0.3258
vn -0.5154 -0.0546 0.8552
vn -0.5167 -0.0329 0.8556
vn -0.0347 0.0627 -0.9974
vn 0.5380 -0.0884 -0.8383
vn -0.2578 -0.0171 -0.9660
vn 0.2433 -0.0367 0.9693
vn 0.6742 -0.0100 -0.7384
vn -0.8467 -0.0292 -0.5313
vn -0.9679 -0.0372 0.2485
vn -0.5031 0.0921 -0.8593
vn -0.8412 -0.0419 -0.5392
vn 0.0993 0.4343 -0.8953
vn 0.0748 0.1899 -0.9790
vn -0.1846 -0.1563 -0.9703
vn -0.0072 -0.4324 -0.9016
vn -0.0213 -0.9582 -0.2853
vn -0.0000 -0.8885 -0.4589
vn -0.1726 -0.8055 -0.5670
vn 0.2338 -0.0583 0.9705
vn -0.0760 -0.4531 0.8882
vn 0.3004 -0.3412 -0.8907
vn 0.6899 -0.1697 -0.7037
vn 0.8057 0.1845 0.5629
vn 0.9932 0.0773 -0.0873
vn -0.0000 -0.0315 -0.9995
vn 0.1737 0.2806 -0.9440
vn 0.1383 -0.0449 -0.9894
vn 0.1203 -0.1195 -0.9855
vn 0.0458 -0.8217 -0.5681
vn 0.5639 -0.5334 -0.6305
vn 0.8244 0.0951 0.5579
vn 0.4593 0.0995 0.8827
vn 0.8013 -0.0434 0.5968
vn 0.4314 -0.0137 0.9021
vn 0.3442 -0.6029 0.7197
vn 0.9926 0.0930 0.0777
vn 0.9937 -0.0600 0.0950
vn 0.8376 -0.3706 0.4015
vn 0.8502 0.0809 -0.5202
vn 0.8695 -0.0612 -0.4902
vn 0.9839 -0.1786 0.0107
vn 0.8722 -0.2303 -0.4316
vn 0.7666 -0.6270 0.1383
vn -0.0000 0.0652 0.9979
vn -0.0000 0.0615 0.9981
vn -0.0000 0.0083 1.0000
vn -0.0000 -0.4794 0.8776
vn 0.4720 0.3989 -0.7862
vn 0.4634 0.0615 -0.8840
vn 0.4819 -0.0992 -0.8706
vn 0.5233 -0.1913 -0.8304
vn -0.0000 0.3635 -0.9316
vn -0.0692 0.0606 -0.9958
vn -0.0000 0.0630 -0.9980
vn -0.0503 -0.1842 -0.9816
vn -0.0000 -0.2081 -0.9781
vn 0.0402 -0.1928 -0.9804
vn -0.0000 0.3026 -0.9531
vn 0.5020 0.4003 -0.7667
vn 0.1596 0.6325 0.7580
vn 0.2063 0.6481 0.7331
vn 0.1945 0.6371 0.7458
vn -0.0000 0.5840 0.8118
vn -0.0000 0.6266 0.7793
vn 0.1690 0.3142 -0.9342
vn 0.1460 0.6138 -0.7758
vn 0.1489 0.1029 -0.9835
vn 0.2094 0.7299 -0.6507
vn 0.2570 0.7776 0.5738
vn 0.1771 0.9830 -0.0485
vn 0.2072 0.8158 0.5400
vn 0.7298 0.6830 -0.0282
vn 0.5060 0.4160 0.7556
vn -0.0000 0.2405 -0.9706
vn -0.0000 0.2303 0.9731
vn 0.2552 0.9592 -0.1213
vn 0.3716 0.7491 0.5484
vn 0.3998 0.8909 -0.2155
vn 0.1866 0.4797 -0.8574
vn 0.0663 -0.9716 0.2272
vn 0.2837 0.5551 0.7819
vn 0.6979 -0.3485 0.6257
vn 0.1765 -0.4670 0.8665
vn 0.2915 0.3691 -0.8825
vn -0.0451 -0.2930 -0.9550
vn 0.5624 0.7672 -0.3084
vn 0.3128 0.2900 0.9045
vn 0.4808 0.7348 0.4784
vn 0.1381 0.3951 -0.9082
vn 0.1136 0.0629 -0.9915
vn 0.1434 -0.1468 -0.9787
vn 0.2127 -0.1614 -0.9637
vn 0.3163 -0.2000 -0.9273
vn 0.2551 -0.0983 -0.9619
vn 0.0582 -0.1287 -0.9900
vn -0.0399 -0.2634 -0.9639
vn 0.4844 0.5246 -0.7001
vn -0.1878 -0.1848 -0.9647
vn -0.3382 -0.5549 0.7601
vn -0.4900 -0.8716 0.0114
vn -0.6407 -0.5844 0.4980
vn 0.1313 0.1527 0.9795
vn -0.2595 0.1743 0.9499
vn 0.5003 0.6714 0.5467
vn 0.5867 0.6488 0.4847
vn -0.4254 -0.7599 -0.4915
vn -0.5694 -0.7315 -0.3750
vn 0.7046 0.6828 -0.1930
vn 0.4661 0.3605 -0.8080
vn -0.5049 -0.8560 0.1110
vn 0.6857 0.7178 -0.1211
vn 0.6898 0.6578 -0.3024
vn 0.5922 0.6815 0.4301
vn 0.6789 0.6762 -0.2862
vn -0.5347 -0.7172 -0.4469
vn -0.6275 -0.7427 0.2339
vn -0.6326 -0.7430 0.2184
vn 0.3796 0.2976 -0.8760
vn 0.4214 0.2553 -0.8702
vn -0.1585 -0.2944 -0.9424
vn -0.5616 -0.7132 -0.4195
vn 0.6262 0.6470 0.4349
vn 0.2472 0.2328 0.9406
vn -0.3382 -0.4148 0.8447
vn -0.3770 -0.3857 0.8421
vn -0.0973 -0.3261 -0.9403
vn 0.3078 0.3826 -0.8711
vn -0.1357 -0.2789 -0.9507
vn 0.3415 0.3424 -0.8753
vn -0.1908 -0.2815 -0.9404
vn -0.2088 -0.4678 0.8588
vn -0.4850 -0.8539 0.1890
vn -0.3857 -0.4170 0.8230
vn 0.2322 0.3173 0.9195
vn 0.2145 0.2962 0.9307
vn 0.5556 0.7211 0.4139
vn 0.6109 0.6970 0.3755
vn -0.4308 -0.7668 -0.4759
vn -0.5827 -0.7008 -0.4116
vn 0.5993 0.7417 -0.3012
vn 0.6496 0.7018 -0.2923
vn -0.6429 -0.7435 0.1840
vn 0.5547 0.7101 0.4336
vn 0.6503 0.7007 -0.2935
vn 0.6129 0.7171 -0.3319
vn 0.5925 0.6693 0.4482
vn -0.6505 -0.7367 0.1847
vn -0.5242 -0.7198 -0.4551
vn -0.5956 -0.7872 0.1599
vn 0.2826 0.3505 -0.8929
vn 0.3414 0.3419 -0.8755
vn -0.5853 -0.6774 -0.4456
vn -0.1629 -0.2721 -0.9484
vn 0.1796 0.2755 0.9444
vn 0.1732 0.2643 0.9488
vn -0.3744 -0.4210 0.8262
vn -0.2288 -0.2401 -0.9434
vn 0.8585 0.3387 0.3850
vn 0.9346 0.0489 -0.3524
vn 0.8994 0.2816 -0.3343
vn -0.8374 -0.4993 0.2222
vn -0.7986 -0.5194 -0.3041
vn -0.7593 -0.5920 -0.2703
vn 0.3271 0.4178 0.8476
vn 0.9099 0.0967 0.4034
vn -0.4636 -0.4173 -0.7816
vn -0.3377 -0.4799 -0.8097
vn -0.3842 0.4315 0.8162
vn -0.9254 0.1309 0.3556
vn -0.3993 0.1764 0.8997
vn 0.8770 -0.4313 0.2119
vn 0.7825 -0.5447 -0.3017
vn 0.7802 -0.5301 0.3321
vn -0.8512 0.3228 -0.4138
vn -0.3592 0.0644 -0.9311
vn -0.9055 0.1031 -0.4116
vn 0.3139 -0.4946 -0.8105
vn 0.4299 -0.3480 -0.8331
vn -0.2393 -0.1267 -0.9626
vn 0.5247 -0.1109 -0.8440
vn -0.2463 -0.0526 -0.9678
vn -0.8564 -0.0753 -0.5109
vn -0.8709 -0.0260 -0.4907
vn -0.9698 -0.0562 0.2374
vn -0.5575 0.0368 0.8294
vn -0.5163 -0.0812 0.8526
vn 0.2637 -0.1190 0.9572
vn 0.8511 -0.1457 0.5044
vn 0.8568 -0.1491 0.4935
vn 0.9633 -0.1438 -0.2266
vn 0.9581 -0.1727 -0.2286
vn -0.9646 -0.0582 0.2572
vn 0.2761 0.0005 0.9611
vn 0.5195 -0.1726 -0.8369
vn 0.5302 0.1373 -0.8367
vn -0.2537 0.1655 -0.9530
vn -0.5732 -0.1030 0.8129
vn -0.9818 -0.0379 0.1863
vn -0.5501 -0.2185 0.8060
vn 0.8947 -0.0803 0.4394
vn 0.2834 -0.2581 0.9236
vn 0.8485 -0.0599 0.5258
vn 0.9762 0.0420 -0.2127
vn 0.9687 -0.0475 -0.2436
vn -0.8680 0.0906 -0.4882
vn -0.9708 -0.0119 0.2394
vn 0.3685 -0.1012 0.9241
vn 0.4964 0.1404 -0.8566
vn -0.2675 0.1442 -0.9527
vn -0.8527 0.0691 -0.5179
vn -0.9737 -0.0246 0.2265
vn -0.4874 -0.1138 0.8657
vn 0.8781 -0.0708 0.4732
vn 0.9619 0.0436 -0.2700
vn 0.2665 -0.1308 0.9549
vn -0.8597 0.0380 -0.5094
vn 0.0008 -1.0000 -0.0002
vn 0.0008 -1.0000 -0.0003
vn -0.5786 0.1953 -0.7919
vn -0.9783 0.0886 -0.1874
vn -0.5026 0.3090 -0.8074
vn 0.4468 0.5542 0.7022
vn 0.7424 0.6283 0.2324
vn 0.1521 0.8184 0.5542
vn -0.9334 0.3338 0.1316
vn -0.4220 0.5555 0.7165
vn -0.6838 0.6903 0.2366
vn 0.5572 0.2003 -0.8058
vn 0.4982 0.2829 -0.8196
vn -0.9818 0.1656 0.0925
vn 0.9696 0.1771 0.1689
vn 0.5604 0.2406 0.7925
vn -0.6191 0.0842 -0.7808
vn -0.9930 0.0843 -0.0828
vn -0.5314 0.2494 0.8096
vn 0.9795 0.1885 -0.0708
vn 0.9301 0.2939 0.2204
vn -0.9969 0.0537 -0.0567
vn -0.9902 0.1388 -0.0127
vn 0.5978 0.1003 -0.7953
vn 0.9771 0.1070 -0.1838
vn 0.9814 0.0772 -0.1758
vn 0.9830 0.1336 -0.1260
vn -0.9917 0.1214 -0.0432
vn -0.0648 0.8391 0.5401
vn 0.2075 0.8511 0.4822
vn -0.2423 0.8623 0.4446
vn -0.1150 0.9219 0.3700
vn -0.7923 0.4952 0.3565
vn -0.9928 0.0823 0.0869
vn 0.9680 0.1199 -0.2205
vn 0.9783 0.2069 0.0118
vn -0.1885 0.7779 0.5994
vn 0.4124 -0.1362 0.9008
vn -0.4269 -0.1641 0.8893
vn 0.1709 0.9149 0.3658
vn 0.7590 0.5778 0.3000
vn 0.2116 0.7927 0.5717
vn 0.8135 -0.5176 -0.2652
vn 0.3782 0.2888 0.8795
vn 0.5608 -0.5465 -0.6220
vn -0.0224 -0.9861 0.1647
vn 0.7569 -0.5831 0.2951
vn -0.0764 -0.9924 -0.0961
vn 0.6917 -0.5164 0.5049
vn 0.6374 -0.5749 -0.5130
vn -0.0364 -0.9877 -0.1522
vn 0.7431 -0.5283 0.4107
vn 0.6379 -0.6045 -0.4772
vn 0.9398 0.3060 0.1523
vn 0.9155 0.2643 -0.3034
vn 0.9861 0.1584 -0.0508
vn 0.9033 0.2448 -0.3524
vn 0.9874 0.1540 -0.0362
vn 0.8960 0.1849 -0.4037
vn -0.5969 -0.7959 0.1012
vn -0.4639 -0.6287 0.6241
vn -0.5190 -0.8502 0.0888
vn -0.0330 -0.1480 -0.9884
vn 0.5499 0.5019 -0.6676
vn 0.5892 0.5359 -0.6046
vn -0.1905 -0.9620 -0.1955
vn -0.6312 -0.7689 0.1019
vn 0.6192 0.6607 0.4243
vn 0.6226 0.6858 0.3769
vn 0.7316 0.6785 -0.0662
vn 0.0186 -0.9764 0.2152
vn -0.5656 -0.7277 -0.3880
vn -0.5095 -0.7918 -0.3369
vn 0.0485 0.1165 0.9920
vn 0.0951 0.0723 0.9928
vn -0.4694 -0.6650 0.5810
vn 0.7326 0.6356 -0.2435
vn 0.7600 0.6340 -0.1430
vn -0.1441 -0.9314 0.3343
vn -0.0737 -0.1391 -0.9875
vn 0.6484 0.7612 0.0152
vn 0.6345 0.7598 -0.1417
vn 0.6287 0.7749 0.0644
vn 0.3810 0.7694 0.5127
vn 0.5293 0.7166 0.4543
vn -0.0780 0.5360 0.8406
vn 0.3166 0.4611 0.8289
vn 0.4083 0.5863 -0.6997
vn -0.2939 0.0303 -0.9554
vn 0.3722 0.5972 -0.7105
vn -0.5942 -0.8010 -0.0734
vn -0.6612 -0.7331 0.1594
vn -0.5594 -0.8146 0.1533
vn 0.6230 0.7213 -0.3025
vn 0.6219 0.7289 -0.2861
vn -0.6201 -0.7104 -0.3329
vn -0.3596 -0.9268 -0.1082
vn -0.6780 -0.6755 -0.2899
vn -0.7321 -0.5370 -0.4190
vn -0.5736 -0.6958 -0.4323
vn 0.1305 -0.8741 0.4679
vn 0.2944 0.0947 0.9510
vn 0.8622 -0.1666 0.4783
vn -0.7592 -0.6318 -0.1562
vn -0.6205 -0.7840 -0.0175
vn 0.6476 0.7458 -0.1564
vn -0.1790 -0.0362 -0.9832
vn -0.5613 -0.7128 -0.4206
vn -0.0984 -0.1072 -0.9894
vn 0.6792 0.6858 -0.2616
vn 0.7187 0.6796 -0.1473
vn -0.5737 -0.8184 -0.0333
vn -0.9017 -0.1650 0.3997
vn -0.8374 -0.0905 0.5390
vn -0.6005 -0.7923 0.1083
vn 0.3203 -0.8697 -0.3755
vn 0.5176 0.5486 -0.6567
vn 0.6262 0.6338 0.4541
vn 0.7167 0.6971 -0.0205
vn -0.3317 0.4139 0.8478
vn 0.3250 0.4854 0.8116
vn -0.5040 -0.7681 -0.3949
vn -0.0930 -0.8393 0.5357
vn -0.4154 -0.6776 0.6069
vn 0.2880 -0.0897 0.9534
vn 0.6450 0.6563 0.3915
vn 0.1209 0.0315 0.9922
vn 0.5566 0.5659 -0.6082
vn 0.1103 -0.2556 -0.9605
vn -0.0540 -0.1474 -0.9876
vn -0.1768 -0.9198 -0.3502
vn 0.8589 0.3586 0.3656
vn 0.5930 0.6922 0.4113
vn 0.5879 0.5411 -0.6013
vn 0.5015 0.5986 -0.6247
vn 0.6465 0.6532 0.3941
vn 0.5134 0.5907 -0.6225
vn 0.6044 0.6840 0.4085
vn -0.4724 -0.6353 0.6109
vn 0.1014 0.0783 0.9918
vn -0.5047 -0.6020 0.6188
vn -0.4697 -0.6349 0.6134
vn 0.1178 0.0618 0.9911
vn -0.4758 -0.6286 0.6152
vn -0.0739 -0.1011 -0.9921
vn -0.5614 -0.7264 -0.3964
vn -0.5952 -0.6945 -0.4044
vn -0.0574 -0.1174 -0.9914
vn -0.5592 -0.7265 -0.3994
vn -0.5656 -0.7205 -0.4012
vn -0.0397 -0.1236 -0.9915
vn -0.0423 -0.1232 -0.9915
vn 0.1354 0.0555 0.9892
vn 0.1327 0.0559 0.9896
vn 0.6605 0.6327 0.4043
vn 0.5701 0.5402 -0.6190
vn -0.4441 -0.6472 0.6196
vn 0.1399 0.0496 0.9889
vn -0.5348 -0.7401 -0.4077
vn -0.0351 -0.1294 -0.9910
vn 0.7740 -0.5100 0.3752
vn 0.7756 0.2918 -0.5598
vn 0.6985 -0.5729 -0.4288
vn 0.5577 0.5624 -0.6104
vn -0.4463 -0.6473 0.6180
vn -0.5367 -0.7398 -0.4057
vn 0.1339 0.0611 0.9891
vn 0.6818 0.6082 0.4064
vn -0.0412 -0.1180 -0.9922
vn 0.5911 0.5153 -0.6205
vn 0.6750 0.6302 0.3838
vn -0.5494 -0.7234 -0.4181
vn -0.4572 -0.6281 0.6296
vn 0.6229 0.6620 0.4169
vn 0.0840 0.0923 0.9922
vn 0.5348 0.5662 -0.6272
vn -0.0879 -0.0947 -0.9916
vn 0.7831 0.5340 0.3188
vn 0.7210 0.4332 -0.5408
vn 0.2965 -0.1044 0.9493
vn -0.3053 -0.7784 0.5485
vn 0.1262 -0.2426 -0.9619
vn -0.3953 -0.8605 -0.3215
vn -0.1601 -0.9297 -0.3317
vn -0.4338 -0.6621 0.6111
vn -0.4850 -0.7826 -0.3902
vn 0.2545 -0.0605 0.9652
vn 0.6269 0.6721 0.3940
vn 0.0843 0.0623 0.9945
vn 0.5750 0.5507 -0.6051
vn 0.1455 -0.2823 -0.9482
vn -0.0170 -0.1775 -0.9840
vn -0.1072 -0.8254 0.5543
vn 0.7918 0.2800 -0.5429
vn 0.5738 0.7083 0.4112
vn 0.6059 0.5264 -0.5965
vn 0.5208 0.5825 -0.6241
vn 0.5853 0.7001 0.4090
vn 0.5761 0.5472 -0.6071
vn 0.5326 0.5748 -0.6213
vn -0.4910 -0.6198 0.6122
vn 0.0647 0.1090 0.9919
vn -0.5237 -0.5861 0.6182
vn -0.4883 -0.6193 0.6148
vn 0.0811 0.0927 0.9924
vn -0.4947 -0.6127 0.6163
vn -0.0371 -0.1316 -0.9906
vn -0.5426 -0.7416 -0.3945
vn -0.5761 -0.7103 -0.4043
vn -0.0204 -0.1479 -0.9888
vn -0.5403 -0.7417 -0.3974
vn -0.5465 -0.7360 -0.3996
vn -0.0027 -0.1539 -0.9881
vn -0.0055 -0.1534 -0.9881
vn 0.0988 0.0864 0.9913
vn 0.0962 0.0868 0.9916
vn 0.6419 0.6493 0.4078
vn 0.5891 0.5244 -0.6148
vn -0.4631 -0.6312 0.6222
vn 0.1033 0.0805 0.9914
vn -0.5153 -0.7555 -0.4046
vn 0.0019 -0.1596 -0.9872
vn 0.7644 -0.4959 0.4121
vn 0.7142 -0.5800 -0.3918
vn 0.8448 0.3743 0.3825
vn 0.6284 0.6691 0.3967
vn -0.4653 -0.6313 0.6204
vn -0.5173 -0.7551 -0.4027
vn 0.0972 0.0920 0.9910
vn 0.6633 0.6252 0.4113
vn -0.0042 -0.1483 -0.9889
vn 0.6102 0.4995 -0.6150
vn 0.6576 0.6458 0.3879
vn -0.4675 -0.6311 0.6190
vn -0.5269 -0.7433 -0.4121
vn 0.6219 0.6704 0.4048
vn 0.0944 0.0830 0.9921
vn 0.5552 0.5504 -0.6235
vn -0.0413 -0.1298 -0.9907
vn 0.6420 0.6506 0.4057
vn 0.7411 0.4250 -0.5197
vn 0.1791 0.0229 0.9836
vn -0.4071 -0.6632 0.6281
vn 0.2062 -0.2882 -0.9351
vn -0.3191 -0.9081 -0.2710
vn -0.5193 -0.7563 -0.3980
vn -0.0820 -0.8501 0.5202
vn -0.4009 -0.6900 0.6027
vn 0.3143 -0.1129 0.9426
vn 0.6593 0.6436 0.3888
vn 0.1501 0.0068 0.9886
vn 0.5418 0.5783 -0.6100
vn 0.0817 -0.2336 -0.9689
vn -0.0837 -0.1230 -0.9889
vn -0.1908 -0.9114 -0.3646
vn 0.8698 0.3464 0.3514
vn 0.6887 0.6176 0.3797
vn 0.4889 0.6116 -0.6221
vn 0.6053 0.6815 0.4114
vn 0.6608 0.6405 0.3912
vn 0.4979 0.6037 -0.6226
vn 0.6197 0.6709 0.4072
vn -0.4576 -0.6478 0.6090
vn 0.1296 0.0567 0.9899
vn -0.4927 -0.6118 0.6188
vn -0.4548 -0.6475 0.6115
vn 0.1471 0.0369 0.9884
vn -0.4607 -0.6413 0.6136
vn -0.0924 -0.0860 -0.9920
vn -0.5765 -0.7141 -0.3972
vn -0.6071 -0.6892 -0.3956
vn -0.0870 -0.0927 -0.9919
vn -0.5744 -0.7141 -0.4002
vn -0.5810 -0.7079 -0.4018
vn -0.0693 -0.0990 -0.9927
vn -0.0719 -0.0986 -0.9925
vn 0.1645 0.0306 0.9859
vn 0.1619 0.0311 0.9863
vn 0.5546 0.5531 -0.6217
vn 0.6752 0.6193 0.4006
vn -0.4288 -0.6601 0.6168
vn 0.1691 0.0247 0.9853
vn -0.5505 -0.7276 -0.4094
vn -0.0648 -0.1049 -0.9924
vn 0.7809 -0.5207 0.3452
vn 0.7621 0.3017 -0.5728
vn 0.6851 -0.5664 -0.4580
vn 0.5429 0.5748 -0.6123
vn -0.5523 -0.7273 -0.4073
vn -0.4311 -0.6601 0.6152
vn 0.1631 0.0362 0.9859
vn 0.6964 0.5946 0.4018
vn -0.0709 -0.0934 -0.9931
vn 0.5756 0.5283 -0.6242
vn 0.5734 0.5531 -0.6044
vn -0.4670 -0.6457 0.6042
vn -0.5527 -0.7285 -0.4047
vn 0.6472 0.6574 0.3860
vn 0.1394 0.0460 0.9892
vn 0.5338 0.5750 -0.6200
vn -0.0570 -0.1145 -0.9918
vn 0.8920 0.4093 0.1920
vn 0.7107 0.4217 -0.5631
vn 0.4243 -0.2533 0.8693
vn -0.2131 -0.9094 0.3571
vn -0.2365 -0.9050 -0.3536
vn 0.1818 -0.3007 -0.9362
vn -0.5288 -0.7488 -0.3997
vn -0.0704 -0.8587 0.5077
vn -0.3893 -0.6998 0.5990
vn 0.3353 -0.1317 0.9329
vn 0.6702 0.6338 0.3861
vn 0.1714 -0.0117 0.9851
vn 0.5322 0.5864 -0.6107
vn 0.0641 -0.2201 -0.9734
vn -0.1042 -0.1063 -0.9889
vn -0.1965 -0.9062 -0.3743
vn 0.8791 0.3343 0.3398
vn 0.6840 0.6227 0.3801
vn 0.4325 0.6558 -0.6188
vn 0.5981 0.6883 0.4105
vn 0.6717 0.6307 0.3885
vn 0.4871 0.6127 -0.6224
vn 0.6307 0.6613 0.4060
vn -0.4621 -0.6463 0.6073
vn 0.1407 0.0450 0.9890
vn -0.5057 -0.5989 0.6209
vn -0.4437 -0.6569 0.6096
vn 0.1684 0.0187 0.9855
vn -0.4495 -0.6507 0.6120
vn -0.1802 -0.0113 -0.9836
vn -0.6109 -0.6858 -0.3956
vn -0.6770 -0.6225 -0.3926
vn -0.1076 -0.0755 -0.9913
vn -0.5846 -0.7056 -0.4004
vn -0.5914 -0.6991 -0.4018
vn -0.1126 -0.0648 -0.9915
vn -0.0923 -0.0816 -0.9924
vn 0.1774 0.0189 0.9840
vn 0.1831 0.0128 0.9830
vn 0.5447 0.5611 -0.6232
vn 0.6867 0.6087 0.3975
vn -0.4171 -0.6699 0.6142
vn 0.1905 0.0062 0.9817
vn -0.5607 -0.7192 -0.4103
vn -0.0851 -0.0880 -0.9925
vn 0.7856 -0.5286 0.3216
vn 0.7545 0.3055 -0.5808
vn 0.6760 -0.5617 -0.4770
vn 0.5331 0.5830 -0.6132
vn -0.5657 -0.7166 -0.4079
vn -0.4228 -0.6680 0.6124
vn 0.1815 0.0200 0.9832
vn 0.7004 0.5925 0.3979
vn -0.0952 -0.0745 -0.9927
vn 0.5593 0.5427 -0.6267
vn 0.5460 0.5778 -0.6066
vn -0.6203 -0.6791 -0.3925
vn -0.4377 -0.6469 0.6245
vn 0.6533 0.6403 0.4041
vn 0.1623 0.0143 0.9866
vn 0.4806 0.6283 -0.6118
vn -0.1615 -0.0320 -0.9863
vn 0.5535 0.5542 -0.6217
vn 0.8892 0.4067 0.2096
vn 0.4214 -0.2132 0.8815
vn -0.2004 -0.8788 0.4330
vn -0.0396 -0.1259 -0.9913
vn -0.5096 -0.7517 -0.4185
vn 0.0141 -0.5995 -0.8002
vn -0.8501 -0.4368 -0.2941
vn -0.1619 -0.2662 -0.9502
vn -0.5916 -0.4074 0.6958
vn 0.2012 0.1515 0.9678
vn -0.7009 -0.2113 0.6813
vn 0.9023 0.3092 0.3003
vn 0.7735 -0.0791 -0.6288
vn 0.7068 0.1085 -0.6990
vn -0.6037 -0.7680 -0.2138
vn 0.9535 -0.0632 0.2946
vn 0.1743 0.3138 0.9334
vn 0.8988 0.2931 0.3260
vn 0.8961 0.3425 0.2822
vn -0.8917 -0.3251 -0.3149
vn -0.7598 -0.0735 0.6460
vn -0.8577 -0.4391 -0.2676
vn 0.7156 0.0235 -0.6981
vn -0.1489 -0.3881 -0.9095
vn 0.7163 -0.0007 -0.6978
vn 0.1324 0.2202 0.9664
vn 0.1622 0.1722 0.9716
vn 0.8948 0.3216 0.3096
vn -0.8920 -0.3416 -0.2962
vn -0.7205 -0.1841 0.6685
vn -0.2020 -0.1719 -0.9642
vn 0.7059 0.1004 -0.7012
vn 0.6377 -0.7533 -0.1608
vn 0.0854 -0.9198 0.3829
vn 0.3203 -0.2259 0.9200
vn -0.1792 -0.2220 -0.9584
vn -0.7429 -0.1458 0.6534
vn 0.9707 0.2276 0.0775
vn 0.1832 0.4117 0.8927
vn 0.8931 0.3980 0.2098
vn 0.6330 -0.0636 -0.7715
vn -0.3575 -0.5031 -0.7868
vn 0.4530 -0.4054 -0.7940
vn 0.5425 -0.2123 -0.8128
vn -0.9359 -0.3033 0.1789
vn -0.5415 -0.6042 -0.5846
vn -0.4997 0.1672 0.8499
vn -0.9322 -0.2170 0.2895
vn 0.3768 0.4308 0.8200
vn 0.3362 0.4127 0.8466
vn -0.3705 0.3578 0.8571
vn 0.9925 0.0865 0.0867
vn -0.6611 0.0403 0.7492
vn -0.9101 -0.4136 -0.0244
vn -0.2315 -0.4784 -0.8471
vn -0.8725 0.2956 -0.3891
vn -0.9554 0.0448 -0.2919
vn -0.9889 0.1033 0.1064
vn 0.9642 0.2421 -0.1085
vn 0.9652 0.1474 0.2159
vn 0.9928 0.0506 -0.1089
vn 0.7875 0.2473 0.5645
vn 0.5614 0.1423 0.8152
vn 0.8162 0.0433 0.5762
vn -0.9359 0.2125 0.2811
vn -0.9460 0.0248 0.3231
vn -0.8287 0.1261 0.5454
vn -0.4486 0.5537 -0.7016
vn -0.2827 0.2396 -0.9288
vn -0.4908 0.2863 -0.8229
vn -0.0559 0.3128 -0.9482
vn 0.2948 0.1392 -0.9454
vn 0.0540 0.0474 -0.9974
vn 0.6179 0.2903 -0.7307
vn 0.8929 0.1592 -0.4211
vn 0.6734 0.0631 -0.7366
vn 0.2007 0.2725 0.9410
vn -0.2007 0.1495 0.9682
vn 0.2354 0.0851 0.9682
vn 0.0599 0.0010 -0.9982
vn -0.2610 0.0022 -0.9653
vn -0.5596 0.0524 0.8271
vn -0.5388 0.2584 0.8018
vn -0.6603 0.2117 -0.7206
vn -0.9450 0.0010 0.3270
vn -0.8511 0.0023 0.5249
vn 0.2339 0.0009 0.9722
vn 0.5611 0.0023 0.8277
vn -0.5573 0.0011 0.8303
vn -0.2132 0.0025 0.9770
vn 0.6753 0.0011 -0.7376
vn 0.2450 0.0023 -0.9695
vn 0.8170 0.0010 0.5766
vn 0.9771 0.0023 0.2127
vn -0.4746 0.0010 -0.8802
vn 0.9942 0.0009 -0.1077
vn 0.9037 0.0023 -0.4282
vn -0.9535 0.0010 -0.3014
vn -0.7148 0.0023 -0.6993
vn -0.9972 0.0022 0.0749
vn -0.2801 -0.0413 -0.9591
vn 0.4167 -0.1351 -0.8990
vn -0.3566 -0.1256 -0.9258
vn -0.8464 -0.0493 -0.5303
vn -0.9025 -0.1106 -0.4163
vn -0.4741 -0.0825 0.8766
vn -0.9276 -0.0869 0.3634
vn -0.3950 -0.0508 0.9173
vn 0.2801 -0.1028 0.9544
vn 0.8940 -0.0939 0.4381
vn 0.8863 -0.1121 0.4493
vn 0.9355 -0.1257 -0.3303
vn 0.9439 -0.0948 -0.3163
vn -0.9683 -0.0745 0.2383
vn 0.3306 -0.0551 0.9422
vn 0.4598 -0.0636 -0.8857
vn 0.4112 0.0393 -0.9107
vn 0.3626 0.1567 0.9187
vn -0.3317 -0.5092 0.7942
vn 0.3291 -0.5147 0.7917
vn -0.7850 -0.5185 0.3392
vn -0.8807 0.3566 0.3118
vn 0.4108 0.2714 -0.8704
vn -0.3290 0.2911 -0.8983
vn 0.7541 0.2275 0.6161
vn -0.0000 -0.4322 0.9018
vn 0.1595 0.5635 0.8105
vn -0.0000 0.2725 0.9622
vn 0.2066 0.2730 0.9396
vn -0.0000 -0.2234 0.9747
vn 0.2049 -0.2315 0.9510
vn 0.1722 -0.6763 0.7162
vn -0.0000 -0.5827 0.8127
vn 0.4197 0.5526 0.7201
vn 0.7046 0.1753 0.6876
vn 0.7997 0.2154 0.5605
vn 0.6126 0.2268 0.7572
vn 0.5513 -0.6670 0.5012
vn 0.7147 -0.2043 0.6689
vn 0.9215 -0.2727 0.2765
vn 0.5888 0.4114 0.6957
vn 0.9223 -0.0632 0.3814
vn 0.8725 -0.2956 0.3891
vn 0.9889 -0.1033 -0.1064
vn 0.9554 -0.0448 0.2919
vn -0.9642 -0.2421 0.1085
vn -0.9928 -0.0506 0.1089
vn -0.9652 -0.1474 -0.2159
vn -0.7875 -0.2473 -0.5645
vn -0.8162 -0.0433 -0.5762
vn -0.5614 -0.1423 -0.8152
vn 0.9359 -0.2125 -0.2811
vn 0.8287 -0.1261 -0.5454
vn 0.9460 -0.0248 -0.3231
vn 0.4486 -0.5537 0.7016
vn 0.4908 -0.2863 0.8229
vn 0.2827 -0.2396 0.9288
vn 0.0559 -0.3128 0.9482
vn -0.0540 -0.0474 0.9974
vn -0.2948 -0.1392 0.9454
vn -0.6179 -0.2903 0.7307
vn -0.6734 -0.0631 0.7366
vn -0.8929 -0.1592 0.4211
vn -0.2007 -0.2725 -0.9410
vn -0.2354 -0.0851 -0.9682
vn 0.2007 -0.1495 -0.9682
vn -0.0599 -0.0010 0.9982
vn 0.5388 -0.2584 -0.8018
vn 0.5596 -0.0524 -0.8271
vn 0.6603 -0.2117 0.7206
vn 0.9450 -0.0010 -0.3270
vn -0.2339 -0.0009 -0.9723
vn 0.5573 -0.0011 -0.8303
vn -0.6753 -0.0011 0.7376
vn -0.8170 -0.0010 -0.5766
vn 0.4746 -0.0010 0.8802
vn -0.9942 -0.0009 0.1077
vn 0.9535 -0.0010 0.3014
vn -0.4556 0.4490 -0.7687
vn -0.8350 0.3643 -0.4125
vn -0.4720 0.3989 -0.7862
vn -0.7251 0.2689 0.6340
vn -0.9546 0.2723 0.1209
vn -0.9219 0.3317 0.2004
vn -0.3952 0.1063 0.9124
vn -0.4706 0.1011 0.8765
vn -0.8193 0.1792 0.5447
vn 0.0544 0.3720 -0.9266
vn -0.8448 0.4077 -0.3466
vn -0.9875 0.1569 0.0174
vn -0.8843 0.0859 -0.4590
vn -0.8185 -0.0437 -0.5729
vn -0.9510 0.2542 0.1762
vn -0.8873 0.2200 -0.4054
vn 0.1828 -0.4581 -0.8699
vn 0.0764 0.3994 -0.9136
vn -0.7799 0.1784 0.5999
vn -0.3382 0.0452 0.9400
vn -0.7541 0.2275 0.6161
vn -0.3528 0.1151 0.9286
vn -0.7283 0.2635 0.6326
vn -0.0976 -0.1147 0.9886
vn -0.9683 0.2168 0.1242
vn -0.4664 -0.0659 -0.8821
vn -0.4722 0.1972 -0.8591
vn -0.1436 0.0130 0.9895
vn -0.3380 -0.8904 0.3047
vn 0.2509 -0.7766 0.5779
vn 0.0213 -0.9582 -0.2853
vn -0.1383 -0.5931 -0.7931
vn 0.0468 -0.7982 -0.6005
vn 0.0208 -0.9496 -0.3129
vn 0.5156 -0.1419 0.8450
vn -0.2938 -0.0417 0.9550
vn 0.0604 -0.1689 0.9838
vn -0.8445 -0.0527 0.5330
vn -0.2538 0.0158 0.9671
vn -0.8225 0.0007 0.5687
vn -0.9956 -0.0022 -0.0941
vn 0.5154 -0.0546 0.8552
vn 0.9454 -0.0003 0.3258
vn 0.5167 -0.0329 0.8556
vn 0.0347 0.0627 -0.9974
vn -0.5380 -0.0884 -0.8383
vn -0.6742 -0.0100 -0.7384
vn -0.2433 -0.0367 0.9693
vn -0.9767 -0.0785 -0.1999
vn 0.9679 -0.0372 0.2485
vn 0.8467 -0.0292 -0.5313
vn 0.2578 -0.0171 -0.9660
vn 0.5031 0.0921 -0.8593
vn 0.1356 0.1513 -0.9791
vn -0.0993 0.4343 -0.8953
vn 0.0072 -0.4324 -0.9016
vn 0.1846 -0.1563 -0.9703
vn 0.1726 -0.8055 -0.5670
vn -0.2338 -0.0583 0.9705
vn 0.1337 -0.1412 0.9809
vn 0.0760 -0.4531 0.8882
vn 0.4973 -0.2361 0.8348
vn -0.6899 -0.1697 -0.7037
vn -0.3004 -0.3412 -0.8907
vn -0.8057 0.1845 0.5629
vn -0.9932 0.0773 -0.0873
vn -0.1737 0.2806 -0.9440
vn -0.1383 -0.0449 -0.9894
vn -0.0458 -0.8217 -0.5681
vn -0.1203 -0.1195 -0.9855
vn -0.5639 -0.5334 -0.6305
vn -0.8244 0.0951 0.5579
vn -0.4593 0.0995 0.8827
vn -0.8013 -0.0434 0.5968
vn -0.3442 -0.6029 0.7197
vn -0.4314 -0.0137 0.9021
vn -0.9926 0.0930 0.0777
vn -0.8376 -0.3706 0.4015
vn -0.9937 -0.0600 0.0950
vn -0.8502 0.0809 -0.5202
vn -0.9839 -0.1786 0.0107
vn -0.8695 -0.0612 -0.4902
vn -0.7666 -0.6270 0.1383
vn -0.8722 -0.2303 -0.4316
vn -0.4634 0.0615 -0.8840
vn -0.4819 -0.0992 -0.8706
vn -0.5233 -0.1913 -0.8304
vn 0.0692 0.0606 -0.9958
vn 0.0503 -0.1842 -0.9816
vn -0.0000 -0.2004 -0.9797
vn -0.0402 -0.1928 -0.9804
vn -0.0000 0.1865 -0.9825
vn -0.1596 0.6325 0.7580
vn -0.2063 0.6481 0.7331
vn -0.2837 0.5551 0.7819
vn -0.1460 0.6138 -0.7758
vn -0.1690 0.3142 -0.9342
vn -0.1489 0.1029 -0.9835
vn -0.2094 0.7299 -0.6507
vn -0.2570 0.7776 0.5738
vn -0.1771 0.9830 -0.0485
vn -0.2552 0.9592 -0.1213
vn -0.7298 0.6830 -0.0282
vn -0.5060 0.4160 0.7556
vn -0.5020 0.4003 -0.7667
vn -0.3716 0.7491 0.5484
vn -0.3998 0.8909 -0.2155
vn -0.1866 0.4797 -0.8574
vn -0.0663 -0.9716 0.2272
vn -0.6979 -0.3485 0.6257
vn -0.2915 0.3691 -0.8825
vn -0.5624 0.7672 -0.3084
vn -0.3128 0.2900 0.9045
vn -0.3782 0.2888 0.8795
vn -0.4808 0.7348 0.4784
vn -0.1945 0.6371 0.7458
vn -0.1136 0.0629 -0.9915
vn -0.1434 -0.1468 -0.9787
vn -0.3163 -0.2000 -0.9273
vn -0.2127 -0.1614 -0.9637
vn -0.2551 -0.0983 -0.9619
vn -0.2072 0.8158 0.5400
vn -0.0748 0.1899 -0.9790
vn -0.0582 -0.1287 -0.9900
vn -0.1381 0.3951 -0.9082
vn 0.0399 -0.2634 -0.9639
vn -0.4844 0.5246 -0.7001
vn -0.4661 0.3605 -0.8080
vn 0.3382 -0.5549 0.7601
vn 0.4900 -0.8716 0.0114
vn 0.5049 -0.8560 0.1110
vn -0.1313 0.1527 0.9795
vn 0.6407 -0.5844 0.4980
vn -0.5003 0.6714 0.5467
vn -0.5867 0.6488 0.4847
vn 0.4254 -0.7599 -0.4915
vn 0.1878 -0.1848 -0.9647
vn -0.7046 0.6828 -0.1930
vn -0.6857 0.7178 -0.1211
vn -0.6898 0.6578 -0.3024
vn -0.5922 0.6815 0.4301
vn -0.6262 0.6471 0.4349
vn 0.6275 -0.7427 0.2338
vn 0.5347 -0.7172 -0.4469
vn 0.6326 -0.7430 0.2184
vn -0.3796 0.2976 -0.8760
vn -0.4213 0.2553 -0.8702
vn 0.1585 -0.2944 -0.9424
vn 0.0973 -0.3261 -0.9403
vn -0.2472 0.2328 0.9406
vn 0.3382 -0.4148 0.8447
vn 0.3770 -0.3857 0.8421
vn 0.0451 -0.2930 -0.9550
vn -0.3078 0.3826 -0.8711
vn 0.1357 -0.2789 -0.9507
vn -0.3415 0.3424 -0.8753
vn 0.2088 -0.4678 0.8588
vn -0.1765 -0.4670 0.8665
vn 0.3857 -0.4170 0.8230
vn 0.4850 -0.8539 0.1890
vn -0.2322 0.3173 0.9195
vn -0.2145 0.2962 0.9307
vn -0.6109 0.6970 0.3755
vn -0.5556 0.7211 0.4139
vn 0.4308 -0.7668 -0.4759
vn 0.1908 -0.2815 -0.9404
vn -0.5993 0.7417 -0.3012
vn -0.6496 0.7018 -0.2923
vn 0.5827 -0.7008 -0.4116
vn -0.6503 0.7007 -0.2935
vn -0.5547 0.7101 0.4336
vn -0.6129 0.7171 -0.3319
vn -0.5925 0.6693 0.4482
vn 0.6505 -0.7367 0.1847
vn 0.5242 -0.7198 -0.4551
vn 0.5853 -0.6774 -0.4456
vn 0.5956 -0.7872 0.1599
vn -0.2826 0.3505 -0.8929
vn -0.3414 0.3419 -0.8755
vn 0.1629 -0.2721 -0.9484
vn 0.2288 -0.2401 -0.9434
vn -0.1796 0.2755 0.9444
vn -0.1732 0.2643 0.9488
vn 0.3744 -0.4210 0.8262
vn 0.5616 -0.7132 -0.4195
vn -0.6789 0.6762 -0.2862
vn 0.6429 -0.7435 0.1840
vn -0.9346 0.0489 -0.3524
vn -0.8585 0.3387 0.3850
vn -0.8994 0.2816 -0.3343
vn 0.7986 -0.5194 -0.3041
vn 0.8374 -0.4993 0.2222
vn 0.7593 -0.5920 -0.2703
vn -0.9099 0.0967 0.4034
vn -0.3271 0.4178 0.8476
vn 0.4636 -0.4173 -0.7816
vn 0.3842 0.4315 0.8162
vn 0.9254 0.1309 0.3556
vn 0.8807 0.3566 0.3118
vn -0.8770 -0.4313 0.2119
vn -0.7825 -0.5447 -0.3017
vn -0.8135 -0.5176 -0.2652
vn 0.8512 0.3228 -0.4138
vn 0.3592 0.0644 -0.9311
vn 0.3290 0.2911 -0.8983
vn -0.3139 -0.4946 -0.8105
vn -0.4299 -0.3480 -0.8331
vn 0.2393 -0.1267 -0.9626
vn -0.5247 -0.1109 -0.8440
vn -0.5195 -0.1726 -0.8369
vn 0.8564 -0.0753 -0.5109
vn 0.2463 -0.0526 -0.9678
vn 0.5575 0.0368 0.8294
vn 0.9698 -0.0562 0.2374
vn 0.5163 -0.0812 0.8526
vn -0.8511 -0.1457 0.5044
vn -0.2637 -0.1190 0.9572
vn -0.8568 -0.1491 0.4935
vn -0.9633 -0.1438 -0.2266
vn -0.9581 -0.1727 -0.2286
vn 0.8709 -0.0260 -0.4907
vn -0.2761 0.0005 0.9611
vn -0.5302 0.1373 -0.8367
vn 0.5732 -0.1030 0.8129
vn 0.5501 -0.2185 0.8060
vn 0.9818 -0.0379 0.1863
vn -0.8947 -0.0803 0.4394
vn -0.8485 -0.0599 0.5258
vn -0.2834 -0.2581 0.9236
vn -0.9762 0.0420 -0.2127
vn -0.9687 -0.0475 -0.2436
vn 0.8680 0.0906 -0.4882
vn 0.8597 0.0380 -0.5094
vn -0.3685 -0.1012 0.9241
vn 0.2537 0.1655 -0.9530
vn -0.4964 0.1404 -0.8566
vn 0.2675 0.1442 -0.9527
vn 0.9737 -0.0246 0.2265
vn 0.9708 -0.0119 0.2394
vn -0.8781 -0.0708 0.4732
vn -0.9619 0.0436 -0.2700
vn 0.8527 0.0691 -0.5179
vn -0.2665 -0.1308 0.9549
vn 0.9646 -0.0582 0.2572
vn 0.8412 -0.0419 -0.5392
vn -0.0008 -1.0000 -0.0002
vn -0.5008 -0.5531 -0.6658
vn 0.5161 -0.5558 -0.6517
vn -0.0008 -1.0000 -0.0003
vn 0.5786 0.1953 -0.7919
vn 0.9783 0.0886 -0.1874
vn 0.9930 0.0843 -0.0828
vn -0.4468 0.5542 0.7022
vn -0.1521 0.8184 0.5542
vn -0.7424 0.6283 0.2324
vn 0.9334 0.3338 0.1316
vn 0.6838 0.6903 0.2366
vn 0.4220 0.5555 0.7165
vn -0.5572 0.2003 -0.8058
vn 0.5026 0.3090 -0.8074
vn 0.9818 0.1656 0.0925
vn 0.5314 0.2494 0.8096
vn -0.9696 0.1771 0.1689
vn -0.5604 0.2406 0.7925
vn 0.9969 0.0537 -0.0567
vn -0.9795 0.1885 -0.0708
vn -0.9830 0.1336 -0.1260
vn 0.9902 0.1388 -0.0127
vn 0.9917 0.1214 -0.0432
vn -0.9771 0.1070 -0.1838
vn -0.9814 0.0772 -0.1758
vn 0.0648 0.8391 0.5401
vn -0.2075 0.8511 0.4822
vn 0.7923 0.4952 0.3565
vn 0.1150 0.9219 0.3700
vn -0.9301 0.2939 0.2204
vn 0.9928 0.0823 0.0869
vn -0.9680 0.1199 -0.2205
vn -0.9783 0.2069 0.0118
vn 0.2423 0.8623 0.4446
vn -0.4124 -0.1362 0.9008
vn 0.1885 0.7779 0.5994
vn 0.4269 -0.1641 0.8893
vn -0.1709 0.9149 0.3658
vn -0.7590 0.5778 0.3000
vn -0.2116 0.7927 0.5717
vn -0.4982 0.2829 -0.8196
vn -0.5608 -0.5465 -0.6220
vn 0.0224 -0.9861 0.1647
vn 0.1905 -0.9620 -0.1955
vn -0.6917 -0.5164 0.5049
vn 0.0764 -0.9924 -0.0961
vn -0.6374 -0.5749 -0.5130
vn -0.7432 -0.5283 0.4107
vn 0.0364 -0.9877 -0.1522
vn -0.6379 -0.6045 -0.4773
vn -0.9398 0.3060 0.1523
vn -0.9155 0.2644 -0.3034
vn -0.9861 0.1584 -0.0508
vn -0.9033 0.2448 -0.3524
vn -0.9874 0.1540 -0.0362
vn -0.8960 0.1849 -0.4037
vn 0.5969 -0.7959 0.1012
vn 0.4639 -0.6287 0.6241
vn 0.4694 -0.6650 0.5810
vn -0.5499 0.5019 -0.6676
vn 0.0330 -0.1480 -0.9884
vn -0.5892 0.5359 -0.6046
vn 0.6312 -0.7689 0.1019
vn -0.6192 0.6607 0.4243
vn -0.6226 0.6858 0.3769
vn -0.7316 0.6785 -0.0662
vn 0.5656 -0.7277 -0.3880
vn -0.0186 -0.9764 0.2152
vn 0.5095 -0.7918 -0.3369
vn -0.0485 0.1165 0.9920
vn -0.0951 0.0723 0.9928
vn -0.7326 0.6356 -0.2435
vn 0.1441 -0.9314 0.3343
vn 0.5190 -0.8502 0.0888
vn -0.7600 0.6340 -0.1430
vn -0.6484 0.7611 0.0152
vn -0.6345 0.7598 -0.1417
vn -0.6476 0.7458 -0.1564
vn -0.3810 0.7694 0.5127
vn -0.5293 0.7166 0.4543
vn 0.0780 0.5360 0.8406
vn -0.3166 0.4611 0.8289
vn -0.4083 0.5863 -0.6997
vn 0.2939 0.0303 -0.9554
vn 0.1790 -0.0362 -0.9832
vn 0.6612 -0.7331 0.1594
vn 0.5942 -0.8010 -0.0734
vn 0.5594 -0.8146 0.1533
vn -0.6230 0.7213 -0.3025
vn -0.3722 0.5972 -0.7105
vn 0.6201 -0.7104 -0.3329
vn 0.6780 -0.6755 -0.2899
vn 0.3596 -0.9268 -0.1082
vn 0.7321 -0.5370 -0.4190
vn 0.5736 -0.6958 -0.4323
vn -0.1305 -0.8741 0.4679
vn -0.8622 -0.1666 0.4783
vn -0.2944 0.0947 0.9510
vn 0.7592 -0.6318 -0.1562
vn -0.6219 0.7289 -0.2861
vn 0.0737 -0.1391 -0.9875
vn 0.5613 -0.7128 -0.4206
vn 0.0984 -0.1072 -0.9894
vn -0.6792 0.6858 -0.2616
vn -0.7187 0.6796 -0.1473
vn 0.5737 -0.8184 -0.0333
vn 0.8374 -0.0905 0.5390
vn 0.9017 -0.1650 0.3997
vn 0.6005 -0.7923 0.1083
vn -0.3203 -0.8697 -0.3755
vn -0.5176 0.5486 -0.6567
vn -0.6262 0.6338 0.4541
vn -0.7167 0.6971 -0.0205
vn 0.3317 0.4139 0.8478
vn -0.6288 0.7749 0.0644
vn 0.5694 -0.7315 -0.3750
vn 0.2595 0.1743 0.9499
vn 0.6205 -0.7840 -0.0175
vn 0.5040 -0.7681 -0.3949
vn 0.0930 -0.8393 0.5357
vn 0.1768 -0.9198 -0.3502
vn -0.6450 0.6563 0.3915
vn -0.2880 -0.0897 0.9534
vn -0.1209 0.0315 0.9922
vn -0.5566 0.5659 -0.6082
vn -0.1103 -0.2556 -0.9605
vn -0.7756 0.2918 -0.5598
vn 0.0540 -0.1474 -0.9876
vn 0.4154 -0.6776 0.6069
vn -0.8589 0.3586 0.3656
vn -0.5930 0.6922 0.4113
vn -0.5879 0.5411 -0.6013
vn -0.6750 0.6302 0.3837
vn -0.5134 0.5907 -0.6225
vn -0.6465 0.6533 0.3941
vn -0.6044 0.6840 0.4084
vn -0.1014 0.0783 0.9918
vn 0.4724 -0.6353 0.6109
vn 0.5047 -0.6020 0.6188
vn -0.1178 0.0618 0.9911
vn 0.4697 -0.6349 0.6134
vn 0.4758 -0.6286 0.6152
vn 0.0739 -0.1011 -0.9921
vn 0.5615 -0.7264 -0.3964
vn 0.0397 -0.1236 -0.9915
vn 0.0574 -0.1174 -0.9914
vn 0.5592 -0.7265 -0.3994
vn 0.0423 -0.1232 -0.9915
vn -0.5015 0.5986 -0.6247
vn -0.5577 0.5624 -0.6104
vn -0.1354 0.0555 0.9892
vn -0.1328 0.0559 0.9896
vn 0.5952 -0.6945 -0.4044
vn 0.5656 -0.7205 -0.4012
vn -0.6605 0.6327 0.4043
vn 0.4441 -0.6472 0.6196
vn 0.5348 -0.7401 -0.4077
vn 0.0351 -0.1294 -0.9910
vn -0.5701 0.5402 -0.6190
vn -0.1399 0.0496 0.9889
vn -0.7740 -0.5100 0.3752
vn -0.6985 -0.5729 -0.4287
vn 0.4463 -0.6473 0.6180
vn 0.5367 -0.7398 -0.4057
vn -0.1339 0.0611 0.9891
vn 0.0412 -0.1180 -0.9922
vn -0.5911 0.5153 -0.6205
vn -0.6818 0.6082 0.4064
vn 0.5494 -0.7234 -0.4181
vn -0.6229 0.6620 0.4169
vn -0.0840 0.0923 0.9922
vn -0.5349 0.5662 -0.6272
vn 0.0879 -0.0947 -0.9916
vn 0.4572 -0.6281 0.6296
vn -0.7831 0.5340 0.3188
vn -0.2965 -0.1044 0.9493
vn 0.3053 -0.7784 0.5485
vn -0.1262 -0.2426 -0.9619
vn -0.7210 0.4333 -0.5408
vn 0.3952 -0.8605 -0.3215
vn 0.4338 -0.6621 0.6111
vn 0.1601 -0.9297 -0.3317
vn 0.4850 -0.7826 -0.3902
vn -0.6269 0.6721 0.3940
vn -0.2545 -0.0605 0.9652
vn -0.0843 0.0623 0.9945
vn -0.5750 0.5507 -0.6051
vn -0.1455 -0.2823 -0.9482
vn -0.7918 0.2800 -0.5429
vn 0.0170 -0.1775 -0.9840
vn 0.1072 -0.8254 0.5543
vn -0.8448 0.3743 0.3825
vn -0.5738 0.7083 0.4112
vn -0.6059 0.5264 -0.5965
vn -0.6576 0.6458 0.3879
vn -0.5853 0.7001 0.4090
vn -0.5761 0.5473 -0.6071
vn -0.6285 0.6690 0.3968
vn -0.0647 0.1090 0.9919
vn 0.4910 -0.6198 0.6122
vn 0.5237 -0.5861 0.6182
vn -0.0811 0.0927 0.9924
vn 0.4883 -0.6193 0.6148
vn 0.4947 -0.6127 0.6163
vn 0.0371 -0.1316 -0.9906
vn 0.5426 -0.7416 -0.3945
vn 0.0027 -0.1539 -0.9881
vn 0.0204 -0.1479 -0.9888
vn 0.5403 -0.7417 -0.3974
vn 0.0055 -0.1534 -0.9881
vn -0.5208 0.5825 -0.6241
vn -0.5326 0.5748 -0.6213
vn -0.0988 0.0864 0.9913
vn -0.0962 0.0868 0.9916
vn 0.5761 -0.7103 -0.4043
vn 0.5465 -0.7360 -0.3996
vn -0.6419 0.6493 0.4078
vn 0.4631 -0.6312 0.6222
vn 0.5153 -0.7555 -0.4046
vn -0.0019 -0.1596 -0.9872
vn -0.5891 0.5244 -0.6148
vn -0.1033 0.0805 0.9914
vn -0.7644 -0.4959 0.4121
vn -0.7142 -0.5800 -0.3918
vn 0.4653 -0.6313 0.6204
vn 0.5173 -0.7551 -0.4027
vn -0.0972 0.0920 0.9910
vn 0.0042 -0.1483 -0.9889
vn -0.6102 0.4995 -0.6150
vn -0.6633 0.6252 0.4112
vn 0.4675 -0.6311 0.6190
vn 0.5269 -0.7433 -0.4121
vn -0.6219 0.6704 0.4048
vn -0.0944 0.0830 0.9921
vn -0.5552 0.5504 -0.6235
vn 0.0413 -0.1298 -0.9907
vn -0.6420 0.6506 0.4057
vn -0.1791 0.0229 0.9836
vn 0.4071 -0.6632 0.6281
vn -0.2062 -0.2882 -0.9351
vn -0.7411 0.4250 -0.5197
vn 0.3191 -0.9081 -0.2710
vn 0.5193 -0.7563 -0.3980
vn 0.0820 -0.8501 0.5202
vn 0.1908 -0.9114 -0.3646
vn -0.6593 0.6436 0.3888
vn -0.3143 -0.1129 0.9426
vn -0.1501 0.0068 0.9886
vn -0.5418 0.5783 -0.6100
vn -0.0817 -0.2336 -0.9689
vn -0.7621 0.3017 -0.5728
vn 0.0837 -0.1230 -0.9889
vn 0.4009 -0.6900 0.6027
vn -0.8698 0.3464 0.3514
vn -0.4889 0.6116 -0.6221
vn -0.6887 0.6176 0.3797
vn -0.6053 0.6815 0.4114
vn -0.4979 0.6037 -0.6226
vn -0.6608 0.6405 0.3912
vn -0.6197 0.6709 0.4072
vn -0.1296 0.0567 0.9899
vn 0.4576 -0.6478 0.6090
vn 0.4927 -0.6118 0.6188
vn -0.1471 0.0369 0.9884
vn 0.4548 -0.6475 0.6115
vn 0.4607 -0.6413 0.6136
vn 0.0924 -0.0860 -0.9920
vn 0.5765 -0.7141 -0.3972
vn 0.0693 -0.0990 -0.9927
vn 0.0870 -0.0927 -0.9919
vn 0.5743 -0.7141 -0.4002
vn 0.0719 -0.0986 -0.9925
vn -0.5734 0.5531 -0.6044
vn -0.5429 0.5748 -0.6123
vn -0.1645 0.0306 0.9859
vn -0.1619 0.0311 0.9863
vn 0.6071 -0.6892 -0.3956
vn 0.5810 -0.7079 -0.4018
vn -0.5547 0.5530 -0.6217
vn -0.6752 0.6194 0.4006
vn 0.4288 -0.6601 0.6168
vn 0.5505 -0.7276 -0.4094
vn 0.0648 -0.1049 -0.9924
vn -0.1691 0.0247 0.9853
vn -0.7809 -0.5207 0.3452
vn -0.6851 -0.5664 -0.4580
vn 0.5523 -0.7273 -0.4073
vn -0.1631 0.0362 0.9859
vn 0.0709 -0.0934 -0.9931
vn -0.5756 0.5283 -0.6242
vn 0.4311 -0.6601 0.6152
vn -0.6964 0.5946 0.4018
vn 0.4670 -0.6457 0.6042
vn 0.5527 -0.7285 -0.4047
vn -0.6472 0.6574 0.3860
vn -0.1394 0.0460 0.9892
vn -0.5338 0.5750 -0.6200
vn 0.0570 -0.1145 -0.9918
vn -0.8920 0.4092 0.1920
vn -0.4243 -0.2533 0.8693
vn 0.2131 -0.9094 0.3571
vn 0.2365 -0.9050 -0.3536
vn -0.1818 -0.3007 -0.9362
vn -0.7107 0.4217 -0.5631
vn 0.5288 -0.7488 -0.3997
vn 0.0704 -0.8587 0.5077
vn 0.1965 -0.9062 -0.3743
vn -0.6702 0.6338 0.3861
vn -0.3353 -0.1317 0.9329
vn -0.1714 -0.0117 0.9851
vn -0.5322 0.5864 -0.6107
vn -0.0641 -0.2200 -0.9734
vn -0.7545 0.3055 -0.5808
vn 0.1042 -0.1063 -0.9889
vn 0.3893 -0.6998 0.5990
vn -0.8791 0.3343 0.3398
vn -0.4325 0.6558 -0.6188
vn -0.6840 0.6227 0.3801
vn -0.5981 0.6883 0.4105
vn -0.4871 0.6127 -0.6224
vn -0.6717 0.6308 0.3885
vn -0.6307 0.6614 0.4060
vn -0.1407 0.0450 0.9890
vn 0.4621 -0.6463 0.6073
vn 0.5057 -0.5989 0.6209
vn -0.1684 0.0187 0.9855
vn 0.4437 -0.6569 0.6096
vn 0.4495 -0.6507 0.6120
vn 0.1802 -0.0114 -0.9836
vn 0.6109 -0.6858 -0.3956
vn 0.1126 -0.0648 -0.9915
vn 0.1076 -0.0755 -0.9913
vn 0.5846 -0.7056 -0.4004
vn 0.0923 -0.0816 -0.9924
vn -0.5460 0.5778 -0.6066
vn -0.5331 0.5829 -0.6132
vn -0.1774 0.0189 0.9840
vn -0.1831 0.0128 0.9830
vn 0.6770 -0.6225 -0.3926
vn 0.5914 -0.6991 -0.4018
vn -0.5447 0.5611 -0.6232
vn -0.6866 0.6087 0.3975
vn 0.4171 -0.6699 0.6142
vn 0.5607 -0.7192 -0.4102
vn 0.0851 -0.0880 -0.9925
vn -0.1905 0.0062 0.9817
vn -0.7856 -0.5286 0.3216
vn -0.6760 -0.5617 -0.4770
vn 0.5657 -0.7166 -0.4079
vn -0.1815 0.0200 0.9832
vn 0.0952 -0.0745 -0.9927
vn -0.5593 0.5427 -0.6267
vn 0.4228 -0.6680 0.6124
vn -0.7004 0.5926 0.3979
vn 0.6203 -0.6791 -0.3925
vn -0.6533 0.6403 0.4041
vn -0.1623 0.0143 0.9866
vn -0.4806 0.6283 -0.6118
vn 0.1615 -0.0320 -0.9863
vn 0.4377 -0.6469 0.6245
vn -0.5535 0.5542 -0.6217
vn -0.8892 0.4067 0.2096
vn -0.4214 -0.2132 0.8815
vn 0.2004 -0.8788 0.4330
vn 0.0396 -0.1259 -0.9913
vn 0.5096 -0.7517 -0.4185
vn 0.8501 -0.4368 -0.2941
vn -0.0141 -0.5995 -0.8002
vn 0.1619 -0.2662 -0.9502
vn -0.2012 0.1515 0.9678
vn 0.5916 -0.4074 0.6957
vn 0.7009 -0.2113 0.6813
vn -0.9023 0.3092 0.3003
vn -0.7735 -0.0791 -0.6288
vn -0.9535 -0.0632 0.2946
vn -0.7068 0.1085 -0.6990
vn 0.6037 -0.7680 -0.2138
vn -0.3203 -0.2259 0.9200
vn -0.1743 0.3138 0.9334
vn -0.8988 0.2931 0.3261
vn -0.1324 0.2202 0.9664
vn 0.7598 -0.0735 0.6460
vn 0.8917 -0.3251 -0.3149
vn 0.8577 -0.4391 -0.2676
vn 0.1489 -0.3881 -0.9095
vn -0.7156 0.0235 -0.6981
vn -0.7163 -0.0007 -0.6978
vn -0.8961 0.3425 0.2822
vn 0.7429 -0.1457 0.6534
vn 0.1792 -0.2220 -0.9584
vn -0.1622 0.1722 0.9716
vn 0.8920 -0.3416 -0.2962
vn 0.2020 -0.1719 -0.9642
vn -0.7059 0.1004 -0.7012
vn -0.8948 0.3216 0.3096
vn 0.7205 -0.1841 0.6685
vn -0.6377 -0.7533 -0.1608
vn -0.0854 -0.9198 0.3829
vn -0.1832 0.4117 0.8927
vn -0.9707 0.2276 0.0775
vn -0.8931 0.3980 0.2098
vn -0.6330 -0.0636 -0.7715
vn -0.5425 -0.2123 -0.8128
vn 0.3575 -0.5031 -0.7868
vn -0.4530 -0.4054 -0.7940
vn 0.5415 -0.6042 -0.5846
vn 0.9359 -0.3033 0.1789
vn 0.9322 -0.2170 0.2895
vn 0.4997 0.1672 0.8499
vn 0.3705 0.3578 0.8571
vn -0.3768 0.4308 0.8200
vn -0.3362 0.4127 0.8466
vn -0.3250 0.4854 0.8116
vn -0.9925 0.0865 0.0867
vn 0.6611 0.0403 0.7492
vn 0.9101 -0.4136 -0.0244
vn 0.2315 -0.4784 -0.8471
vn 0.8725 0.2956 -0.3891
vn 0.9889 0.1033 0.1064
vn 0.9554 0.0448 -0.2919
vn -0.9642 0.2421 -0.1085
vn -0.9928 0.0506 -0.1089
vn -0.9652 0.1474 0.2159
vn -0.7875 0.2473 0.5645
vn -0.8162 0.0433 0.5762
vn -0.5614 0.1423 0.8152
vn 0.9359 0.2125 0.2811
vn 0.8287 0.1261 0.5454
vn 0.9460 0.0248 0.3231
vn 0.4486 0.5537 -0.7016
vn 0.4908 0.2863 -0.8229
vn 0.2827 0.2396 -0.9288
vn 0.0559 0.3128 -0.9482
vn -0.0540 0.0474 -0.9974
vn -0.2948 0.1392 -0.9454
vn -0.6179 0.2903 -0.7307
vn -0.6734 0.0631 -0.7366
vn -0.8929 0.1592 -0.4211
vn -0.2007 0.2725 0.9410
vn -0.2354 0.0851 0.9682
vn 0.2007 0.1495 0.9682
vn -0.0599 0.0010 -0.9982
vn 0.5388 0.2584 0.8018
vn 0.5596 0.0524 0.8271
vn 0.6603 0.2117 -0.7206
vn 0.9450 0.0010 0.3270
vn -0.2339 0.0009 0.9722
vn 0.5573 0.0011 0.8303
vn -0.6753 0.0011 -0.7376
vn -0.8170 0.0010 0.5766
vn 0.4746 0.0010 -0.8802
vn -0.9942 0.0009 -0.1077
vn 0.9535 0.0010 -0.3014
vn 0.2801 -0.0413 -0.9591
vn -0.4167 -0.1351 -0.8990
vn -0.4598 -0.0636 -0.8857
vn 0.8464 -0.0493 -0.5303
vn 0.3566 -0.1256 -0.9258
vn 0.4741 -0.0825 0.8766
vn 0.9276 -0.0869 0.3634
vn 0.9683 -0.0745 0.2383
vn -0.8940 -0.0939 0.4381
vn -0.2801 -0.1028 0.9544
vn -0.8863 -0.1121 0.4493
vn -0.9355 -0.1257 -0.3303
vn -0.9439 -0.0948 -0.3163
vn 0.9025 -0.1106 -0.4163
vn -0.3306 -0.0551 0.9422
vn -0.4112 0.0393 -0.9107
vn -0.3626 0.1567 0.9187
vn 0.3317 -0.5092 0.7942
vn 0.3993 0.1764 0.8997
vn 0.9055 0.1031 -0.4116
vn -0.7802 -0.5301 0.3321
vn 0.7850 -0.5185 0.3392
vn 0.3377 -0.4799 -0.8097
vn -0.3291 -0.5147 0.7917
vn -0.4108 0.2714 -0.8704
vn -0.1595 0.5635 0.8105
vn -0.0000 0.5631 0.8264
vn -0.2066 0.2730 0.9396
vn -0.1722 -0.6763 0.7162
vn -0.2049 -0.2315 0.9510
vn -0.4197 0.5526 0.7201
vn -0.7046 0.1753 0.6876
vn -0.5888 0.4114 0.6957
vn -0.6126 0.2268 0.7572
vn -0.7997 0.2154 0.5605
vn -0.5513 -0.6670 0.5012
vn -0.7147 -0.2043 0.6689
vn -0.9215 -0.2727 0.2765
vn -0.9223 -0.0632 0.3814
vn -0.8725 -0.2956 0.3891
vn -0.9554 -0.0448 0.2919
vn -0.9889 -0.1033 -0.1064
vn 0.9642 -0.2421 0.1085
vn 0.9652 -0.1474 -0.2159
vn 0.9928 -0.0506 0.1089
vn 0.7875 -0.2473 -0.5645
vn 0.5614 -0.1423 -0.8152
vn 0.8162 -0.0433 -0.5762
vn -0.9359 -0.2125 -0.2811
vn -0.9460 -0.0248 -0.3231
vn -0.8287 -0.1261 -0.5454
vn -0.4486 -0.5537 0.7016
vn -0.2827 -0.2396 0.9288
vn -0.4908 -0.2863 0.8229
vn -0.0559 -0.3128 0.9482
vn 0.2948 -0.1392 0.9454
vn 0.0540 -0.0474 0.9974
vn 0.6179 -0.2903 0.7307
vn 0.8929 -0.1592 0.4211
vn 0.6734 -0.0631 0.7366
vn 0.2007 -0.2725 -0.9410
vn -0.2007 -0.1495 -0.9682
vn 0.2354 -0.0851 -0.9682
vn 0.0599 -0.0010 0.9982
vn -0.2610 -0.0022 0.9653
vn -0.5596 -0.0524 -0.8271
vn -0.5388 -0.2584 -0.8018
vn -0.6603 -0.2117 0.7206
vn -0.9450 -0.0010 -0.3270
vn -0.8511 -0.0023 -0.5249
vn 0.2339 -0.0009 -0.9722
vn 0.5611 -0.0023 -0.8277
vn -0.5573 -0.0011 -0.8303
vn -0.2132 -0.0025 -0.9770
vn 0.6753 -0.0011 0.7376
vn 0.2450 -0.0023 0.9695
vn 0.8170 -0.0010 -0.5766
vn 0.9771 -0.0023 -0.2127
vn -0.4746 -0.0010 0.8802
vn 0.9942 -0.0009 0.1077
vn 0.9037 -0.0023 0.4282
vn -0.9535 -0.0010 0.3014
vn -0.7148 -0.0023 0.6993
vn -0.9972 -0.0022 -0.0749
vn 0.4874 -0.1138 0.8657
vn 0.3097 -0.8544 -0.4173
vn -0.7284 0.0954 0.6784
vn -0.9968 -0.0616 -0.0517
vn -0.1833 0.7400 -0.6471
vn -0.0000 -0.8839 0.4676
vn -0.7983 -0.5445 0.2574
vn -0.9676 -0.2434 -0.0669
vn -0.0000 0.7206 0.6934
vn 0.0009 -1.0000 -0.0001
vn 0.2610 -0.0022 0.9653
vn 0.8511 -0.0023 -0.5249
vn -0.5611 -0.0023 -0.8277
vn 0.2132 -0.0025 -0.9770
vn 0.9972 -0.0022 -0.0749
vn -0.9037 -0.0023 0.4282
vn -0.2450 -0.0023 0.9695
vn -0.9771 -0.0023 -0.2127
vn 0.7148 -0.0023 0.6993
vn -0.7569 -0.5831 0.2951
vn 0.2610 0.0022 -0.9653
vn 0.8511 0.0023 0.5249
vn -0.5611 0.0023 0.8277
vn 0.2132 0.0025 0.9770
vn 0.9972 0.0022 0.0749
vn -0.9037 0.0023 -0.4282
vn -0.2450 0.0023 -0.9695
vn -0.9771 0.0023 0.2127
vn 0.7148 0.0023 -0.6993
vn 0.3950 -0.0508 0.9173
vt 0.587588 0.083407
vt 0.643939 0.118763
vt 0.587588 0.118763
vt 0.883231 0.083407
vt 0.934626 0.118763
vt 0.883231 0.118763
vt 0.815507 0.118763
vt 0.815507 0.083407
vt 0.757401 0.118763
vt 0.757401 0.083407
vt 0.534570 0.083407
vt 0.534570 0.118763
vt 0.643939 0.083407
vt 0.699654 0.118763
vt 0.934626 0.083407
vt 0.992483 0.118763
vt 0.699654 0.083407
vt 0.757401 0.013251
vt 0.699654 0.047872
vt 0.699654 0.013251
vt 0.757401 0.047872
vt 0.934626 0.013251
vt 0.992483 0.047872
vt 0.934626 0.047872
vt 0.992483 0.083407
vt 0.643939 0.013251
vt 0.643939 0.047872
vt 0.534570 0.013251
vt 0.587588 0.047872
vt 0.534570 0.047872
vt 0.815507 0.013251
vt 0.815507 0.047872
vt 0.883231 0.013251
vt 0.883231 0.047872
vt 0.587588 0.013251
vt 0.519972 0.105229
vt 0.498801 0.142329
vt 0.519972 0.035584
vt 0.498801 0.010347
vt 0.468868 0.142329
vt 0.469355 0.010347
vt 0.450112 0.109261
vt 0.450112 0.047908
vt 0.685660 0.186787
vt 0.737101 0.223121
vt 0.694562 0.262259
vt 0.767355 0.217242
vt 0.734886 0.185834
vt 0.660606 0.241273
vt 0.655905 0.268539
vt 0.646337 0.278316
vt 0.708376 0.268432
vt 0.653097 0.225799
vt 0.689696 0.156241
vt 0.761570 0.156241
vt 0.401152 0.952371
vt 0.369635 0.993927
vt 0.371440 0.948856
vt 0.416961 0.995783
vt 0.396446 0.995363
vt 0.414395 1.028201
vt 0.393973 1.032927
vt 0.367180 1.036391
vt 0.376166 0.675501
vt 0.354246 0.707001
vt 0.347655 0.681395
vt 0.392013 0.671894
vt 0.383809 0.704188
vt 0.405112 0.735181
vt 0.390132 0.777270
vt 0.387291 0.735826
vt 0.359707 0.776173
vt 0.356970 0.736175
vt 0.236707 0.728708
vt 0.241241 0.726983
vt 0.236707 0.732788
vt 0.257846 0.726536
vt 0.288276 0.746376
vt 0.260545 0.752698
vt 0.291437 0.781019
vt 0.263014 0.784292
vt 0.236707 0.784093
vt 0.236707 0.753250
vt 0.314061 0.687785
vt 0.283462 0.715451
vt 0.282173 0.690838
vt 0.318651 0.710226
vt 0.324291 0.776650
vt 0.321398 0.738782
vt 0.269423 0.947121
vt 0.236707 0.994242
vt 0.236707 0.947040
vt 0.302572 0.946106
vt 0.270238 0.993849
vt 0.303576 0.992723
vt 0.270177 1.042188
vt 0.236707 1.042649
vt 0.336854 0.945935
vt 0.337365 0.992500
vt 0.335747 1.038522
vt 0.303078 1.040691
vt 0.327659 0.817769
vt 0.294430 0.819241
vt 0.362968 0.819054
vt 0.331478 0.859365
vt 0.297409 0.859882
vt 0.334755 0.901947
vt 0.300391 0.902078
vt 0.369845 0.904765
vt 0.236707 0.820457
vt 0.264450 0.820872
vt 0.265862 0.860998
vt 0.236707 0.860941
vt 0.267803 0.903118
vt 0.236707 0.903370
vt 0.408536 0.777020
vt 0.393552 0.821263
vt 0.412499 0.821867
vt 0.397627 0.865000
vt 0.366837 0.861676
vt 0.420537 0.910998
vt 0.400705 0.908851
vt 0.419908 0.953860
vt 0.278494 0.637403
vt 0.302006 0.646225
vt 0.279015 0.652273
vt 0.282206 0.602804
vt 0.292903 0.629666
vt 0.278330 0.617603
vt 0.303796 0.616411
vt 0.321653 0.634359
vt 0.279911 0.669414
vt 0.308364 0.665950
vt 0.337256 0.656229
vt 0.262988 0.551858
vt 0.236707 0.566050
vt 0.236707 0.543006
vt 0.288120 0.579975
vt 0.261626 0.568210
vt 0.258457 0.596027
vt 0.236707 0.594586
vt 0.257890 0.613081
vt 0.236707 0.613164
vt 0.256606 0.625698
vt 0.256697 0.636685
vt 0.236707 0.625749
vt 0.236707 0.634616
vt 0.256079 0.650957
vt 0.236707 0.663294
vt 0.236707 0.648200
vt 0.255221 0.666288
vt 0.255887 0.685367
vt 0.236707 0.683235
vt 0.291184 0.565549
vt 0.314698 0.597900
vt 0.321259 0.586634
vt 0.340365 0.620388
vt 0.349745 0.611072
vt 0.362119 0.647246
vt 0.375906 0.640830
vt 0.236707 0.699352
vt 0.278084 0.627662
vt 0.256606 0.624593
vt 0.236707 0.624644
vt 0.256241 0.704712
vt 0.400556 0.701661
vt 0.041680 0.633393
vt 0.046427 0.636253
vt 0.042504 0.637470
vt 0.036731 0.616996
vt 0.038449 0.613094
vt 0.039865 0.616174
vt 0.038218 0.620812
vt 0.041396 0.619839
vt 0.029928 0.600313
vt 0.029594 0.596208
vt 0.031946 0.599913
vt 0.033159 0.607777
vt 0.033925 0.603490
vt 0.035665 0.607156
vt 0.031664 0.603965
vt 0.035515 0.613911
vt 0.037166 0.610329
vt 0.034425 0.611054
vt 0.039594 0.624958
vt 0.042944 0.623967
vt 0.026558 0.593416
vt 0.027082 0.590509
vt 0.028025 0.593113
vt 0.040719 0.629156
vt 0.044323 0.628108
vt 0.047335 0.640686
vt 0.043506 0.641406
vt 0.027995 0.596673
vt 0.045499 0.632232
vt 0.045690 0.642828
vt 0.043808 0.644582
vt 0.029553 0.590504
vt 0.031178 0.592465
vt 0.032337 0.595365
vt 0.034748 0.599288
vt 0.036950 0.602883
vt 0.045586 0.618710
vt 0.047289 0.622744
vt 0.040503 0.609292
vt 0.042117 0.612086
vt 0.048824 0.626785
vt 0.051026 0.635394
vt 0.050155 0.630773
vt 0.043885 0.615253
vt 0.038808 0.606266
vt 0.041570 0.601624
vt 0.043310 0.604968
vt 0.053015 0.620704
vt 0.055164 0.625797
vt 0.045046 0.608065
vt 0.046446 0.610365
vt 0.034055 0.590496
vt 0.053949 0.630097
vt 0.036828 0.593266
vt 0.039162 0.597686
vt 0.048810 0.613685
vt 0.051015 0.617129
vt 0.047500 0.603272
vt 0.037968 0.590489
vt 0.044687 0.598961
vt 0.049338 0.606773
vt 0.048867 0.609751
vt 0.029077 0.559161
vt 0.033332 0.560966
vt 0.031411 0.563581
vt 0.036936 0.564857
vt 0.038496 0.563257
vt 0.054798 0.603644
vt 0.046247 0.597361
vt 0.051344 0.599454
vt 0.043607 0.560922
vt 0.043594 0.565350
vt 0.397893 0.637360
vt 0.436842 0.625427
vt 0.412655 0.662974
vt 0.396246 0.601551
vt 0.417455 0.565572
vt 0.391997 0.564250
vt 0.401167 0.528410
vt 0.469566 0.604061
vt 0.478445 0.651320
vt 0.431216 0.548191
vt 0.454586 0.676896
vt 0.048237 0.610972
vt 0.050513 0.612534
vt 0.055124 0.611307
vt 0.049550 0.613095
vt 0.062152 0.617889
vt 0.059173 0.617208
vt 0.061620 0.617123
vt 0.062696 0.615168
vt 0.063282 0.615156
vt 0.058859 0.617988
vt 0.055520 0.615517
vt 0.062810 0.613623
vt 0.064685 0.612951
vt 0.054519 0.616305
vt 0.103779 0.993927
vt 0.072262 0.952371
vt 0.101974 0.948856
vt 0.056453 0.995783
vt 0.053506 0.953860
vt 0.076969 0.995363
vt 0.059019 1.028201
vt 0.106234 1.036391
vt 0.119168 0.707001
vt 0.097248 0.675501
vt 0.125759 0.681395
vt 0.089605 0.704188
vt 0.081402 0.671894
vt 0.083283 0.777270
vt 0.068302 0.735181
vt 0.086123 0.735826
vt 0.113707 0.776173
vt 0.116444 0.736175
vt 0.232173 0.726983
vt 0.215568 0.726536
vt 0.185139 0.746376
vt 0.189953 0.715451
vt 0.212869 0.752698
vt 0.181977 0.781019
vt 0.159354 0.687785
vt 0.191241 0.690838
vt 0.154764 0.710226
vt 0.149123 0.776650
vt 0.152016 0.738782
vt 0.203991 0.947121
vt 0.203177 0.993849
vt 0.170842 0.946106
vt 0.203237 1.042188
vt 0.169838 0.992723
vt 0.136560 0.945935
vt 0.136050 0.992500
vt 0.137667 1.038522
vt 0.170336 1.040691
vt 0.145756 0.817769
vt 0.141936 0.859365
vt 0.110447 0.819054
vt 0.178985 0.819241
vt 0.176005 0.859882
vt 0.138659 0.901947
vt 0.103569 0.904765
vt 0.106577 0.861676
vt 0.173023 0.902078
vt 0.210400 0.784292
vt 0.208964 0.820872
vt 0.205611 0.903118
vt 0.207553 0.860998
vt 0.079862 0.821263
vt 0.064878 0.777020
vt 0.075787 0.865000
vt 0.060915 0.821867
vt 0.052878 0.910998
vt 0.056393 0.866434
vt 0.072709 0.908851
vt 0.171408 0.646225
vt 0.194920 0.637403
vt 0.194399 0.652273
vt 0.191208 0.602804
vt 0.180512 0.629666
vt 0.169619 0.616411
vt 0.151761 0.634359
vt 0.193504 0.669414
vt 0.165050 0.665950
vt 0.136159 0.656229
vt 0.210426 0.551858
vt 0.185294 0.579975
vt 0.182230 0.565549
vt 0.214957 0.596027
vt 0.211788 0.568210
vt 0.215525 0.613081
vt 0.195084 0.617603
vt 0.216808 0.625698
vt 0.195331 0.627662
vt 0.216717 0.636685
vt 0.217335 0.650957
vt 0.218193 0.666288
vt 0.217527 0.685367
vt 0.158716 0.597900
vt 0.133050 0.620388
vt 0.152155 0.586634
vt 0.111295 0.647246
vt 0.123669 0.611072
vt 0.097509 0.640830
vt 0.216808 0.624593
vt 0.217174 0.704712
vt 0.072859 0.701661
vt 0.046348 0.544641
vt 0.041596 0.547516
vt 0.042413 0.543429
vt 0.036666 0.563958
vt 0.038395 0.567864
vt 0.035454 0.567051
vt 0.038149 0.560131
vt 0.039808 0.564775
vt 0.029891 0.580689
vt 0.029572 0.584799
vt 0.027970 0.584340
vt 0.033106 0.573203
vt 0.033883 0.577496
vt 0.031618 0.577027
vt 0.031913 0.581083
vt 0.037115 0.570638
vt 0.034367 0.569916
vt 0.035618 0.573820
vt 0.039521 0.555973
vt 0.041336 0.561099
vt 0.026546 0.587604
vt 0.026221 0.590511
vt 0.040640 0.551764
vt 0.042880 0.556960
vt 0.047249 0.540196
vt 0.043411 0.539482
vt 0.028015 0.587901
vt 0.045425 0.548673
vt 0.045597 0.538053
vt 0.043707 0.536299
vt 0.032319 0.585633
vt 0.031171 0.588537
vt 0.034718 0.581701
vt 0.045536 0.562223
vt 0.040461 0.571670
vt 0.044254 0.552808
vt 0.047236 0.558177
vt 0.050958 0.545493
vt 0.048767 0.554125
vt 0.042073 0.568868
vt 0.036914 0.578096
vt 0.043839 0.565691
vt 0.038768 0.574705
vt 0.041542 0.579349
vt 0.052978 0.560212
vt 0.045014 0.572891
vt 0.043280 0.575996
vt 0.053897 0.550796
vt 0.050093 0.550126
vt 0.036817 0.587717
vt 0.046414 0.570585
vt 0.050981 0.563797
vt 0.039136 0.583292
vt 0.048777 0.567253
vt 0.047481 0.577689
vt 0.044669 0.582013
vt 0.048840 0.571196
vt 0.033305 0.551798
vt 0.029066 0.553613
vt 0.031385 0.549188
vt 0.036918 0.547909
vt 0.038484 0.549513
vt 0.054789 0.577306
vt 0.049316 0.574179
vt 0.046235 0.583618
vt 0.043614 0.551826
vt 0.043588 0.547401
vt 0.046897 0.550933
vt 0.382553 0.525136
vt 0.048208 0.569974
vt 0.047212 0.569456
vt 0.050486 0.568406
vt 0.049520 0.567845
vt 0.062141 0.563026
vt 0.059157 0.563712
vt 0.058841 0.562931
vt 0.062689 0.565752
vt 0.063276 0.565763
vt 0.055499 0.565411
vt 0.054495 0.564623
vt 0.062805 0.567300
vt 0.064685 0.567970
vt 0.055108 0.569630
vt 0.627042 0.346252
vt 0.641110 0.303170
vt 0.647294 0.340884
vt 0.654972 0.303487
vt 0.665667 0.330669
vt 0.737797 0.403888
vt 0.743217 0.447140
vt 0.712088 0.427481
vt 0.745187 0.362438
vt 0.756932 0.386205
vt 0.641207 0.297755
vt 0.656152 0.299341
vt 0.625460 0.298424
vt 0.667519 0.327732
vt 0.746385 0.357984
vt 0.759302 0.385432
vt 0.690790 0.380048
vt 0.726241 0.363029
vt 0.726792 0.368360
vt 0.750890 0.412945
vt 0.753192 0.413385
vt 0.860785 0.903744
vt 0.844422 0.844242
vt 0.871460 0.846811
vt 0.852792 0.809162
vt 0.885469 0.812166
vt 0.917282 0.246457
vt 0.902112 0.238255
vt 0.906562 0.235929
vt 0.923204 0.247628
vt 0.912866 0.255476
vt 0.937828 0.272729
vt 0.946262 0.280521
vt 0.941288 0.302880
vt 0.936749 0.889158
vt 0.959609 0.919567
vt 0.946303 0.929699
vt 0.949094 0.830416
vt 0.955087 0.852958
vt 0.907239 0.870485
vt 0.922449 0.925472
vt 0.933524 0.943429
vt 0.900024 0.920565
vt 0.952296 0.956186
vt 0.945564 0.958486
vt 0.937369 0.963721
vt 0.901942 0.228208
vt 0.904412 0.227335
vt 0.901987 0.220180
vt 0.939699 0.977598
vt 0.897712 0.228006
vt 0.930369 0.297944
vt 0.914285 0.282302
vt 0.925567 0.262030
vt 0.903667 0.262781
vt 0.896496 0.239514
vt 0.861362 0.731785
vt 0.885214 0.680145
vt 0.884787 0.732853
vt 0.860827 0.680146
vt 0.882176 0.629912
vt 0.950308 0.239614
vt 0.956791 0.249941
vt 0.950673 0.252841
vt 0.960226 0.266991
vt 0.974931 0.682323
vt 0.957552 0.627003
vt 0.991102 0.651604
vt 0.953953 0.669961
vt 0.916643 0.615909
vt 0.923197 0.671840
vt 0.953899 0.732358
vt 0.973166 0.730332
vt 0.926172 0.732493
vt 0.993950 0.691282
vt 0.988150 0.707581
vt 0.988075 0.727763
vt 0.996638 0.726748
vt 0.949295 0.231616
vt 0.945174 0.232316
vt 0.946446 0.225550
vt 0.941911 0.253825
vt 0.943962 0.240160
vt 0.858897 0.770536
vt 0.886048 0.781163
vt 0.938073 0.237726
vt 0.933839 0.250280
vt 0.928638 0.245633
vt 0.977116 0.768589
vt 0.962867 0.831670
vt 0.956837 0.782734
vt 0.926377 0.781749
vt 0.995607 0.762690
vt 0.993711 0.802052
vt 0.989009 0.748791
vt 0.941450 0.230403
vt 0.851690 0.575412
vt 0.863521 0.512740
vt 0.869011 0.567687
vt 0.838491 0.525386
vt 0.856458 0.458871
vt 0.986755 0.288660
vt 0.981576 0.299685
vt 0.975799 0.294861
vt 0.966474 0.308105
vt 0.976370 0.313397
vt 0.958631 0.329850
vt 0.947969 0.507742
vt 0.931103 0.462823
vt 0.959905 0.478627
vt 0.926570 0.495625
vt 0.892530 0.456963
vt 0.897098 0.502972
vt 0.928554 0.557683
vt 0.949354 0.552667
vt 0.906275 0.557686
vt 0.968450 0.515445
vt 0.963381 0.529825
vt 0.963861 0.551037
vt 0.975327 0.551137
vt 0.991197 0.280452
vt 0.987105 0.278041
vt 0.993394 0.272079
vt 0.946209 0.309070
vt 0.956120 0.296194
vt 0.970787 0.287798
vt 0.980692 0.282614
vt 0.858417 0.632846
vt 0.978421 0.275678
vt 0.967679 0.279311
vt 0.968348 0.271457
vt 0.979944 0.268920
vt 0.972715 0.265361
vt 0.973992 0.256999
vt 0.953526 0.593481
vt 0.985543 0.273892
vt 0.964012 0.570426
vt 0.986960 0.270760
vt 0.834050 0.400250
vt 0.787591 0.415678
vt 0.829268 0.376746
vt 0.861718 0.413432
vt 0.871292 0.368731
vt 0.880428 0.406622
vt 0.895293 0.405901
vt 0.912046 0.397959
vt 0.909581 0.415482
vt 0.842304 0.359420
vt 0.824315 0.352925
vt 0.835383 0.339406
vt 0.844127 0.430214
vt 0.820243 0.495385
vt 0.805679 0.470874
vt 0.790697 0.523190
vt 0.766488 0.504469
vt 0.920479 0.416621
vt 0.918599 0.429965
vt 0.853626 0.297755
vt 0.850988 0.332230
vt 0.846570 0.323929
vt 0.915080 0.339014
vt 0.913782 0.315469
vt 0.931758 0.352131
vt 0.962163 0.350137
vt 0.948524 0.353768
vt 0.953189 0.342648
vt 0.967794 0.353277
vt 0.975101 0.360068
vt 0.963411 0.359782
vt 0.911975 0.343579
vt 0.916940 0.354219
vt 0.979449 0.355102
vt 0.974042 0.354579
vt 0.909066 0.355326
vt 0.896496 0.354301
vt 0.905422 0.348249
vt 0.942092 0.330993
vt 0.970492 0.334030
vt 0.970794 0.346702
vt 0.945454 0.358643
vt 0.909040 0.358661
vt 0.919995 0.358286
vt 0.979764 0.348877
vt 0.973113 0.349527
vt 0.977373 0.345594
vt 0.980585 0.353000
vt 0.976274 0.352529
vt 0.942341 0.313566
vt 0.923596 0.315814
vt 0.910787 0.316830
vt 0.901891 0.290670
vt 0.758083 0.474518
vt 0.752437 0.517043
vt 0.955512 0.357658
vt 0.974699 0.341565
vt 0.890032 0.369676
vt 0.914018 0.440281
vt 0.926978 0.451278
vt 0.980923 0.357847
vt 0.989084 0.353269
vt 0.983016 0.350966
vt 0.887507 0.438810
vt 0.897547 0.436898
vt 0.870571 0.444637
vt 0.783822 0.543392
vt 0.777697 0.535639
vt 0.783236 0.532557
vt 0.906097 0.436640
vt 0.792948 0.437971
vt 0.932442 0.320202
vt 0.849413 0.371683
vt 0.781616 0.392857
vt 0.858010 0.336710
vt 0.935172 0.370075
vt 0.975080 0.329244
vt 0.834338 0.890740
vt 0.810570 0.840601
vt 0.813527 0.594258
vt 0.794305 0.544385
vt 0.815556 0.804492
vt 0.820121 0.730283
vt 0.820211 0.683908
vt 0.819877 0.641728
vt 0.818980 0.767523
vt 0.785398 0.570919
vt 0.800522 0.728649
vt 0.800099 0.685264
vt 0.793434 0.606306
vt 0.798607 0.647782
vt 0.804405 0.882992
vt 0.788906 0.834932
vt 0.786094 0.538542
vt 0.798687 0.761447
vt 0.794430 0.799399
vt 0.780875 0.874852
vt 0.771192 0.829076
vt 0.763350 0.866690
vt 0.751279 0.817266
vt 0.740352 0.852255
vt 0.731896 0.802485
vt 0.776941 0.792652
vt 0.757556 0.782923
vt 0.780740 0.758171
vt 0.746446 0.745307
vt 0.762518 0.752243
vt 0.718883 0.833565
vt 0.714310 0.783053
vt 0.740353 0.769323
vt 0.732977 0.733615
vt 0.741028 0.717280
vt 0.751366 0.719976
vt 0.765818 0.724045
vt 0.782286 0.724847
vt 0.781344 0.685660
vt 0.761517 0.659042
vt 0.778696 0.651716
vt 0.764102 0.691715
vt 0.745901 0.667080
vt 0.756739 0.627354
vt 0.773462 0.616486
vt 0.740767 0.638053
vt 0.749858 0.595519
vt 0.768114 0.577030
vt 0.734158 0.607653
vt 0.754155 0.553308
vt 0.741816 0.568243
vt 0.733489 0.537621
vt 0.719647 0.553278
vt 0.724192 0.508137
vt 0.740106 0.488514
vt 0.712389 0.527066
vt 0.748534 0.694481
vt 0.731491 0.676753
vt 0.725181 0.649326
vt 0.718471 0.619177
vt 0.726119 0.581705
vt 0.704557 0.565119
vt 0.699303 0.539250
vt 0.695987 0.520477
vt 0.702864 0.502359
vt 0.713499 0.481959
vt 0.695835 0.456708
vt 0.672819 0.479350
vt 0.678495 0.440695
vt 0.655165 0.433406
vt 0.656835 0.388428
vt 0.651569 0.473291
vt 0.631798 0.391565
vt 0.632094 0.431726
vt 0.727576 0.462317
vt 0.689331 0.489234
vt 0.684178 0.516649
vt 0.649329 0.510448
vt 0.630604 0.470747
vt 0.724877 0.715176
vt 0.702765 0.704059
vt 0.717502 0.688988
vt 0.711708 0.731149
vt 0.684018 0.726727
vt 0.681483 0.782342
vt 0.698823 0.758312
vt 0.709128 0.661961
vt 0.690653 0.677486
vt 0.665470 0.748220
vt 0.672845 0.692952
vt 0.683959 0.643029
vt 0.702083 0.630787
vt 0.663873 0.656011
vt 0.652626 0.710479
vt 0.693576 0.602901
vt 0.675334 0.612078
vt 0.642422 0.668994
vt 0.656296 0.620690
vt 0.688525 0.573111
vt 0.670879 0.578819
vt 0.635567 0.629683
vt 0.652030 0.583575
vt 0.684742 0.544320
vt 0.669264 0.545881
vt 0.631177 0.588440
vt 0.649495 0.546896
vt 0.734972 0.700531
vt 0.725148 0.752240
vt 0.699222 0.810387
vt 0.629301 0.548175
vt 0.669806 0.513391
vt 0.710459 0.592948
vt 0.781234 0.551024
vt 0.777138 0.546124
vt 0.933409 0.290170
vt 0.944686 0.304734
vt 0.931930 0.304658
vt 0.922623 0.290230
vt 0.920610 0.304744
vt 0.934267 0.328365
vt 0.920610 0.304744
vt 0.932821 0.307054
vt 0.924617 0.276357
vt 0.934982 0.276388
vt 0.944686 0.290076
vt 0.692563 0.371149
vt 0.947966 0.324381
vt 0.945181 0.307428
vt 0.786037 0.543464
vt 0.784985 0.548552
vt 0.625088 0.303946
vt 0.937784 0.611917
vt 0.852196 0.379939
vt 0.948895 0.326926
vt 0.917147 0.313622
vt 0.920610 0.332675
vt 0.723348 0.419887
vt 0.944126 0.276211
vt 0.159580 0.463227
vt 0.127377 0.508069
vt 0.135987 0.444570
vt 0.104286 0.503932
vt 0.076816 0.429519
vt 0.107689 0.433507
vt 0.043004 0.430926
vt 0.043901 0.502257
vt 0.002745 0.428897
vt 0.073864 0.503653
vt 0.199371 0.507812
vt 0.176802 0.541359
vt 0.188298 0.496663
vt 0.266938 0.178187
vt 0.306178 0.238465
vt 0.306178 0.178187
vt 0.197550 0.178187
vt 0.232138 0.238465
vt 0.232138 0.178187
vt 0.266938 0.021536
vt 0.306178 0.047374
vt 0.306178 0.021536
vt 0.232138 0.021536
vt 0.197550 0.047374
vt 0.232138 0.047374
vt 0.096242 0.183779
vt 0.129969 0.125116
vt 0.093461 0.125116
vt 0.189562 0.183779
vt 0.156545 0.125116
vt 0.156545 0.183779
vt 0.142838 0.065222
vt 0.156545 0.017233
vt 0.152596 0.017233
vt 0.132916 0.239406
vt 0.098738 0.239406
vt 0.189562 0.239406
vt 0.156545 0.239406
vt 0.266938 0.123751
vt 0.232138 0.123751
vt 0.156545 0.072363
vt 0.094850 0.017233
vt 0.041950 0.042161
vt 0.064430 0.048686
vt 0.031657 0.017233
vt 0.060029 0.017233
vt 0.336752 0.123751
vt 0.358388 0.083239
vt 0.336752 0.083239
vt 0.057058 0.072945
vt 0.084204 0.068979
vt 0.128981 0.089633
vt 0.087121 0.085199
vt 0.251888 0.952657
vt 0.279551 0.914323
vt 0.277034 0.959988
vt 0.299219 0.960908
vt 0.302134 0.916201
vt 0.212874 0.935222
vt 0.238050 0.906170
vt 0.233368 0.939697
vt 0.339776 0.952920
vt 0.323663 0.915848
vt 0.344818 0.912406
vt 0.257162 0.910375
vt 0.321414 0.958374
vt 0.373547 0.939581
vt 0.391009 0.899708
vt 0.398335 0.934046
vt 0.358411 0.945893
vt 0.367565 0.907582
vt 0.197550 0.083239
vt 0.232138 0.083239
vt 0.266938 0.047374
vt 0.306178 0.083239
vt 0.375131 0.047374
vt 0.336752 0.021536
vt 0.336752 0.047374
vt 0.060679 0.125116
vt 0.118110 0.051363
vt 0.306178 0.123751
vt 0.336752 0.178187
vt 0.065577 0.183779
vt 0.069768 0.239406
vt 0.336752 0.238465
vt 0.196911 0.818205
vt 0.187095 0.903002
vt 0.181290 0.822417
vt 0.403993 0.570461
vt 0.389286 0.602226
vt 0.383929 0.583297
vt 0.070200 0.581001
vt 0.040587 0.584713
vt 0.068981 0.659209
vt 0.035554 0.656694
vt 0.032338 0.694353
vt 0.101589 0.582335
vt 0.099536 0.662799
vt 0.069115 0.711811
vt 0.122639 0.585503
vt 0.119206 0.665483
vt 0.095351 0.725725
vt 0.117916 0.734390
vt 0.093088 0.786465
vt 0.007413 0.511652
vt 0.010626 0.584233
vt 0.011706 0.654202
vt 0.010677 0.688645
vt 0.147405 0.518810
vt 0.138475 0.589416
vt 0.137816 0.667120
vt 0.138057 0.736952
vt 0.116604 0.800952
vt 0.188370 0.549988
vt 0.167710 0.598887
vt 0.181096 0.602746
vt 0.169304 0.666088
vt 0.186261 0.727912
vt 0.173230 0.731967
vt 0.208701 0.945858
vt 0.187980 0.957034
vt 0.022555 0.849636
vt 0.039389 0.886264
vt 0.025355 0.880201
vt 0.004324 0.876404
vt 0.003747 0.841860
vt 0.164513 0.896005
vt 0.133063 0.931644
vt 0.136575 0.878858
vt 0.157762 0.950091
vt 0.056482 0.898578
vt 0.045742 0.930462
vt 0.039485 0.905022
vt 0.003712 0.959981
vt 0.017931 0.978337
vt 0.003712 0.978337
vt 0.017931 0.941761
vt 0.017931 0.959981
vt 0.003712 0.941761
vt 0.017931 0.925779
vt 0.017931 0.994172
vt 0.003712 0.994172
vt 0.060043 0.928626
vt 0.072589 0.893075
vt 0.077108 0.924483
vt 0.110989 0.958574
vt 0.116385 0.915134
vt 0.120146 0.864669
vt 0.374504 0.611929
vt 0.368104 0.597130
vt 0.057895 0.861339
vt 0.487561 0.580810
vt 0.497730 0.607039
vt 0.483057 0.597808
vt 0.421064 0.585372
vt 0.404538 0.594860
vt 0.420258 0.556420
vt 0.434697 0.580130
vt 0.452037 0.553995
vt 0.465894 0.587260
vt 0.449820 0.580534
vt 0.436367 0.550965
vt 0.170932 0.994932
vt 0.004588 0.901513
vt 0.174162 0.480510
vt 0.163433 0.529362
vt 0.153021 0.593880
vt 0.152337 0.667327
vt 0.156724 0.735275
vt 0.140975 0.815326
vt 0.162778 0.822485
vt 0.019266 0.909419
vt 0.197550 0.123751
vt 0.266938 0.083239
vt 0.132058 0.975469
vt 0.030245 0.936208
vt 0.416329 0.843391
vt 0.428194 0.880767
vt 0.419570 0.885169
vt 0.474061 0.847791
vt 0.482844 0.892463
vt 0.470834 0.894437
vt 0.462791 0.847954
vt 0.463633 0.894082
vt 0.452783 0.883933
vt 0.450994 0.845827
vt 0.405625 0.846750
vt 0.411704 0.894437
vt 0.438583 0.843241
vt 0.426531 0.842333
vt 0.401418 0.893879
vt 0.394157 0.852613
vt 0.440856 0.885754
vt 0.436148 0.745594
vt 0.449926 0.755145
vt 0.436571 0.754568
vt 0.397432 0.757388
vt 0.384601 0.770890
vt 0.383654 0.754924
vt 0.423312 0.757419
vt 0.422888 0.746027
vt 0.410299 0.762468
vt 0.397434 0.767672
vt 0.450240 0.739396
vt 0.463204 0.741491
vt 0.478665 0.745485
vt 0.489327 0.767950
vt 0.477469 0.778472
vt 0.490189 0.752086
vt 0.410147 0.749920
vt 0.421375 0.611197
vt 0.405840 0.618904
vt 0.420439 0.669092
vt 0.407573 0.676454
vt 0.482044 0.615793
vt 0.494593 0.625827
vt 0.481498 0.675984
vt 0.463822 0.611585
vt 0.465163 0.670406
vt 0.449340 0.614380
vt 0.449574 0.668147
vt 0.392652 0.624805
vt 0.393607 0.683692
vt 0.434749 0.606643
vt 0.435138 0.664713
vt 0.377982 0.630694
vt 0.377662 0.687294
vt 0.449707 0.771204
vt 0.436694 0.796479
vt 0.436197 0.765682
vt 0.450049 0.799220
vt 0.386581 0.785764
vt 0.399899 0.805791
vt 0.388526 0.811612
vt 0.423292 0.769243
vt 0.424253 0.798092
vt 0.398208 0.777420
vt 0.412322 0.801565
vt 0.462749 0.774781
vt 0.462674 0.802459
vt 0.476649 0.804745
vt 0.490092 0.783139
vt 0.490010 0.808776
vt 0.410796 0.773959
vt 0.494475 0.683864
vt 0.555758 0.637168
vt 0.565668 0.617952
vt 0.565668 0.637168
vt 0.526418 0.575709
vt 0.516741 0.583598
vt 0.516741 0.575709
vt 0.545934 0.637168
vt 0.555758 0.617952
vt 0.585471 0.575709
vt 0.595078 0.583598
vt 0.585471 0.583598
vt 0.536247 0.637168
vt 0.526418 0.617952
vt 0.536247 0.617952
vt 0.555758 0.575709
vt 0.565668 0.583598
vt 0.555758 0.583598
vt 0.595078 0.637168
vt 0.585471 0.617952
vt 0.595078 0.617952
vt 0.575437 0.583598
vt 0.575437 0.575709
vt 0.341205 0.849503
vt 0.319836 0.790620
vt 0.337361 0.784632
vt 0.360457 0.842529
vt 0.354590 0.778689
vt 0.225188 0.834625
vt 0.251602 0.781710
vt 0.244576 0.842491
vt 0.263574 0.849472
vt 0.284203 0.793410
vt 0.282784 0.854565
vt 0.301854 0.793921
vt 0.302426 0.856630
vt 0.380172 0.835238
vt 0.371132 0.774681
vt 0.267513 0.788250
vt 0.321935 0.854760
vt 0.318870 0.753377
vt 0.335399 0.748562
vt 0.254950 0.759690
vt 0.237763 0.753687
vt 0.255453 0.736281
vt 0.285535 0.770837
vt 0.270652 0.741834
vt 0.285699 0.748725
vt 0.301880 0.753585
vt 0.302115 0.773672
vt 0.368008 0.754393
vt 0.350905 0.740743
vt 0.365879 0.733732
vt 0.268753 0.766155
vt 0.318834 0.710709
vt 0.332571 0.709442
vt 0.346949 0.701325
vt 0.242180 0.690821
vt 0.259571 0.683652
vt 0.289909 0.698022
vt 0.304918 0.706421
vt 0.362066 0.691813
vt 0.274640 0.688274
vt 0.352475 0.759548
vt 0.240110 0.733009
vt 0.236141 0.774571
vt 0.215055 0.899095
vt 0.080347 0.832497
vt 0.103503 0.802808
vt 0.109436 0.832069
vt 0.078020 0.890573
vt 0.106322 0.913582
vt 0.085684 0.917416
vt 0.081139 0.853634
vt 0.115370 0.884017
vt 0.111829 0.852604
vt 0.550811 0.731215
vt 0.545715 0.780345
vt 0.537438 0.748518
vt 0.590112 0.936979
vt 0.562937 0.924514
vt 0.576771 0.918999
vt 0.594991 0.874416
vt 0.600605 0.911033
vt 0.581350 0.875264
vt 0.537763 0.699226
vt 0.526997 0.724144
vt 0.610909 0.862673
vt 0.570311 0.981653
vt 0.599949 0.960747
vt 0.571621 0.705272
vt 0.561348 0.773386
vt 0.614560 0.917184
vt 0.542254 0.941421
vt 0.568367 0.946832
vt 0.585156 0.758965
vt 0.577330 0.823530
vt 0.485801 0.983792
vt 0.512608 0.933590
vt 0.516947 0.983792
vt 0.538365 0.983467
vt 0.594302 0.797046
vt 0.556522 0.665555
vt 0.583723 0.898396
vt 0.570412 0.905618
vt 0.575197 0.890493
vt 0.564003 0.877369
vt 0.556801 0.841450
vt 0.557369 0.818530
vt 0.487322 0.932036
vt 0.509558 0.903318
vt 0.532658 0.910498
vt 0.549466 0.856077
vt 0.530507 0.859075
vt 0.536475 0.837385
vt 0.558094 0.895365
vt 0.541213 0.897006
vt 0.519231 0.869380
vt 0.543814 0.876287
vt 0.535072 0.812683
vt 0.516337 0.745524
vt 0.530037 0.789726
vt 0.525395 0.767426
vt 0.491191 0.899261
vt 0.506620 0.870114
vt 0.469803 0.570670
vt 0.369200 0.444646
vt 0.372929 0.442750
vt 0.371090 0.443790
vt 0.351389 0.445294
vt 0.354408 0.445928
vt 0.352551 0.446042
vt 0.385833 0.440693
vt 0.388097 0.440600
vt 0.386540 0.440907
vt 0.276890 0.402789
vt 0.279863 0.405195
vt 0.275013 0.405693
vt 0.294070 0.401411
vt 0.297796 0.404536
vt 0.293134 0.404195
vt 0.311314 0.401956
vt 0.314652 0.403989
vt 0.310954 0.404023
vt 0.386405 0.421192
vt 0.341284 0.423734
vt 0.352764 0.423130
vt 0.324716 0.403721
vt 0.322890 0.423727
vt 0.322516 0.405928
vt 0.368230 0.443984
vt 0.369143 0.421254
vt 0.266741 0.429901
vt 0.265225 0.408385
vt 0.278869 0.429160
vt 0.389701 0.439924
vt 0.397574 0.418426
vt 0.397910 0.436750
vt 0.263035 0.426278
vt 0.261331 0.406050
vt 0.341188 0.444362
vt 0.338171 0.425885
vt 0.312532 0.423679
vt 0.295777 0.428712
vt 0.355575 0.445057
vt 0.400653 0.436389
vt 0.400492 0.418756
vt 0.280999 0.490979
vt 0.297423 0.520621
vt 0.282544 0.522793
vt 0.275211 0.520248
vt 0.270057 0.490761
vt 0.270413 0.512511
vt 0.265360 0.484161
vt 0.322278 0.481743
vt 0.321215 0.504587
vt 0.319258 0.515552
vt 0.367557 0.360751
vt 0.379174 0.325152
vt 0.383489 0.357223
vt 0.312050 0.485062
vt 0.311891 0.517179
vt 0.415130 0.301377
vt 0.421652 0.314436
vt 0.421915 0.289810
vt 0.389297 0.323573
vt 0.394334 0.354950
vt 0.429699 0.321042
vt 0.432635 0.333867
vt 0.435377 0.318335
vt 0.350956 0.333603
vt 0.366368 0.327348
vt 0.297059 0.491415
vt 0.392421 0.329952
vt 0.397487 0.360394
vt 0.396083 0.390249
vt 0.399421 0.392596
vt 0.312290 0.453219
vt 0.296540 0.457554
vt 0.368505 0.395149
vt 0.351358 0.383175
vt 0.338627 0.399813
vt 0.341498 0.395717
vt 0.410136 0.288801
vt 0.416321 0.274299
vt 0.411369 0.273064
vt 0.385112 0.392555
vt 0.431833 0.307895
vt 0.323009 0.451186
vt 0.325477 0.446190
vt 0.265299 0.452528
vt 0.268635 0.458099
vt 0.279973 0.457863
vt 0.440384 0.483914
vt 0.428083 0.483587
vt 0.433734 0.472493
vt 0.422086 0.500367
vt 0.432233 0.506312
vt 0.439814 0.455237
vt 0.448251 0.463080
vt 0.299332 0.557253
vt 0.284667 0.560036
vt 0.379606 0.295205
vt 0.386247 0.291948
vt 0.314456 0.556087
vt 0.424141 0.531246
vt 0.279496 0.535919
vt 0.351540 0.296340
vt 0.367193 0.285890
vt 0.317208 0.540376
vt 0.397873 0.272682
vt 0.367201 0.550096
vt 0.362425 0.561833
vt 0.361870 0.550093
vt 0.277681 0.279747
vt 0.280510 0.290664
vt 0.277770 0.292190
vt 0.286258 0.290376
vt 0.288321 0.279165
vt 0.288931 0.291624
vt 0.369776 0.547811
vt 0.367318 0.561878
vt 0.359399 0.547824
vt 0.280198 0.272713
vt 0.281670 0.356364
vt 0.288714 0.352904
vt 0.288862 0.355806
vt 0.280867 0.311904
vt 0.287220 0.314295
vt 0.280921 0.314674
vt 0.359626 0.493478
vt 0.356381 0.488077
vt 0.359338 0.484590
vt 0.361096 0.531291
vt 0.358277 0.525758
vt 0.360888 0.524551
vt 0.369589 0.487463
vt 0.366346 0.493194
vt 0.366157 0.484255
vt 0.369715 0.525553
vt 0.366945 0.531211
vt 0.366791 0.524439
vt 0.291897 0.352131
vt 0.292136 0.357026
vt 0.289995 0.312165
vt 0.290143 0.316180
vt 0.278261 0.353170
vt 0.278301 0.358108
vt 0.277879 0.312884
vt 0.277961 0.316924
vt 0.280867 0.308881
vt 0.286941 0.308530
vt 0.361342 0.537289
vt 0.358629 0.532789
vt 0.367030 0.537237
vt 0.369740 0.532650
vt 0.289766 0.308408
vt 0.277894 0.309093
vt 0.363230 0.567837
vt 0.285525 0.272486
vt 0.280570 0.267547
vt 0.285069 0.267323
vt 0.369778 0.558524
vt 0.367301 0.567929
vt 0.359983 0.558372
vt 0.287116 0.311536
vt 0.369772 0.529222
vt 0.358415 0.529394
vt 0.359950 0.502338
vt 0.366512 0.502104
vt 0.278220 0.348048
vt 0.281633 0.350273
vt 0.291648 0.347054
vt 0.288546 0.349755
vt 0.369618 0.496888
vt 0.356852 0.497391
vt 0.281653 0.353443
vt 0.356613 0.492658
vt 0.369603 0.492100
vt 0.365629 0.468618
vt 0.359029 0.469019
vt 0.282480 0.379099
vt 0.279157 0.378151
vt 0.289345 0.378501
vt 0.292427 0.377001
vt 0.368859 0.468427
vt 0.356087 0.469203
vt 0.282483 0.399110
vt 0.290502 0.398344
vt 0.355605 0.451207
vt 0.357921 0.450465
vt 0.368500 0.450190
vt 0.365695 0.449883
vt 0.293062 0.395869
vt 0.279749 0.396980
vt 0.346540 0.555406
vt 0.341789 0.544077
vt 0.346694 0.544430
vt 0.256024 0.288402
vt 0.258650 0.298723
vt 0.256634 0.300170
vt 0.264155 0.298004
vt 0.266219 0.287015
vt 0.267337 0.298768
vt 0.349581 0.542607
vt 0.342040 0.555043
vt 0.340012 0.541934
vt 0.262869 0.281074
vt 0.262163 0.361011
vt 0.268801 0.357211
vt 0.269059 0.359959
vt 0.259934 0.321457
vt 0.265759 0.318012
vt 0.265969 0.320621
vt 0.341293 0.491183
vt 0.339000 0.485966
vt 0.341296 0.482862
vt 0.341593 0.526535
vt 0.339632 0.521301
vt 0.341606 0.520248
vt 0.351233 0.486276
vt 0.347498 0.491366
vt 0.347597 0.483006
vt 0.350196 0.521869
vt 0.346981 0.526847
vt 0.347047 0.520536
vt 0.272516 0.356083
vt 0.272936 0.360729
vt 0.269147 0.318196
vt 0.269444 0.322001
vt 0.259426 0.358065
vt 0.259652 0.362762
vt 0.257525 0.319798
vt 0.257757 0.323629
vt 0.259676 0.315963
vt 0.265496 0.315167
vt 0.341661 0.532135
vt 0.339748 0.527880
vt 0.346899 0.532462
vt 0.350005 0.528486
vt 0.268783 0.314643
vt 0.257396 0.316198
vt 0.343088 0.560843
vt 0.258208 0.276670
vt 0.262518 0.276101
vt 0.257768 0.281710
vt 0.349303 0.552584
vt 0.346838 0.561197
vt 0.340279 0.551797
vt 0.259772 0.318836
vt 0.350138 0.525293
vt 0.339652 0.524701
vt 0.341355 0.499476
vt 0.347411 0.499695
vt 0.259191 0.353195
vt 0.261923 0.355218
vt 0.272081 0.351266
vt 0.268552 0.354221
vt 0.350974 0.495095
vt 0.339159 0.494712
vt 0.262031 0.358237
vt 0.339078 0.490269
vt 0.351106 0.490616
vt 0.341483 0.468280
vt 0.347589 0.468348
vt 0.263829 0.382576
vt 0.261241 0.381792
vt 0.270414 0.381521
vt 0.273986 0.379756
vt 0.351135 0.468394
vt 0.339290 0.468262
vt 0.264483 0.401651
vt 0.272209 0.400405
vt 0.338375 0.451341
vt 0.340914 0.450831
vt 0.351530 0.451363
vt 0.348112 0.450810
vt 0.275478 0.397513
vt 0.261442 0.399887
vt 0.386822 0.536544
vt 0.382615 0.547590
vt 0.381891 0.536883
vt 0.299790 0.293778
vt 0.302419 0.303827
vt 0.299424 0.304703
vt 0.307486 0.303861
vt 0.309188 0.293799
vt 0.309296 0.304764
vt 0.388728 0.534617
vt 0.387144 0.547314
vt 0.379109 0.535290
vt 0.302612 0.288001
vt 0.301556 0.359410
vt 0.307858 0.361873
vt 0.301475 0.362007
vt 0.302095 0.322558
vt 0.307616 0.324982
vt 0.302050 0.325001
vt 0.378474 0.485395
vt 0.374763 0.480903
vt 0.377974 0.477307
vt 0.380734 0.519795
vt 0.377499 0.515228
vt 0.380365 0.513674
vt 0.387017 0.479565
vt 0.384693 0.484738
vt 0.384286 0.476603
vt 0.388105 0.514333
vt 0.386146 0.519358
vt 0.385828 0.513208
vt 0.310063 0.358569
vt 0.310125 0.362949
vt 0.309606 0.322960
vt 0.309614 0.326523
vt 0.297918 0.358805
vt 0.297796 0.363215
vt 0.298864 0.322987
vt 0.298808 0.326568
vt 0.307535 0.319876
vt 0.302170 0.319882
vt 0.381097 0.525252
vt 0.378007 0.521624
vt 0.386359 0.524847
vt 0.388309 0.520802
vt 0.309518 0.319625
vt 0.298998 0.319634
vt 0.383036 0.553391
vt 0.307300 0.288067
vt 0.302836 0.283299
vt 0.306802 0.283327
vt 0.388961 0.544406
vt 0.386813 0.553209
vt 0.379878 0.544899
vt 0.307616 0.322545
vt 0.388252 0.517675
vt 0.377721 0.518539
vt 0.385047 0.492860
vt 0.378974 0.493467
vt 0.298046 0.354236
vt 0.301608 0.356583
vt 0.309998 0.354029
vt 0.307740 0.356470
vt 0.387285 0.488175
vt 0.375442 0.489395
vt 0.307820 0.359287
vt 0.375097 0.485080
vt 0.387149 0.483801
vt 0.377390 0.462923
vt 0.383649 0.461526
vt 0.301556 0.382450
vt 0.297940 0.381221
vt 0.307825 0.382826
vt 0.310072 0.382081
vt 0.386112 0.460925
vt 0.374024 0.463611
vt 0.300594 0.400435
vt 0.308933 0.400575
vt 0.372483 0.447088
vt 0.376535 0.445777
vt 0.383957 0.444245
vt 0.385732 0.444133
vt 0.310427 0.398955
vt 0.297238 0.398327
vt 0.404488 0.520080
vt 0.400650 0.530452
vt 0.399835 0.520643
vt 0.318429 0.310879
vt 0.320911 0.320082
vt 0.317789 0.320408
vt 0.325435 0.320279
vt 0.326833 0.311208
vt 0.326627 0.320790
vt 0.405888 0.518534
vt 0.404923 0.529964
vt 0.396800 0.519642
vt 0.321398 0.306192
vt 0.318827 0.369189
vt 0.324372 0.371624
vt 0.318662 0.371692
vt 0.320182 0.336511
vt 0.325058 0.338823
vt 0.320078 0.338654
vt 0.395672 0.473405
vt 0.391599 0.469355
vt 0.394891 0.465172
vt 0.398448 0.505054
vt 0.394884 0.501350
vt 0.397977 0.499477
vt 0.403073 0.467872
vt 0.401539 0.472617
vt 0.400694 0.464451
vt 0.404909 0.500001
vt 0.403556 0.504381
vt 0.403134 0.498777
vt 0.326001 0.368334
vt 0.325849 0.372508
vt 0.326466 0.336799
vt 0.326387 0.339939
vt 0.315080 0.368309
vt 0.314863 0.372646
vt 0.316830 0.336463
vt 0.316690 0.339616
vt 0.325098 0.334326
vt 0.320300 0.334153
vt 0.398879 0.510038
vt 0.395490 0.507185
vt 0.403846 0.509401
vt 0.405227 0.505914
vt 0.326469 0.333859
vt 0.317034 0.333515
vt 0.400747 0.536103
vt 0.325578 0.306403
vt 0.321503 0.301903
vt 0.325043 0.302058
vt 0.406260 0.527505
vt 0.404315 0.535740
vt 0.397678 0.528426
vt 0.325120 0.336684
vt 0.405112 0.503054
vt 0.395159 0.504373
vt 0.402045 0.480170
vt 0.396311 0.481021
vt 0.315307 0.364044
vt 0.318935 0.366531
vt 0.326068 0.364264
vt 0.324443 0.366609
vt 0.403629 0.476068
vt 0.392429 0.477758
vt 0.324451 0.369181
vt 0.392011 0.473598
vt 0.403399 0.472022
vt 0.399326 0.454359
vt 0.394033 0.455078
vt 0.318002 0.387339
vt 0.314672 0.386295
vt 0.323091 0.387202
vt 0.324550 0.386034
vt 0.401155 0.454474
vt 0.390802 0.455840
vt 0.322829 0.400159
vt 0.317114 0.400172
vt 0.389318 0.443873
vt 0.392560 0.442783
vt 0.400573 0.441961
vt 0.398545 0.441760
vt 0.324476 0.398372
vt 0.313759 0.398396
vt 0.462713 0.281518
vt 0.457661 0.272682
vt 0.457639 0.282467
vt 0.421852 0.392014
vt 0.426680 0.401753
vt 0.421484 0.401760
vt 0.460339 0.300771
vt 0.462892 0.288873
vt 0.458396 0.291786
vt 0.417934 0.389345
vt 0.416595 0.401493
vt 0.429284 0.384648
vt 0.431699 0.400675
vt 0.428107 0.422732
vt 0.433198 0.420225
vt 0.433630 0.422728
vt 0.417719 0.421153
vt 0.422532 0.423993
vt 0.418143 0.430598
vt 0.449260 0.298078
vt 0.445941 0.288819
vt 0.446741 0.299623
vt 0.450266 0.308860
vt 0.427698 0.419991
vt 0.447961 0.275710
vt 0.443600 0.278340
vt 0.427513 0.417211
vt 0.432993 0.417760
vt 0.417172 0.413172
vt 0.422097 0.416682
vt 0.450812 0.286227
vt 0.451341 0.296666
vt 0.452666 0.307267
vt 0.451858 0.274087
vt 0.463785 0.273551
vt 0.467505 0.285206
vt 0.468870 0.278009
vt 0.424994 0.387868
vt 0.426996 0.378371
vt 0.423061 0.382809
vt 0.466810 0.291905
vt 0.448432 0.287633
vt 0.422301 0.420179
vt 0.451527 0.308193
vt 0.337852 0.445484
vt 0.278831 0.402584
vt 0.296018 0.401944
vt 0.312782 0.401915
vt 0.436239 0.439600
vt 0.429109 0.437309
vt 0.434827 0.432734
vt 0.442763 0.300638
vt 0.441988 0.311256
vt 0.445436 0.310823
vt 0.432863 0.289873
vt 0.435361 0.304056
vt 0.439680 0.301330
vt 0.428073 0.277694
vt 0.425610 0.288721
vt 0.425372 0.459979
vt 0.421075 0.476801
vt 0.420170 0.462718
vt 0.432498 0.463316
vt 0.431078 0.449823
vt 0.427764 0.475729
vt 0.421635 0.276557
vt 0.437926 0.448170
vt 0.438177 0.314590
vt 0.421467 0.489026
vt 0.423615 0.443506
vt 0.418727 0.446888
vt 0.438165 0.289820
vt 0.435703 0.277915
vt 0.040578 0.405415
vt 0.040578 0.366913
vt 0.003118 0.366913
vt 0.237786 0.405415
vt 0.206936 0.366913
vt 0.237786 0.366913
vt 0.181564 0.405415
vt 0.158359 0.366913
vt 0.181564 0.366913
vt 0.040578 0.405415
vt 0.058391 0.366913
vt 0.086958 0.405415
vt 0.102847 0.366913
vt 0.086958 0.366913
vt 0.130052 0.405415
vt 0.130052 0.366913
vt 0.181597 0.405415
vt 0.181597 0.366913
vt 0.130052 0.405415
vt 0.129944 0.335111
vt 0.102599 0.296356
vt 0.086958 0.405415
vt 0.058391 0.366913
vt 0.003118 0.366913
vt 0.003118 0.405415
vt 0.040834 0.335111
vt 0.058516 0.296356
vt 0.130014 0.335111
vt 0.158040 0.296356
vt 0.087113 0.335111
vt 0.102707 0.296356
vt 0.181401 0.335111
vt 0.157979 0.296356
vt 0.206523 0.296356
vt 0.086997 0.335111
vt 0.237579 0.335111
vt 0.040827 0.335111
vt 0.058336 0.296356
vt 0.003118 0.296356
vt 0.331822 0.685809
vt 0.316100 0.609559
vt 0.327122 0.607970
vt 0.345214 0.677881
vt 0.338170 0.604217
vt 0.261857 0.662637
vt 0.260004 0.599212
vt 0.271405 0.601567
vt 0.276446 0.667127
vt 0.293621 0.607461
vt 0.291009 0.675966
vt 0.304973 0.609371
vt 0.305150 0.683605
vt 0.358864 0.668098
vt 0.348920 0.599212
vt 0.282392 0.604506
vt 0.318541 0.687266
vt 0.575437 0.617952
vt 0.545934 0.617952
vt 0.536247 0.583598
vt 0.545935 0.583598
vt 0.526418 0.583598
vt 0.536247 0.575709
vt 0.526418 0.637168
vt 0.516741 0.617952
vt 0.565668 0.575709
vt 0.575437 0.637168
vt 0.545935 0.575709
vt 0.585471 0.637168
vt 0.131460 0.183779
vt 0.266938 0.238465
vt 0.189562 0.017233
vt 0.189562 0.082337
vt 0.120989 0.017233
vt 0.022811 0.784236
vt 0.003509 0.755931
vt 0.023896 0.759309
vt 0.005537 0.729538
vt 0.025957 0.737447
vt 0.027307 0.714538
vt 0.008483 0.704552
vt 0.043722 0.816476
vt 0.044825 0.765987
vt 0.059235 0.797421
vt 0.058326 0.822889
vt 0.046353 0.727865
vt 0.045134 0.746483
vt 0.061279 0.746363
vt 0.044428 0.788942
vt 0.059968 0.773044
vt 0.074648 0.805876
vt 0.072997 0.850491
vt 0.245440 0.667484
vt 0.197550 0.021536
vt 0.008997 0.032595
vt 0.180961 0.664488
vt 0.204731 0.902641
vt 0.002423 0.925779
vt 0.502782 0.590567
vt 0.150321 0.985136
vt 0.485996 0.849801
vt 0.595078 0.575709
vt 0.084868 0.802808
vt 0.324523 0.475414
vt 0.353129 0.355580
vt 0.325162 0.420593
vt 0.516741 0.637168
vt 0.002745 0.784845
vt 0.992483 0.013251
vt 0.417021 0.866434
vt 0.041083 0.595071
vt 0.030217 0.556384
vt 0.046895 0.561812
vt 0.047244 0.611490
vt 0.079441 1.032927
vt 0.055122 0.555103
vt 0.041056 0.585902
vt 0.051339 0.581505
vt 0.061609 0.563794
vt 0.918109 0.297901
vt 0.629365 0.509283
vt 0.197550 0.238465
vt 0.387755 0.021536
vt 0.494368 0.869130
vt 0.416595 0.529334
s 1
usemtl char_body_mat
f 17/1/1 14/2/2 1/3/3
f 32/4/4 7/5/5 16/6/6
f 32/4/4 12/7/7 28/8/8
f 28/8/8 5/9/9 21/10/10
f 26/11/11 1/3/3 10/12/12
f 30/13/13 3/14/14 14/2/2
f 23/15/15 10/16/12 7/5/5
f 21/10/10 3/14/14 19/17/16
f 6/18/17 20/19/18 4/20/19
f 22/21/20 19/17/16 20/19/18
f 8/22/21 25/23/22 24/24/23
f 24/24/23 26/25/11 23/15/15
f 13/26/24 20/19/18 29/27/25
f 29/27/25 19/17/16 30/13/13
f 9/28/26 18/29/27 25/30/22
f 25/30/22 17/1/1 26/11/11
f 11/31/28 22/21/20 6/18/17
f 27/32/29 21/10/10 22/21/20
f 15/33/30 27/32/29 11/31/28
f 31/34/31 28/8/8 27/32/29
f 8/22/21 31/34/31 15/33/30
f 24/24/23 32/4/4 31/34/31
f 2/35/32 29/27/25 18/29/27
f 18/29/27 30/13/13 17/1/1
f 11/36/28 6/37/17 15/38/30
f 15/38/30 6/37/17 8/39/21
f 6/37/17 4/40/19 8/39/21
f 8/39/21 4/40/19 9/41/26
f 4/40/19 13/42/24 9/41/26
f 2/43/32 9/41/26 13/42/24
f 12/38/7 16/36/6 5/39/9
f 5/39/9 16/36/6 3/41/14
f 16/36/6 7/37/5 3/41/14
f 3/41/14 7/37/5 14/43/2
f 7/37/5 10/40/12 14/43/2
f 14/43/2 10/40/12 1/42/3
f 46/44/33 35/45/34 45/46/35
f 41/47/36 40/48/37 39/45/38
f 47/46/39 38/49/40 37/50/41
f 43/51/42 34/49/43 33/50/44
f 47/46/39 43/51/42 50/52/45
f 46/44/33 44/53/46 49/54/47
f 48/44/48 44/53/46 38/49/40
f 45/46/35 43/51/42 33/50/44
f 38/49/40 43/51/42 37/50/41
f 36/48/49 41/47/36 35/45/34
f 35/45/34 50/52/45 45/46/35
f 40/48/37 49/54/47 48/44/48
f 36/48/49 49/54/47 42/55/50
f 39/45/38 50/52/45 41/47/36
f 39/45/38 48/44/48 47/46/39
f 34/49/43 45/46/35 33/50/44
f 62/44/51 53/45/52 61/46/53
f 58/47/54 57/48/55 56/45/56
f 63/46/57 55/49/58 33/50/59
f 43/51/60 52/49/61 51/50/62
f 63/46/57 43/51/60 66/52/63
f 62/44/51 60/53/64 65/54/65
f 64/44/66 60/53/64 55/49/58
f 61/46/53 43/51/60 51/50/62
f 33/50/59 60/53/64 43/51/60
f 54/48/67 58/47/54 53/45/52
f 53/45/52 66/52/63 61/46/53
f 57/48/55 65/54/65 64/44/66
f 54/48/67 65/54/65 59/55/68
f 56/45/56 66/52/63 58/47/54
f 56/45/56 64/44/66 63/46/57
f 52/49/61 61/46/53 51/50/62
f 689/437/402 411/438/403 690/439/404
f 690/439/404 410/440/405 691/441/406
f 695/442/407 405/443/408 406/444/409
f 695/442/407 414/445/410 413/446/411
f 410/440/405 417/447/412 416/448/413
f 411/438/403 418/449/414 417/447/412
f 410/440/405 692/450/415 691/441/406
f 413/446/411 420/451/416 419/452/417
f 407/453/418 697/454/419 696/455/420
f 405/443/408 699/456/421 698/457/422
f 430/458/423 424/459/424 431/460/425
f 431/460/425 426/461/426 434/462/427
f 436/463/428 427/464/429 425/465/430
f 435/466/431 439/467/432 436/463/428
f 473/468/433 517/469/434 474/470/435
f 433/471/436 425/472/430 423/473/437
f 433/471/436 435/474/431 436/475/428
f 432/476/438 434/462/427 435/474/431
f 428/477/439 423/473/437 421/478/440
f 428/477/439 432/476/438 433/471/436
f 430/458/423 432/476/438 429/479/441
f 423/473/437 442/480/442 441/481/443
f 421/478/440 441/481/443 440/482/444
f 425/465/430 443/483/445 442/484/442
f 442/484/442 443/483/445 444/485/446
f 440/482/444 441/481/443 444/486/446
f 441/481/443 442/480/442 444/486/446
f 443/483/445 449/487/447 444/485/446
f 437/488/448 447/489/449 438/490/450
f 438/490/450 446/491/451 439/467/432
f 427/464/429 449/487/447 443/483/445
f 439/467/432 445/492/452 427/464/429
f 451/493/453 459/494/454 458/495/455
f 453/496/456 462/497/457 459/494/454
f 454/498/458 464/499/459 466/500/460
f 464/499/459 465/501/461 466/500/460
f 452/502/462 464/503/459 454/504/458
f 461/505/463 463/506/464 464/503/459
f 460/507/465 462/497/457 463/506/464
f 456/508/466 452/502/462 450/509/467
f 456/508/466 460/507/465 461/505/463
f 457/510/468 459/494/454 460/507/465
f 452/502/462 469/511/469 468/512/470
f 450/509/467 468/512/470 467/513/471
f 467/513/471 468/512/470 470/514/472
f 468/512/470 469/511/469 470/514/472
f 469/515/469 475/516/473 470/517/472
f 465/501/461 472/518/474 466/500/460
f 454/498/458 475/516/473 469/515/469
f 466/500/460 471/519/475 454/498/458
f 458/495/455 477/520/476 451/493/453
f 434/462/427 477/520/476 479/521/477
f 478/522/478 483/523/479 482/524/480
f 483/523/479 435/466/431 482/524/480
f 476/525/481 482/526/480 481/527/482
f 481/527/482 435/474/431 480/528/483
f 480/528/483 434/462/427 479/521/477
f 476/525/481 456/508/466 450/509/467
f 456/508/466 480/528/483 457/510/468
f 457/510/468 479/521/477 458/495/455
f 476/525/481 485/529/484 478/530/478
f 450/509/467 484/531/485 476/525/481
f 467/513/471 470/514/472 484/531/485
f 484/531/485 470/514/472 485/529/484
f 485/532/484 470/517/472 475/516/473
f 473/468/433 437/488/448 438/490/450
f 472/518/474 438/490/450 483/523/479
f 478/522/478 475/516/473 471/519/475
f 471/519/475 483/523/479 478/522/478
f 487/533/486 495/534/487 494/535/488
f 489/536/489 498/537/490 495/534/487
f 490/538/491 500/539/492 503/540/493
f 500/539/492 502/541/494 503/540/493
f 499/542/495 501/543/496 502/541/494
f 488/544/497 500/545/492 490/546/491
f 497/547/498 499/548/495 500/545/492
f 495/534/487 499/548/495 496/549/499
f 492/550/500 488/544/497 486/551/501
f 493/552/502 497/547/498 492/550/500
f 494/535/488 496/549/499 493/552/502
f 488/544/497 506/553/503 505/554/504
f 486/551/501 505/554/504 504/555/505
f 504/555/505 505/554/504 507/556/506
f 505/554/504 506/553/503 507/556/506
f 506/557/503 512/558/507 507/559/506
f 502/541/494 511/560/508 510/561/509
f 503/540/493 510/561/509 509/562/510
f 490/538/491 512/558/507 506/557/503
f 503/540/493 508/563/511 490/538/491
f 494/535/488 455/564/512 487/533/486
f 514/565/513 518/566/514 516/567/515
f 518/566/514 465/501/461 516/567/515
f 513/568/516 516/567/515 515/569/517
f 515/569/517 465/501/461 463/570/464
f 513/571/516 492/550/500 486/551/501
f 492/550/500 463/506/464 493/552/502
f 493/552/502 462/497/457 494/535/488
f 513/568/516 520/572/518 514/565/513
f 486/551/501 519/573/519 513/571/516
f 504/555/505 507/556/506 519/573/519
f 519/574/519 507/559/506 520/572/518
f 520/572/518 507/559/506 512/558/507
f 510/561/509 474/470/435 517/469/434
f 518/566/514 510/561/509 517/469/434
f 514/565/513 512/558/507 508/563/511
f 508/563/511 518/566/514 514/565/513
f 529/575/520 573/576/521 575/577/522
f 563/578/523 527/579/524 558/580/525
f 564/581/526 532/582/527 561/583/528
f 579/584/529 521/585/530 576/586/531
f 557/587/532 491/588/533 559/589/534
f 559/589/534 523/590/535 560/591/536
f 561/583/528 556/592/537 565/593/538
f 534/594/539 574/595/540 524/596/541
f 521/597/530 536/598/542 537/599/543
f 568/600/544 550/601/545 570/602/546
f 571/603/547 532/604/527 551/605/548
f 576/606/531 537/599/543 578/607/549
f 572/608/550 532/604/527 567/609/551
f 538/610/552 534/611/539 524/612/541
f 566/613/553 501/543/496 570/602/546
f 548/614/554 535/615/555 501/543/496
f 549/616/556 537/599/543 550/601/545
f 530/617/557 578/607/549 577/618/558
f 531/619/559 553/620/560 552/621/561
f 531/619/559 555/622/562 539/623/563
f 530/617/557 534/611/539 538/610/552
f 501/543/496 540/624/564 511/560/508
f 536/598/542 543/625/565 537/599/543
f 522/626/566 542/627/567 536/598/542
f 405/443/408 573/576/521 528/628/568
f 562/629/569 528/628/568 560/591/536
f 527/630/524 549/616/556 550/601/545
f 570/602/546 537/599/543 566/613/553
f 529/575/520 563/578/523 557/587/532
f 552/621/561 535/615/555 525/631/570
f 568/600/544 551/605/548 527/630/524
f 558/580/525 551/632/548 564/581/526
f 554/633/571 565/593/538 533/634/572
f 556/635/537 572/608/550 533/636/572
f 555/622/562 554/637/571 533/636/572
f 525/638/570 564/581/526 552/639/561
f 498/537/490 563/578/523 548/640/554
f 547/641/573 706/642/574 701/643/575
f 531/644/559 565/593/538 554/633/571
f 526/645/576 560/591/536 528/628/568
f 529/575/520 559/589/534 526/645/576
f 552/639/561 561/583/528 531/644/559
f 548/640/554 558/580/525 525/638/570
f 535/615/555 571/603/547 568/600/544
f 537/599/543 569/646/577 566/613/553
f 539/623/563 572/608/550 567/609/551
f 553/620/560 567/609/551 571/603/547
f 501/543/496 568/600/544 570/602/546
f 533/636/572 572/608/550 555/622/562
f 533/634/572 565/593/538 556/592/537
f 577/647/558 575/577/522 579/584/529
f 575/577/522 522/648/566 521/585/530
f 574/595/540 534/594/539 530/649/557
f 530/649/557 579/584/529 574/595/540
f 577/618/558 537/599/543 529/650/520
f 524/612/541 578/607/549 538/610/552
f 574/595/540 576/586/531 524/596/541
f 498/651/490 548/614/554 501/543/496
f 511/560/508 540/624/564 474/470/435
f 540/624/564 566/613/553 569/646/577
f 422/652/578 581/653/579 424/459/424
f 489/536/489 587/654/580 588/655/581
f 424/459/424 582/656/582 426/461/426
f 491/588/533 588/655/581 523/590/535
f 477/520/476 583/657/583 451/493/453
f 451/493/453 584/658/584 453/496/456
f 487/533/486 585/659/585 587/654/580
f 426/461/426 586/660/586 477/520/476
f 453/496/456 585/659/585 455/564/512
f 587/654/580 597/661/587 588/655/581
f 584/658/584 592/662/588 593/663/589
f 585/659/585 596/664/590 587/654/580
f 584/658/584 594/665/591 585/659/585
f 580/666/592 590/667/593 581/653/579
f 588/655/581 704/668/594 523/590/535
f 582/656/582 595/669/595 586/660/586
f 583/657/583 595/669/595 592/662/588
f 581/653/579 591/670/596 582/656/582
f 589/671/597 623/672/598 590/667/593
f 620/673/599 624/674/600 623/672/598
f 621/675/601 625/676/602 624/674/600
f 590/667/593 626/677/603 591/670/596
f 624/674/600 626/677/603 623/672/598
f 625/676/602 627/678/604 624/674/600
f 591/670/596 629/679/605 595/669/595
f 627/678/604 629/679/605 626/677/603
f 627/678/604 631/680/606 630/681/607
f 622/682/608 601/683/609 625/676/602
f 601/683/609 628/684/610 625/676/602
f 628/684/610 603/685/611 631/680/606
f 631/680/606 599/686/612 604/687/613
f 630/681/607 604/687/613 605/688/614
f 629/679/605 605/688/614 606/689/615
f 629/679/605 592/662/588 595/669/595
f 632/690/616 594/665/591 593/663/589
f 632/690/616 636/691/617 635/692/618
f 633/693/619 637/694/620 636/691/617
f 635/692/618 596/664/590 594/665/591
f 635/692/618 639/695/621 638/696/622
f 636/691/617 640/697/623 639/695/621
f 638/696/622 597/661/587 596/664/590
f 638/696/622 642/698/624 641/699/625
f 639/695/621 643/700/626 642/698/624
f 642/698/624 644/701/627 641/699/625
f 643/700/626 645/702/628 642/698/624
f 644/701/627 647/703/629 562/629/569
f 645/702/628 648/704/630 647/703/629
f 562/629/569 649/705/631 545/706/632
f 647/703/629 650/707/633 649/705/631
f 606/689/615 593/663/589 592/662/588
f 606/689/615 633/693/619 632/690/616
f 604/687/613 633/693/619 605/688/614
f 599/686/612 634/708/634 604/687/613
f 634/708/634 608/709/635 637/694/620
f 637/694/620 609/710/636 640/697/623
f 640/697/623 610/711/637 643/700/626
f 610/711/637 646/712/638 643/700/626
f 646/712/638 612/713/639 648/704/630
f 648/704/630 613/714/640 650/707/633
f 650/707/633 598/715/641 614/716/642
f 649/705/631 614/716/642 615/717/643
f 651/718/644 407/453/418 406/444/409
f 651/718/644 654/719/645 653/720/646
f 407/453/418 655/721/647 408/722/648
f 653/720/646 656/723/649 655/721/647
f 655/721/647 409/724/650 408/722/648
f 656/723/649 657/725/651 655/721/647
f 405/443/408 700/726/652 406/444/409
f 615/717/643 652/727/653 651/718/644
f 598/715/641 652/727/653 614/716/642
f 616/728/654 654/719/645 652/727/653
f 654/719/645 618/729/655 656/723/649
f 618/729/655 658/730/656 656/723/649
f 659/731/657 664/732/658 663/733/659
f 660/734/660 665/735/661 664/732/658
f 662/736/662 665/735/661 661/737/663
f 664/732/658 667/738/664 663/733/659
f 665/735/661 668/739/665 664/732/658
f 666/740/666 669/741/667 665/735/661
f 667/738/664 672/742/668 671/743/669
f 668/739/665 673/744/670 672/742/668
f 670/745/671 673/744/670 669/741/667
f 672/742/668 675/746/672 671/743/669
f 673/744/670 676/747/673 672/742/668
f 674/748/674 677/749/675 673/744/670
f 676/747/673 679/750/676 675/746/672
f 677/749/675 680/751/677 676/747/673
f 678/752/678 681/753/679 677/749/675
f 680/751/677 683/754/680 679/750/676
f 681/753/679 684/755/681 680/751/677
f 682/756/682 685/757/683 681/753/679
f 599/686/612 659/731/657 607/758/684
f 603/685/611 660/734/660 659/731/657
f 602/759/685 661/737/663 660/734/660
f 600/760/686 661/737/663 601/683/609
f 686/761/687 618/729/655 685/757/683
f 685/757/683 617/762/688 684/755/681
f 684/755/681 616/728/654 683/754/680
f 683/754/680 598/715/641 613/714/640
f 679/750/676 613/714/640 612/713/639
f 675/746/672 612/713/639 611/763/689
f 671/743/669 611/763/689 610/711/637
f 609/710/636 671/743/669 610/711/637
f 608/709/635 667/738/664 609/710/636
f 607/758/684 663/733/659 608/709/635
f 547/641/573 705/764/690 702/765/691
f 706/642/574 644/701/627 562/629/569
f 659/731/657 599/686/612 603/685/611
f 528/628/568 573/576/521 526/645/576
f 694/766/692 688/767/693 687/768/694
f 692/769/415 687/768/694 415/770/695
f 697/771/419 405/772/408 698/773/422
f 405/443/408 522/648/566 573/576/521
f 416/774/413 694/766/692 692/769/415
f 417/775/412 693/776/696 694/766/692
f 407/453/418 692/450/415 415/777/695
f 408/722/648 691/441/406 407/453/418
f 409/724/650 690/439/404 408/722/648
f 420/778/416 698/773/422 419/779/417
f 414/445/410 697/454/419 420/451/416
f 406/444/409 696/455/420 695/442/407
f 698/457/422 413/446/411 419/452/417
f 699/456/421 695/442/407 413/446/411
f 545/706/632 405/443/408 528/628/568
f 406/444/409 615/717/643 651/718/644
f 700/726/652 649/705/631 615/717/643
f 705/764/690 597/661/587 641/699/625
f 547/641/573 544/780/697 703/781/698
f 523/590/535 701/643/575 560/591/536
f 701/643/575 704/668/594 547/641/573
f 703/781/698 705/764/690 547/641/573
f 706/642/574 560/591/536 701/643/575
f 703/781/698 588/655/581 597/661/587
f 702/765/691 641/699/625 644/701/627
f 704/668/594 544/780/697 547/641/573
f 702/765/691 706/642/574 547/641/573
f 712/438/699 689/437/402 959/439/700
f 711/440/701 959/439/700 960/441/702
f 963/442/703 707/443/704 967/456/705
f 963/442/703 714/445/706 964/455/707
f 711/440/701 717/447/708 712/438/699
f 712/438/699 418/449/414 412/782/709
f 961/450/710 711/440/701 960/441/702
f 713/446/711 719/451/712 714/445/706
f 965/454/713 709/453/714 964/455/707
f 707/443/704 966/457/715 967/456/705
f 430/458/423 721/459/716 422/652/578
f 725/460/717 723/461/718 721/459/716
f 724/464/719 730/463/720 722/465/721
f 733/467/722 729/466/723 730/463/720
f 804/469/724 760/468/725 761/470/726
f 722/472/721 727/471/727 720/473/728
f 727/471/727 729/474/723 726/476/729
f 726/476/729 728/462/730 725/460/717
f 720/473/728 428/477/439 421/478/440
f 428/477/439 726/476/729 429/479/441
f 726/476/729 430/458/423 429/479/441
f 720/473/728 735/480/731 722/472/721
f 421/478/440 734/481/732 720/473/728
f 722/465/721 736/483/733 724/464/719
f 735/484/731 444/485/446 736/483/733
f 440/482/444 444/486/446 734/481/732
f 734/481/732 444/486/446 735/480/731
f 736/483/733 444/485/446 449/487/447
f 447/489/449 731/488/734 732/490/735
f 446/491/451 732/490/735 733/467/722
f 724/464/719 449/487/447 445/492/452
f 445/492/452 733/467/722 724/464/719
f 746/494/736 738/493/737 745/495/738
f 749/497/739 740/496/740 746/494/736
f 741/498/741 753/500/742 751/499/743
f 751/499/743 752/501/744 750/570/745
f 739/502/746 751/503/743 748/505/747
f 748/505/747 750/506/745 747/507/748
f 747/507/748 749/497/739 746/494/736
f 739/502/746 743/508/749 737/509/750
f 743/508/749 747/507/748 744/510/751
f 744/510/751 746/494/736 745/495/738
f 739/502/746 756/511/752 741/504/741
f 737/509/750 755/512/753 739/502/746
f 754/513/754 757/514/755 755/512/753
f 755/512/753 757/514/755 756/511/752
f 756/515/752 757/517/755 762/516/756
f 759/518/757 752/501/744 753/500/742
f 741/498/741 762/516/756 758/519/758
f 758/519/758 753/500/742 741/498/741
f 745/495/738 764/520/759 766/521/760
f 764/520/759 728/462/730 766/521/760
f 765/522/761 769/524/762 770/523/763
f 729/466/723 770/523/763 769/524/762
f 763/525/764 769/526/762 765/530/761
f 768/527/765 729/474/723 769/526/762
f 767/528/766 728/462/730 729/474/723
f 743/508/749 763/525/764 737/509/750
f 743/508/749 767/528/766 768/527/765
f 744/510/751 766/521/760 767/528/766
f 763/525/764 772/529/767 771/531/768
f 737/509/750 771/531/768 754/513/754
f 754/513/754 771/531/768 757/514/755
f 771/531/768 772/529/767 757/514/755
f 772/532/767 762/516/756 757/517/755
f 731/488/734 760/468/725 732/490/735
f 732/490/735 759/518/757 770/523/763
f 765/522/761 762/516/756 772/532/767
f 770/523/763 758/519/758 765/522/761
f 782/534/769 774/533/770 781/535/771
f 785/537/772 776/536/773 782/534/769
f 777/538/774 790/540/775 787/539/776
f 787/539/776 789/541/777 786/542/778
f 786/542/778 788/543/779 785/651/772
f 775/544/780 787/545/776 784/547/781
f 784/547/781 786/548/778 783/549/782
f 786/548/778 782/534/769 783/549/782
f 775/544/780 779/550/783 773/551/784
f 784/547/781 780/552/785 779/550/783
f 783/549/782 781/535/771 780/552/785
f 775/544/780 793/553/786 777/546/774
f 773/551/784 792/554/787 775/544/780
f 791/555/788 794/556/789 792/554/787
f 792/554/787 794/556/789 793/553/786
f 793/557/786 794/559/789 799/558/790
f 789/541/777 798/560/791 788/543/779
f 790/540/775 797/561/792 789/541/777
f 777/538/774 799/558/790 795/563/793
f 795/563/793 790/540/775 777/538/774
f 781/535/771 742/564/794 749/497/739
f 801/565/795 803/567/796 805/566/797
f 752/501/744 805/566/797 803/567/796
f 800/568/798 803/567/796 801/565/795
f 802/569/799 752/501/744 803/567/796
f 779/550/783 800/571/798 773/551/784
f 779/550/783 750/506/745 802/783/799
f 780/552/785 749/497/739 750/506/745
f 800/568/798 807/572/800 806/574/801
f 773/551/784 806/573/801 791/555/788
f 791/555/788 806/573/801 794/556/789
f 806/574/801 807/572/800 794/559/789
f 807/572/800 799/558/790 794/559/789
f 761/470/726 797/561/792 804/469/724
f 805/566/797 797/561/792 796/562/802
f 801/565/795 799/558/790 807/572/800
f 805/566/797 795/563/793 801/565/795
f 860/576/803 816/575/804 862/577/805
f 850/578/806 814/579/807 836/784/808
f 851/581/809 819/582/810 838/632/811
f 866/584/812 808/585/813 862/577/805
f 778/588/814 844/587/815 846/589/816
f 810/590/817 846/589/816 847/591/818
f 848/583/819 843/592/820 819/582/810
f 821/594/821 811/596/822 861/595/823
f 808/597/813 823/598/824 809/626/825
f 837/601/826 855/600/827 857/602/828
f 858/603/829 819/604/810 854/609/830
f 824/599/831 863/606/832 865/607/833
f 819/604/810 859/608/834 854/609/830
f 825/610/835 811/612/822 821/611/821
f 853/613/836 788/543/779 833/785/837
f 835/614/838 822/615/839 812/631/840
f 836/616/808 824/599/831 816/650/804
f 865/607/833 817/617/841 864/618/842
f 840/620/843 818/619/844 839/621/845
f 818/619/844 842/622/846 841/637/847
f 817/617/841 825/610/835 821/611/821
f 827/624/848 788/543/779 798/560/791
f 823/598/824 830/625/849 828/786/850
f 809/626/825 823/598/824 829/627/851
f 707/443/704 815/628/852 860/576/803
f 849/629/853 815/628/852 832/706/854
f 814/630/807 837/601/826 836/616/808
f 824/599/831 857/602/828 853/613/836
f 850/578/806 816/575/804 844/587/815
f 822/615/839 839/621/845 812/631/840
f 855/600/827 838/605/811 858/603/829
f 845/580/855 838/632/811 814/579/807
f 841/633/847 820/634/856 852/593/857
f 843/635/820 820/636/856 859/608/834
f 842/622/846 820/636/856 841/637/847
f 812/638/840 851/581/809 845/580/855
f 785/537/772 850/578/806 844/587/815
f 834/641/858 969/643/859 974/642/860
f 818/644/844 852/593/857 848/583/819
f 847/591/818 813/645/861 815/628/852
f 846/589/816 816/575/804 813/645/861
f 839/639/845 848/583/819 851/581/809
f 835/640/838 845/580/855 850/578/806
f 822/615/839 858/603/829 840/620/843
f 824/599/831 856/646/862 830/625/849
f 826/623/863 859/608/834 842/622/846
f 840/620/843 854/609/830 826/623/863
f 788/543/779 855/600/827 822/615/839
f 820/636/856 842/622/846 859/608/834
f 820/634/856 843/592/820 852/593/857
f 864/647/842 862/577/805 816/575/804
f 809/648/825 862/577/805 808/585/813
f 861/595/823 817/649/841 821/594/821
f 817/649/841 866/584/812 864/647/842
f 824/599/831 864/618/842 816/650/804
f 865/607/833 811/612/822 825/610/835
f 861/595/823 863/586/832 866/584/812
f 785/651/772 788/543/779 835/614/838
f 798/560/791 761/470/726 827/624/848
f 853/613/836 827/624/848 856/646/862
f 867/653/864 422/652/578 721/459/716
f 776/536/773 873/654/865 774/533/770
f 868/656/866 721/459/716 723/461/718
f 778/588/814 874/655/867 776/536/773
f 869/657/868 764/520/759 738/493/737
f 870/658/869 738/493/737 740/496/740
f 774/533/770 871/659/870 742/564/794
f 872/660/871 723/461/718 764/520/759
f 871/659/870 740/496/740 742/564/794
f 882/661/872 873/654/865 874/655/867
f 870/658/869 877/662/873 869/657/868
f 881/664/874 871/659/870 873/654/865
f 879/665/875 870/658/869 871/659/870
f 875/667/876 580/666/592 867/653/864
f 972/668/877 874/655/867 810/590/817
f 880/669/878 868/656/866 872/660/871
f 869/657/868 880/669/878 872/660/871
f 876/670/879 867/653/864 868/656/866
f 589/671/597 903/672/880 620/673/599
f 620/673/599 904/674/881 621/675/601
f 621/675/601 905/676/882 622/682/608
f 875/667/876 906/677/883 903/672/880
f 906/677/883 904/674/881 903/672/880
f 907/678/884 905/676/882 904/674/881
f 876/670/879 909/679/885 906/677/883
f 909/679/885 907/678/884 906/677/883
f 907/678/884 911/680/886 908/684/887
f 622/682/608 885/683/888 600/760/686
f 908/684/887 885/683/888 905/676/882
f 908/684/887 887/685/889 886/759/890
f 911/680/886 884/686/891 887/685/889
f 910/681/892 888/687/893 911/680/886
f 909/679/885 889/688/894 910/681/892
f 877/662/873 909/679/885 880/669/878
f 879/665/875 912/690/895 878/663/896
f 912/690/895 916/691/897 913/693/898
f 913/693/898 917/694/899 914/708/900
f 881/664/874 915/692/901 879/665/875
f 915/692/901 919/695/902 916/691/897
f 916/691/897 920/697/903 917/694/899
f 882/661/872 918/696/904 881/664/874
f 918/696/904 922/698/905 919/695/902
f 919/695/902 923/700/906 920/697/903
f 924/701/907 922/698/905 921/699/908
f 925/702/909 923/700/906 922/698/905
f 924/701/907 927/703/910 925/702/909
f 925/702/909 928/704/911 926/712/912
f 849/629/853 929/705/913 927/703/910
f 927/703/910 930/707/914 928/704/911
f 878/663/896 890/689/915 877/662/873
f 890/689/915 913/693/898 889/688/894
f 913/693/898 888/687/893 889/688/894
f 914/708/900 884/686/891 888/687/893
f 914/708/900 892/709/916 891/758/917
f 917/694/899 893/710/918 892/709/916
f 920/697/903 894/711/919 893/710/918
f 926/712/912 894/711/919 923/700/906
f 926/712/912 896/713/920 895/763/921
f 928/704/911 897/714/922 896/713/920
f 930/707/914 883/715/923 897/714/922
f 929/705/913 898/716/924 930/707/914
f 709/453/714 931/718/925 708/444/926
f 931/718/925 934/719/927 932/727/928
f 709/453/714 935/721/929 933/720/930
f 933/720/930 936/723/931 934/719/927
f 409/724/650 935/721/929 710/722/932
f 657/725/651 936/723/931 935/721/929
f 707/443/704 708/444/926 968/726/933
f 899/717/934 932/727/928 898/716/924
f 932/727/928 883/715/923 898/716/924
f 934/719/927 900/728/935 932/727/928
f 934/719/927 902/729/936 901/762/937
f 658/730/656 902/729/936 936/723/931
f 937/731/938 941/732/939 938/734/940
f 938/734/940 942/735/941 939/737/942
f 942/735/941 662/736/662 939/737/942
f 943/738/943 941/732/939 940/733/944
f 944/739/945 942/735/941 941/732/939
f 945/741/946 666/740/666 942/735/941
f 943/738/943 947/742/947 944/739/945
f 944/739/945 948/744/948 945/741/946
f 948/744/948 670/745/671 945/741/946
f 949/746/949 947/742/947 946/743/950
f 950/747/951 948/744/948 947/742/947
f 951/749/952 674/748/674 948/744/948
f 952/750/953 950/747/951 949/746/949
f 953/751/954 951/749/952 950/747/951
f 954/753/955 678/752/678 951/749/952
f 955/754/956 953/751/954 952/750/953
f 956/755/957 954/753/955 953/751/954
f 957/757/958 682/756/682 954/753/955
f 884/686/891 891/758/917 937/731/938
f 887/685/889 938/734/940 886/759/890
f 886/759/890 939/737/942 885/683/888
f 939/737/942 600/760/686 885/683/888
f 902/729/936 686/761/687 957/757/958
f 901/762/937 957/757/958 956/755/957
f 900/728/935 956/755/957 955/754/956
f 883/715/923 955/754/956 897/714/922
f 897/714/922 952/750/953 896/713/920
f 896/713/920 949/746/949 895/763/921
f 895/763/921 946/743/950 894/711/919
f 893/710/918 946/743/950 943/738/943
f 892/709/916 943/738/943 940/733/944
f 891/758/917 940/733/944 937/731/938
f 834/641/858 970/765/959 973/764/960
f 924/701/907 974/642/860 849/629/853
f 937/731/938 887/685/889 884/686/891
f 815/628/852 813/645/861 860/576/803
f 962/766/961 688/767/693 693/776/696
f 961/769/710 958/768/962 962/766/961
f 965/771/713 707/772/704 715/787/963
f 707/443/704 809/648/825 829/788/851
f 716/774/964 962/766/961 717/775/708
f 717/775/708 693/776/696 418/789/414
f 709/453/714 961/450/710 960/441/702
f 960/441/702 710/722/932 709/453/714
f 959/439/700 409/724/650 710/722/932
f 966/773/715 719/778/712 718/779/965
f 714/445/706 965/454/713 964/455/707
f 708/444/926 964/455/707 709/453/714
f 966/457/715 713/446/711 967/456/705
f 967/456/705 713/446/711 963/442/703
f 832/706/854 707/443/704 968/726/933
f 708/444/926 899/717/934 968/726/933
f 968/726/933 929/705/913 832/706/854
f 882/661/872 973/764/960 921/699/908
f 834/641/858 971/781/966 831/780/967
f 969/643/859 810/590/817 847/591/818
f 969/643/859 834/641/858 972/668/877
f 971/781/966 834/641/858 973/764/960
f 847/591/818 974/642/860 969/643/859
f 971/781/966 874/655/867 831/780/967
f 970/765/959 921/699/908 973/764/960
f 972/668/877 834/641/858 831/780/967
f 970/765/959 834/641/858 974/642/860
f 999/790/968 978/791/969 989/792/970
f 988/793/971 991/794/972 1001/795/973
f 997/796/974 986/797/975 993/798/976
f 976/799/977 997/796/974 991/794/972
f 995/800/978 983/801/979 1020/802/980
f 978/791/969 1001/795/973 989/792/970
f 990/803/981 1027/804/982 1022/805/983
f 989/806/970 1694/807/984 1689/808/985
f 996/809/986 1031/810/987 1024/811/988
f 1691/812/989 1020/813/980 1695/814/990
f 1023/815/991 1005/816/992 1025/817/993
f 991/818/972 1692/819/994 1690/820/995
f 998/821/996 994/822/997 1698/823/998
f 1002/824/999 1023/815/991 1027/825/982
f 1001/826/973 1690/820/995 1694/827/984
f 990/803/981 1022/805/983 1000/828/1000
f 1693/829/1001 989/806/970 1689/808/985
f 1692/819/994 1697/830/1002 998/821/996
f 1028/831/1003 1008/832/1004 1029/833/1005
f 1003/834/1006 1008/832/1004 1004/835/1007
f 985/836/1008 1628/837/1009 1097/838/1010
f 1029/833/1005 1010/839/1011 1214/840/1012
f 1025/817/993 1007/841/1013 1030/842/1014
f 1006/843/1015 1011/844/1016 975/845/1017
f 987/846/1018 1011/844/1016 1014/847/1019
f 1008/848/1020 1018/849/1021 1010/850/1022
f 985/851/1023 1012/852/1024 1013/853/1025
f 1010/850/1022 1015/854/1026 1006/843/1015
f 977/855/1027 1014/847/1019 1012/852/1024
f 1009/856/1028 1016/857/1029 1008/858/1020
f 1628/859/1030 1013/853/1025 1017/860/1031
f 1695/814/990 1101/861/1032 1696/862/1033
f 1019/863/1034 1100/864/1035 1031/810/987
f 1009/865/1036 979/866/1037 1021/867/1038
f 1031/810/987 1097/838/1010 1021/867/1038
f 1006/868/1039 1030/842/1014 1010/839/1011
f 984/869/1040 1029/833/1005 1214/840/1012
f 984/869/1040 1028/831/1003 1029/833/1005
f 1026/870/1041 977/871/1042 985/836/1008
f 1027/825/982 975/872/1043 987/873/1044
f 1023/815/991 1006/868/1039 975/872/1043
f 1024/811/988 1021/867/1038 979/866/1037
f 977/871/1042 1022/805/983 987/874/1044
f 1026/870/1041 1000/828/1000 1022/805/983
f 1041/875/1045 1036/876/1046 1042/877/1047
f 1073/878/1048 1074/879/1049 1046/880/1050
f 986/797/975 1063/881/1051 1050/882/1052
f 1050/882/1052 1062/883/1053 1051/884/1054
f 1062/883/1053 1052/885/1055 1051/884/1054
f 976/799/977 1059/886/1056 1063/881/1051
f 1059/886/1056 1062/883/1053 1063/881/1051
f 1058/887/1057 1061/888/1058 1062/883/1053
f 978/791/969 1059/886/1056 988/793/971
f 1049/889/1059 1058/887/1057 1059/886/1056
f 1048/890/1060 1057/891/1061 1058/887/1057
f 1047/892/1062 1056/893/1063 1057/891/1061
f 982/894/1064 986/797/975 1055/895/1065
f 1055/895/1065 1051/884/1054 1054/896/1066
f 1054/896/1066 1051/884/1054 1053/897/1067
f 1091/898/1068 1049/889/1059 978/791/969
f 1089/899/1069 1048/890/1060 1049/889/1059
f 1092/900/1070 1047/892/1062 1048/890/1060
f 1090/901/1071 1046/902/1050 1047/892/1062
f 980/903/1072 1045/904/1073 983/801/979
f 1038/905/1074 1044/906/1075 1045/904/1073
f 1044/906/1075 1040/907/1076 1043/908/1077
f 1040/907/1076 1042/877/1047 1043/908/1077
f 1036/876/1046 1066/909/1078 1068/910/1079
f 1037/911/1080 1093/912/1081 1085/913/1082
f 1037/911/1080 1086/914/1083 1035/915/1084
f 1103/916/1085 1065/917/1086 1033/918/1087
f 1095/919/1088 1036/876/1046 1068/910/1079
f 1064/920/1089 1105/921/1090 1087/922/1091
f 1071/923/1092 228/924/228 1069/925/1093
f 1071/923/1092 226/926/232 224/927/229
f 1068/928/1079 216/929/1094 226/926/232
f 1069/925/1093 222/930/224 1067/931/1095
f 1070/932/1096 1077/933/1097 1079/934/1098
f 1065/917/1086 1079/935/1098 1078/936/1099
f 1033/918/1087 1078/936/1099 1073/937/1048
f 1046/880/1050 1075/938/1100 1056/939/1063
f 1032/940/1101 1077/933/1097 1064/920/1089
f 1060/941/1102 1075/942/1100 1076/943/1103
f 1073/878/1048 1083/944/1104 1081/945/1105
f 1078/946/1099 1084/947/1106 1083/944/1104
f 1077/948/1097 1080/949/1107 1082/950/1108
f 1079/951/1098 1082/950/1108 1084/947/1106
f 1071/952/1092 1095/919/1088 1068/910/1079
f 1085/913/1082 1067/953/1095 1086/914/1083
f 1091/898/1068 1101/954/1032 1096/955/1109
f 1092/900/1070 1104/956/1110 1098/957/1111
f 1090/901/1071 1098/957/1111 1094/958/1112
f 1088/959/1113 1094/958/1112 1102/960/1114
f 1033/918/1087 1102/960/1114 1103/916/1085
f 1091/898/1068 1104/956/1110 1089/899/1069
f 1085/913/1082 1087/922/1091 1069/961/1093
f 1093/912/1081 1064/920/1089 1087/922/1091
f 1098/957/1111 1045/904/1073 1044/906/1075
f 1094/958/1112 1044/906/1075 1043/908/1077
f 1696/862/1033 999/962/968 1693/829/1001
f 1102/960/1114 1043/908/1077 1042/877/1047
f 1103/916/1085 1042/877/1047 1036/876/1046
f 1099/963/1115 1026/870/1041 1100/864/1035
f 1104/956/1110 983/801/979 1045/904/1073
f 1100/864/1035 985/836/1008 1097/838/1010
f 1095/919/1088 1070/964/1096 1065/917/1086
f 1096/955/1109 1020/802/980 983/801/979
f 1087/922/1091 1071/965/1092 1069/961/1093
f 1073/937/1048 1088/959/1113 1033/918/1087
f 1144/966/1116 1107/967/1117 1109/968/1118
f 1143/969/1119 1112/970/1120 1111/971/1121
f 1139/972/1122 1111/971/1121 1110/973/1123
f 1139/972/1122 1108/974/1124 1148/975/1125
f 1137/976/1126 1109/968/1118 1113/977/1127
f 1146/978/1128 1107/967/1117 1141/979/1129
f 1137/976/1126 1112/980/1120 1150/981/1130
f 1148/975/1125 1106/982/1131 1146/978/1128
f 1165/983/1132 1118/984/1133 1116/985/1134
f 1160/986/1135 1119/987/1136 1167/988/1137
f 1165/983/1132 1117/989/1138 1162/990/1139
f 1160/986/1135 1115/991/1140 1114/992/1141
f 1166/993/1142 1161/994/1143 1118/984/1133
f 1163/995/1144 1119/996/1136 1159/997/1145
f 1163/995/1144 1167/998/1137 1119/996/1136
f 1164/999/1146 1117/989/1138 1115/991/1140
f 1081/945/1105 1132/1000/1147 1121/1001/1148
f 1121/1001/1148 1133/1002/1149 1120/1003/1150
f 1075/942/1100 1134/1004/1151 1076/943/1103
f 1127/1005/1152 1135/1006/1153 1134/1004/1151
f 1076/943/1103 1130/1007/1154 1080/949/1107
f 1134/1004/1151 1131/1008/1155 1130/1007/1154
f 1082/950/1108 1130/1007/1154 1125/1009/1156
f 1130/1007/1154 1124/1010/1157 1125/1009/1156
f 1074/879/1049 1121/1001/1148 1128/1011/1158
f 1128/1011/1158 1120/1003/1150 1129/1012/1159
f 1083/944/1104 1123/1013/1160 1132/1000/1147
f 1132/1000/1147 1122/1014/1161 1133/1002/1149
f 1075/938/1100 1128/1011/1158 1127/1015/1152
f 1127/1015/1152 1129/1012/1159 1126/1016/1162
f 1082/950/1108 1123/1013/1160 1084/947/1106
f 1125/1009/1156 1122/1014/1161 1123/1013/1160
f 1154/1017/1163 1147/1018/1164 1153/1019/1165
f 1149/1020/1166 1146/978/1128 1147/1018/1164
f 1155/1021/1167 1136/1022/1168 1151/1023/1169
f 1151/1023/1169 1137/976/1126 1150/981/1130
f 1158/1024/1170 1147/1018/1164 1140/1025/1171
f 1147/1018/1164 1141/979/1129 1140/1025/1171
f 1156/1026/1172 1145/1027/1173 1136/1022/1168
f 1145/1027/1173 1137/976/1126 1136/1022/1168
f 1157/1028/1174 1149/1020/1166 1154/1017/1163
f 1138/1029/1175 1148/975/1125 1149/1020/1166
f 1159/997/1145 1138/1029/1175 1157/1028/1174
f 1142/1030/1176 1139/972/1122 1138/1029/1175
f 1155/1031/1167 1142/1030/1176 1159/997/1145
f 1151/1032/1169 1143/969/1119 1142/1030/1176
f 1152/1033/1177 1140/1025/1171 1145/1027/1173
f 1140/1025/1171 1144/966/1116 1145/1027/1173
f 1115/991/1140 1158/1024/1170 1152/1033/1177
f 1163/995/1144 1157/1028/1174 1161/994/1143
f 1114/992/1141 1152/1033/1177 1156/1026/1172
f 1117/989/1138 1153/1019/1165 1158/1024/1170
f 1119/987/1136 1156/1026/1172 1155/1021/1167
f 1118/984/1133 1153/1019/1165 1116/985/1134
f 1120/1003/1150 1162/990/1139 1164/999/1146
f 1126/1034/1162 1163/995/1144 1135/1006/1153
f 1135/1006/1153 1161/994/1143 1131/1008/1155
f 1131/1008/1155 1166/993/1142 1124/1010/1157
f 1129/1012/1159 1164/999/1146 1160/986/1135
f 1133/1002/1149 1165/983/1132 1162/990/1139
f 1129/1012/1159 1167/988/1137 1126/1016/1162
f 1122/1014/1161 1166/993/1142 1165/983/1132
f 1157/1028/1174 1154/1017/1163 1118/984/1133
f 1159/997/1145 1119/996/1136 1155/1031/1167
f 1118/984/1133 1161/994/1143 1157/1028/1174
f 1668/1035/1178 1681/1036/1179 1665/1037/1180
f 1173/1038/1181 1679/1039/1182 1174/1040/1183
f 1671/1041/1184 1684/1042/1185 1668/1035/1178
f 1170/1043/1186 1679/1044/1182 1675/1045/1187
f 1666/1046/1188 1688/1047/1189 1682/1048/1190
f 1168/1049/1191 1676/1050/1192 1673/1051/1193
f 1667/1052/1194 1685/1053/1195 1683/1054/1196
f 1170/1043/1186 1674/1055/1197 1169/1056/1198
f 1213/1057/1199 1177/1058/1200 1183/1059/1201
f 1211/1060/1202 1183/1059/1201 1180/1061/1203
f 1208/1062/1204 1178/1063/1205 1210/1064/1206
f 1200/1065/1207 1182/1066/1208 1212/1067/1209
f 1212/1067/1209 1176/1068/1210 1209/1069/1211
f 1208/1070/1204 1180/1061/1203 1181/1071/1212
f 1210/1064/1206 1179/1072/1213 1200/1065/1207
f 1207/1073/1214 1176/1068/1210 1177/1058/1200
f 1012/852/1024 1209/1069/1211 1207/1073/1214
f 1183/1059/1201 1189/1074/1215 1188/1075/1216
f 1204/1076/1217 1202/1077/1218 1185/1078/1219
f 1206/1079/1220 1190/1080/1221 1187/1081/1222
f 1206/1079/1220 1184/1082/1223 1203/1083/1224
f 1202/1084/1218 1186/1085/1225 1191/1086/1226
f 1204/1076/1217 1190/1080/1221 1201/1087/1227
f 1011/844/1016 1209/1069/1211 1014/847/1019
f 1188/1075/1216 1197/1088/1228 1196/1089/1229
f 1186/1085/1225 1196/1089/1229 1194/1090/1230
f 1185/1078/1219 1199/1091/1231 1193/1092/1232
f 1190/1080/1221 1195/1093/1233 1187/1081/1222
f 1187/1081/1222 1192/1094/1234 1184/1082/1223
f 1191/1086/1226 1194/1090/1230 1199/1095/1231
f 1185/1078/1219 1198/1096/1235 1190/1080/1221
f 1184/1082/1223 1197/1088/1228 1189/1074/1215
f 1177/1058/1200 1176/1068/1210 1203/1083/1224
f 1178/1063/1205 1201/1087/1227 1179/1072/1213
f 1180/1061/1203 1202/1084/1218 1181/1071/1212
f 1182/1066/1208 1203/1083/1224 1176/1068/1210
f 1182/1066/1208 1179/1072/1213 1206/1079/1220
f 1178/1063/1205 1202/1077/1218 1204/1076/1217
f 1180/1061/1203 1183/1059/1201 1205/1097/1236
f 1018/849/1021 1200/1065/1207 1015/854/1026
f 1203/1083/1224 1189/1074/1215 1177/1058/1200
f 1206/1079/1220 1179/1072/1213 1201/1087/1227
f 1185/1078/1219 1202/1077/1218 1191/1098/1226
f 1202/1077/1218 1178/1063/1205 1181/1099/1212
f 1190/1080/1221 1206/1079/1220 1201/1087/1227
f 1188/1075/1216 1186/1085/1225 1205/1097/1236
f 1016/857/1029 1211/1060/1202 1208/1070/1204
f 1205/1097/1236 1183/1059/1201 1188/1075/1216
f 1189/1074/1215 1203/1083/1224 1184/1082/1223
f 1015/854/1026 1212/1067/1209 1011/844/1016
f 1016/1100/1029 1210/1064/1206 1018/849/1021
f 1017/860/1031 1213/1057/1199 1211/1060/1202
f 1013/853/1025 1207/1073/1214 1213/1057/1199
f 1030/842/1014 984/869/1040 1214/840/1012
f 1214/840/1012 1010/839/1011 1030/842/1014
f 1219/1101/1237 1218/1102/1237 1224/1103/1237
f 1221/1104/1237 1216/1105/1238 1215/1106/1238
f 1220/1107/1237 1222/1108/1237 1221/1104/1237
f 1220/1107/1237 1224/1103/1237 1223/1109/1237
f 1227/1110/1239 1247/1111/1240 1251/1112/1241
f 1226/1113/1242 1238/1114/1243 1236/1115/1244
f 1231/1116/1245 1225/1117/1246 1237/1118/1247
f 1228/1119/1248 1251/1112/1241 1249/1120/1249
f 1221/1121/1250 1225/1117/1246 1231/1116/1245
f 1222/1122/1251 1226/1113/1242 1216/1123/1252
f 1217/1124/1253 1229/1125/1254 1227/1110/1239
f 1216/1123/1252 1225/1117/1246 1215/1126/1255
f 1222/1122/1251 1233/1127/1256 1232/1128/1257
f 1219/1129/1258 1230/1130/1259 1229/1125/1254
f 1218/1131/1260 1234/1132/1261 1224/1133/1262
f 1224/1133/1262 1233/1127/1256 1223/1134/1263
f 1221/1121/1250 1230/1130/1259 1220/1135/1264
f 1217/1124/1253 1228/1119/1248 1218/1136/1260
f 1235/1137/1265 1242/1138/1266 1240/1139/1267
f 1239/1140/1268 1245/1141/1269 1237/1118/1247
f 1226/1113/1242 1235/1137/1265 1225/1117/1246
f 1233/1127/1256 1238/1114/1243 1232/1128/1257
f 1229/1125/1254 1250/1142/1270 1247/1111/1240
f 1228/1143/1248 1252/1144/1271 1234/1132/1261
f 1234/1132/1261 1248/1145/1272 1233/1127/1256
f 1230/1130/1259 1245/1141/1269 1250/1142/1270
f 1240/1139/1267 1239/1140/1268 1237/1118/1247
f 1243/1146/1273 1172/1147/1274 1175/1148/1275
f 1241/1149/1276 1242/1138/1266 1238/1114/1243
f 1172/1147/1274 1246/1150/1277 1168/1151/1191
f 1242/1138/1266 1239/1140/1268 1240/1139/1267
f 1238/1114/1243 1242/1138/1266 1236/1115/1244
f 1237/1118/1247 1235/1137/1265 1240/1139/1267
f 1230/1130/1259 1237/1118/1247 1245/1141/1269
f 1246/1150/1277 1233/1127/1256 1248/1145/1272
f 1244/1152/1278 1239/1140/1268 1241/1149/1276
f 1245/1141/1269 1175/1148/1275 1173/1153/1181
f 1246/1150/1277 1241/1149/1276 1238/1114/1243
f 1248/1145/1272 1168/1151/1191 1246/1150/1277
f 1250/1142/1270 1245/1141/1269 1173/1153/1181
f 1251/1112/1241 1169/1154/1198 1249/1120/1249
f 1247/1111/1240 1173/1153/1181 1174/1155/1183
f 1247/1111/1240 1170/1156/1186 1251/1112/1241
f 1249/1157/1249 1171/1158/1279 1252/1144/1271
f 1252/1144/1271 1168/1151/1191 1248/1145/1272
f 1237/1118/1247 1225/1117/1246 1235/1137/1265
f 1238/1114/1243 1226/1113/1242 1232/1128/1257
f 993/798/976 986/797/975 982/894/1064
f 1055/895/1065 986/797/975 1050/882/1052
f 1053/897/1067 1051/884/1054 1052/885/1055
f 1072/1159/1280 1076/943/1103 1080/949/1107
f 1286/1160/1281 1282/1161/1282 1285/1162/1283
f 1288/1163/1284 1289/1164/1285 1290/1165/1286
f 1278/1166/1287 1281/1167/1288 1284/1168/1289
f 1290/1169/1286 1262/1170/1290 1261/1171/1291
f 1286/1172/1281 1267/1173/1292 1266/1174/1293
f 1284/1175/1289 1272/1176/1294 1271/1177/1295
f 1282/1161/1282 1259/1178/1296 1278/1166/1287
f 1288/1163/1284 1274/1179/1297 1293/1180/1298
f 1253/1181/1299 1279/1182/1300 1254/1183/1301
f 1282/1161/1282 1283/1184/1302 1291/1185/1303
f 1261/1171/1291 1276/1186/1304 1255/1187/1305
f 1262/1170/1290 1269/1188/1306 1261/1171/1291
f 1277/1189/1307 1273/1190/1308 1258/1191/1309
f 1255/1187/1305 1275/1192/1310 1256/1193/1311
f 1278/1166/1287 1259/1178/1296 1277/1189/1307
f 1257/1194/1312 1275/1195/1310 1274/1179/1297
f 1267/1173/1292 1263/1196/1313 1265/1197/1314
f 1272/1176/1294 1263/1196/1313 1271/1177/1295
f 1287/1198/1315 1291/1185/1303 1283/1184/1302
f 1253/1199/1299 1273/1190/1308 1280/1200/1316
f 1288/1163/1284 1293/1180/1298 1287/1198/1315
f 1266/1174/1293 1269/1188/1306 1262/1170/1290
f 1254/1183/1301 1263/1196/1313 1272/1176/1294
f 1266/1174/1293 1267/1173/1292 1265/1197/1314
f 1303/1201/1317 1260/1202/1318 1264/1203/1319
f 1303/1201/1317 1296/1204/1320 1305/1205/1321
f 1305/1205/1321 1295/1206/1322 1307/1207/1323
f 1311/1208/1324 1298/1209/1325 1297/1210/1326
f 1314/1211/1327 1294/1212/1328 1315/1213/1329
f 1317/1214/1330 1297/1210/1326 1292/1215/1331
f 1321/1216/1332 1322/1217/1333 1330/1218/1334
f 1315/1213/1329 1268/1219/1335 1323/1220/1336
f 1319/1221/1337 1308/1222/1338 1328/1223/1339
f 1314/1211/1327 1300/1224/1340 1299/1225/1341
f 1302/1226/1342 1292/1215/1331 1260/1202/1318
f 1323/1220/1336 1298/1227/1325 1310/1228/1343
f 1280/1200/1316 1324/1229/1344 1309/1230/1345
f 1324/1229/1344 1310/1228/1343 1309/1230/1345
f 1265/1197/1314 1318/1231/1346 1301/1232/1347
f 1301/1232/1347 1317/1214/1330 1302/1226/1342
f 1293/1180/1298 1313/1233/1348 1291/1185/1303
f 1322/1234/1333 1314/1211/1327 1313/1233/1348
f 1274/1179/1297 1308/1235/1338 1319/1236/1337
f 1300/1237/1340 1320/1238/1349 1270/1239/1350
f 1273/1190/1308 1316/1240/1351 1324/1229/1344
f 1324/1229/1344 1315/1213/1329 1323/1220/1336
f 1293/1180/1298 1319/1236/1337 1322/1234/1333
f 1322/1217/1333 1319/1221/1337 1331/1241/1352
f 1263/1196/1313 1312/1242/1353 1318/1231/1346
f 1318/1231/1346 1311/1208/1324 1317/1214/1330
f 1291/1185/1303 1316/1240/1351 1259/1178/1296
f 1316/1240/1351 1314/1211/1327 1315/1213/1329
f 1279/1182/1300 1309/1243/1345 1312/1242/1353
f 1309/1243/1345 1311/1208/1324 1312/1242/1353
f 1276/1186/1304 1308/1244/1338 1275/1192/1310
f 1306/1245/1354 1307/1207/1323 1308/1244/1338
f 1269/1188/1306 1306/1245/1354 1276/1186/1304
f 1304/1246/1355 1305/1205/1321 1306/1245/1354
f 1265/1197/1314 1304/1246/1355 1269/1188/1306
f 1301/1232/1347 1303/1201/1317 1304/1246/1355
f 1307/1247/1323 1325/1248/1356 1327/1249/1357
f 1270/1250/1350 1325/1248/1356 1295/1251/1322
f 1300/1237/1340 1330/1218/1334 1320/1238/1349
f 1307/1247/1323 1328/1252/1339 1308/1253/1338
f 1264/1203/1319 1106/1254/1131 1108/1255/1124
f 1298/1227/1325 1113/1256/1127 1109/1257/1118
f 1292/1215/1331 1106/1254/1131 1260/1202/1318
f 1292/1215/1331 1297/1210/1326 1107/1258/1117
f 1296/1204/1320 1264/1203/1319 1108/1255/1124
f 1110/1259/1123 1270/1250/1350 1295/1251/1322
f 1296/1204/1320 1110/1260/1123 1295/1206/1322
f 1299/1225/1341 1111/1261/1121 1112/1262/1120
f 1297/1210/1326 1109/1263/1118 1107/1258/1117
f 1299/1225/1341 1113/1256/1127 1294/1212/1328
f 1268/1219/1335 1294/1212/1328 1113/1256/1127
f 1270/1239/1350 1111/1264/1121 1300/1237/1340
f 1359/1265/1358 1342/1266/1359 1356/1267/1360
f 1341/1268/1361 1357/1269/1362 1360/1270/1363
f 1361/1271/1364 1338/1272/1365 1358/1273/1366
f 1358/1274/1366 1343/1275/1367 1359/1265/1358
f 1342/1266/1359 1360/1276/1363 1356/1267/1360
f 1340/1277/1368 1361/1271/1364 1357/1269/1362
f 1386/1278/1369 1355/1279/1370 1384/1280/1371
f 1349/1281/1372 1375/1282/1373 1372/1283/1374
f 1344/1284/1375 1383/1285/1376 1385/1286/1377
f 1345/1287/1378 1373/1288/1379 1370/1289/1380
f 1387/1290/1381 1347/1291/1382 1382/1292/1383
f 1374/1293/1384 1346/1294/1385 1371/1295/1386
f 1384/1280/1371 1352/1296/1387 1387/1297/1381
f 1375/1282/1373 1353/1298/1388 1374/1299/1384
f 1351/1300/1389 1386/1278/1369 1383/1301/1376
f 1350/1302/1390 1372/1283/1374 1373/1303/1379
f 1382/1292/1383 1344/1284/1375 1385/1286/1377
f 1346/1294/1385 1370/1289/1380 1371/1295/1386
f 1368/1304/1391 1361/1271/1364 1366/1305/1392
f 1367/1306/1393 1360/1276/1363 1365/1307/1394
f 1358/1274/1366 1364/1308/1395 1369/1309/1396
f 1361/1271/1364 1369/1310/1396 1366/1305/1392
f 1365/1311/1394 1357/1269/1362 1368/1304/1391
f 1359/1265/1358 1367/1306/1393 1364/1308/1395
f 1343/1275/1367 1362/1312/1397 1342/1266/1359
f 1339/1313/1398 1362/1314/1397 1363/1315/1399
f 1340/1277/1368 1341/1268/1361 1362/1314/1397
f 1363/1315/1399 1338/1272/1365 1339/1313/1398
f 1343/1275/1367 1338/1316/1365 1363/1317/1399
f 1362/1312/1397 1341/1318/1361 1342/1266/1359
f 1364/1308/1395 1345/1287/1378 1346/1294/1385
f 1350/1302/1390 1368/1304/1391 1349/1281/1372
f 1366/1305/1392 1353/1298/1388 1354/1319/1400
f 1369/1309/1396 1346/1294/1385 1353/1320/1388
f 1345/1287/1378 1365/1307/1394 1350/1321/1390
f 1349/1281/1372 1366/1305/1392 1354/1319/1400
f 1371/1295/1386 1379/1322/1401 1376/1323/1402
f 1377/1324/1403 1372/1283/1374 1380/1325/1404
f 1375/1282/1373 1381/1326/1405 1378/1327/1406
f 1374/1293/1384 1376/1323/1402 1381/1328/1405
f 1379/1322/1401 1373/1288/1379 1377/1329/1403
f 1372/1283/1374 1378/1327/1406 1380/1325/1404
f 1380/1325/1404 1355/1279/1370 1348/1330/1407
f 1344/1284/1375 1377/1329/1403 1351/1331/1389
f 1381/1328/1405 1347/1291/1382 1352/1332/1387
f 1378/1327/1406 1352/1296/1387 1355/1279/1370
f 1351/1300/1389 1380/1325/1404 1348/1330/1407
f 1376/1323/1402 1344/1284/1375 1347/1291/1382
f 1388/1333/1408 1385/1286/1377 1391/1334/1409
f 1383/1301/1376 1392/1335/1410 1389/1336/1411
f 1390/1337/1412 1387/1297/1381 1393/1338/1413
f 1393/1339/1413 1382/1292/1383 1388/1333/1408
f 1385/1286/1377 1389/1340/1411 1391/1334/1409
f 1392/1335/1410 1384/1280/1371 1390/1337/1412
f 1334/1341/1414 1390/1337/1412 1333/1342/1415
f 1391/1334/1409 1335/1343/1416 1336/1344/1417
f 1332/1345/1418 1388/1333/1408 1337/1346/1419
f 1390/1337/1412 1332/1347/1418 1333/1342/1415
f 1335/1348/1416 1392/1335/1410 1334/1341/1414
f 1388/1333/1408 1336/1344/1417 1337/1346/1419
f 1405/1349/1420 1418/1350/1421 1421/1351/1422
f 1403/1352/1423 1419/1353/1424 1422/1354/1425
f 1423/1355/1426 1400/1356/1427 1420/1357/1428
f 1420/1358/1428 1405/1349/1420 1421/1351/1422
f 1404/1359/1429 1422/1360/1425 1418/1350/1421
f 1419/1353/1424 1401/1361/1430 1423/1355/1426
f 1448/1362/1431 1417/1363/1432 1446/1364/1433
f 1434/1365/1434 1416/1366/1435 1437/1367/1436
f 1406/1368/1437 1445/1369/1438 1447/1370/1439
f 1407/1371/1440 1435/1372/1441 1432/1373/1442
f 1449/1374/1443 1409/1375/1444 1444/1376/1445
f 1436/1377/1446 1408/1378/1447 1433/1379/1448
f 1446/1364/1433 1414/1380/1449 1449/1381/1443
f 1437/1367/1436 1415/1382/1450 1436/1383/1446
f 1413/1384/1451 1448/1362/1431 1445/1385/1438
f 1412/1386/1452 1434/1365/1434 1435/1387/1441
f 1409/1375/1444 1447/1370/1439 1444/1376/1445
f 1408/1378/1447 1432/1373/1442 1433/1379/1448
f 1430/1388/1453 1423/1355/1426 1428/1389/1454
f 1429/1390/1455 1422/1360/1425 1427/1391/1456
f 1420/1358/1428 1426/1392/1457 1431/1393/1458
f 1423/1355/1426 1431/1394/1458 1428/1389/1454
f 1427/1395/1456 1419/1353/1424 1430/1388/1453
f 1421/1351/1422 1429/1390/1455 1426/1392/1457
f 1405/1349/1420 1424/1396/1459 1404/1359/1429
f 1401/1361/1430 1424/1397/1459 1425/1398/1460
f 1402/1399/1461 1403/1352/1423 1424/1397/1459
f 1425/1398/1460 1400/1356/1427 1401/1361/1430
f 1405/1349/1420 1400/1400/1427 1425/1401/1460
f 1424/1396/1459 1403/1402/1423 1404/1359/1429
f 1426/1392/1457 1407/1371/1440 1408/1378/1447
f 1412/1386/1452 1430/1388/1453 1411/1403/1462
f 1428/1389/1454 1415/1382/1450 1416/1366/1435
f 1431/1393/1458 1408/1378/1447 1415/1404/1450
f 1407/1371/1440 1427/1391/1456 1412/1405/1452
f 1411/1403/1462 1428/1389/1454 1416/1366/1435
f 1433/1379/1448 1441/1406/1463 1438/1407/1464
f 1439/1408/1465 1434/1365/1434 1442/1409/1466
f 1437/1367/1436 1443/1410/1467 1440/1411/1468
f 1436/1377/1446 1438/1407/1464 1443/1412/1467
f 1441/1406/1463 1435/1372/1441 1439/1413/1465
f 1442/1409/1466 1437/1367/1436 1440/1411/1468
f 1410/1414/1469 1440/1411/1468 1417/1363/1432
f 1406/1368/1437 1439/1413/1465 1413/1415/1451
f 1443/1412/1467 1409/1375/1444 1414/1416/1449
f 1440/1411/1468 1414/1380/1449 1417/1363/1432
f 1413/1384/1451 1442/1409/1466 1410/1414/1469
f 1438/1407/1464 1406/1368/1437 1409/1375/1444
f 1444/1376/1445 1453/1417/1470 1450/1418/1471
f 1445/1385/1438 1454/1419/1472 1451/1420/1473
f 1452/1421/1474 1449/1381/1443 1455/1422/1475
f 1455/1423/1475 1444/1376/1445 1450/1418/1471
f 1447/1370/1439 1451/1424/1473 1453/1417/1470
f 1454/1419/1472 1446/1364/1433 1452/1421/1474
f 1396/1425/1476 1452/1421/1474 1395/1426/1477
f 1453/1417/1470 1397/1427/1478 1398/1428/1479
f 1394/1429/1480 1450/1418/1471 1399/1430/1481
f 1452/1421/1474 1394/1431/1480 1395/1426/1477
f 1397/1432/1478 1454/1419/1472 1396/1425/1476
f 1450/1418/1471 1398/1428/1479 1399/1430/1481
f 1483/1433/1482 1466/1434/1483 1480/1435/1484
f 1465/1436/1485 1481/1437/1486 1484/1438/1487
f 1485/1439/1488 1462/1440/1489 1482/1441/1490
f 1482/1442/1490 1467/1443/1491 1483/1433/1482
f 1466/1434/1483 1484/1444/1487 1480/1435/1484
f 1464/1445/1492 1485/1439/1488 1481/1437/1486
f 1472/1446/1493 1508/1447/1494 1510/1448/1495
f 1473/1449/1496 1499/1450/1497 1496/1451/1498
f 1468/1452/1499 1507/1453/1500 1509/1454/1501
f 1469/1455/1502 1497/1456/1503 1494/1457/1504
f 1511/1458/1505 1471/1459/1506 1506/1460/1507
f 1498/1461/1508 1470/1462/1509 1495/1463/1510
f 1508/1447/1494 1476/1464/1511 1511/1465/1505
f 1499/1450/1497 1477/1466/1512 1498/1467/1508
f 1475/1468/1513 1510/1448/1495 1507/1469/1500
f 1474/1470/1514 1496/1451/1498 1497/1471/1503
f 1506/1460/1507 1468/1452/1499 1509/1454/1501
f 1495/1463/1510 1469/1455/1502 1494/1457/1504
f 1481/1437/1486 1490/1472/1515 1492/1473/1516
f 1491/1474/1517 1484/1444/1487 1489/1475/1518
f 1482/1442/1490 1488/1476/1519 1493/1477/1520
f 1485/1439/1488 1493/1478/1520 1490/1472/1515
f 1489/1479/1518 1481/1437/1486 1492/1473/1516
f 1488/1476/1519 1480/1435/1484 1491/1474/1517
f 1467/1443/1491 1486/1480/1521 1466/1434/1483
f 1463/1481/1522 1486/1482/1521 1487/1483/1523
f 1464/1445/1492 1465/1436/1485 1486/1482/1521
f 1487/1483/1523 1462/1440/1489 1463/1481/1522
f 1467/1443/1491 1462/1484/1489 1487/1485/1523
f 1486/1480/1521 1465/1486/1485 1466/1434/1483
f 1470/1462/1509 1491/1474/1517 1469/1455/1502
f 1474/1470/1514 1492/1473/1516 1473/1449/1496
f 1490/1472/1515 1477/1466/1512 1478/1487/1524
f 1493/1477/1520 1470/1462/1509 1477/1488/1512
f 1469/1455/1502 1489/1475/1518 1474/1489/1514
f 1492/1473/1516 1478/1487/1524 1473/1449/1496
f 1500/1490/1525 1494/1457/1504 1503/1491/1526
f 1501/1492/1527 1496/1451/1498 1504/1493/1528
f 1499/1450/1497 1505/1494/1529 1502/1495/1530
f 1498/1461/1508 1500/1490/1525 1505/1496/1529
f 1503/1491/1526 1497/1456/1503 1501/1497/1527
f 1496/1451/1498 1502/1495/1530 1504/1493/1528
f 1504/1493/1528 1479/1498/1531 1472/1446/1493
f 1468/1452/1499 1501/1497/1527 1475/1499/1513
f 1505/1496/1529 1471/1459/1506 1476/1500/1511
f 1502/1495/1530 1476/1464/1511 1479/1498/1531
f 1475/1468/1513 1504/1493/1528 1472/1446/1493
f 1471/1459/1506 1503/1491/1526 1468/1452/1499
f 1506/1460/1507 1515/1501/1532 1512/1502/1533
f 1507/1469/1500 1516/1503/1534 1513/1504/1535
f 1514/1505/1536 1511/1465/1505 1517/1506/1537
f 1517/1507/1537 1506/1460/1507 1512/1502/1533
f 1509/1454/1501 1513/1508/1535 1515/1501/1532
f 1516/1503/1534 1508/1447/1494 1514/1505/1536
f 1458/1509/1538 1514/1505/1536 1457/1510/1539
f 1515/1501/1532 1459/1511/1540 1460/1512/1541
f 1517/1507/1537 1461/1513/1542 1456/1514/1543
f 1457/1510/1539 1517/1506/1537 1456/1515/1543
f 1459/1516/1540 1516/1503/1534 1458/1509/1538
f 1512/1502/1533 1460/1512/1541 1461/1513/1542
f 1545/1517/1544 1528/1518/1545 1542/1519/1546
f 1527/1520/1547 1543/1521/1548 1546/1522/1549
f 1547/1523/1550 1524/1524/1551 1544/1525/1552
f 1544/1526/1552 1529/1527/1553 1545/1517/1544
f 1528/1518/1545 1546/1528/1549 1542/1519/1546
f 1526/1529/1554 1547/1523/1550 1543/1521/1548
f 1534/1530/1555 1570/1531/1556 1572/1532/1557
f 1535/1533/1558 1561/1534/1559 1558/1535/1560
f 1530/1536/1561 1569/1537/1562 1571/1538/1563
f 1531/1539/1564 1559/1540/1565 1556/1541/1566
f 1573/1542/1567 1533/1543/1568 1568/1544/1569
f 1560/1545/1570 1532/1546/1571 1557/1547/1572
f 1570/1531/1556 1538/1548/1573 1573/1549/1567
f 1561/1534/1559 1539/1550/1574 1560/1551/1570
f 1537/1552/1575 1572/1532/1557 1569/1553/1562
f 1536/1554/1576 1558/1535/1560 1559/1555/1565
f 1568/1544/1569 1530/1536/1561 1571/1538/1563
f 1557/1547/1572 1531/1539/1564 1556/1541/1566
f 1543/1521/1548 1552/1556/1577 1554/1557/1578
f 1553/1558/1579 1546/1528/1549 1551/1559/1580
f 1544/1526/1552 1550/1560/1581 1555/1561/1582
f 1547/1523/1550 1555/1562/1582 1552/1556/1577
f 1551/1563/1580 1543/1521/1548 1554/1557/1578
f 1550/1560/1581 1542/1519/1546 1553/1558/1579
f 1529/1527/1553 1548/1564/1583 1528/1518/1545
f 1525/1565/1584 1548/1566/1583 1549/1567/1585
f 1526/1529/1554 1527/1520/1547 1548/1566/1583
f 1549/1567/1585 1524/1524/1551 1525/1565/1584
f 1529/1527/1553 1524/1568/1551 1549/1569/1585
f 1548/1564/1583 1527/1570/1547 1528/1518/1545
f 1532/1546/1571 1553/1558/1579 1531/1539/1564
f 1536/1554/1576 1554/1557/1578 1535/1533/1558
f 1552/1556/1577 1539/1550/1574 1540/1571/1586
f 1555/1561/1582 1532/1546/1571 1539/1572/1574
f 1531/1539/1564 1551/1559/1580 1536/1573/1576
f 1554/1557/1578 1540/1571/1586 1535/1533/1558
f 1562/1574/1587 1556/1541/1566 1565/1575/1588
f 1563/1576/1589 1558/1535/1560 1566/1577/1590
f 1561/1534/1559 1567/1578/1591 1564/1579/1592
f 1560/1545/1570 1562/1574/1587 1567/1580/1591
f 1565/1575/1588 1559/1540/1565 1563/1581/1589
f 1558/1535/1560 1564/1579/1592 1566/1577/1590
f 1566/1577/1590 1541/1582/1593 1534/1530/1555
f 1530/1536/1561 1563/1581/1589 1537/1583/1575
f 1567/1580/1591 1533/1543/1568 1538/1584/1573
f 1564/1579/1592 1538/1548/1573 1541/1582/1593
f 1537/1552/1575 1566/1577/1590 1534/1530/1555
f 1533/1543/1568 1565/1575/1588 1530/1536/1561
f 1574/1585/1594 1571/1538/1563 1577/1586/1595
f 1569/1553/1562 1578/1587/1596 1575/1588/1597
f 1576/1589/1598 1573/1549/1567 1579/1590/1599
f 1579/1591/1599 1568/1544/1569 1574/1585/1594
f 1571/1538/1563 1575/1592/1597 1577/1586/1595
f 1572/1532/1557 1576/1589/1598 1578/1587/1596
f 1578/1587/1596 1519/1593/1600 1520/1594/1601
f 1577/1586/1595 1521/1595/1602 1522/1596/1603
f 1518/1597/1604 1574/1585/1594 1523/1598/1605
f 1576/1589/1598 1518/1599/1604 1519/1593/1600
f 1575/1588/1597 1520/1594/1601 1521/1600/1602
f 1523/1598/1605 1577/1586/1595 1522/1596/1603
f 1585/1601/1606 1592/1602/1607 1595/1603/1608
f 1583/1604/1609 1593/1605/1610 1596/1606/1611
f 1597/1607/1612 1580/1608/1613 1594/1609/1614
f 1580/1608/1613 1595/1603/1608 1594/1609/1614
f 1584/1610/1615 1596/1606/1611 1592/1611/1607
f 1593/1605/1610 1581/1612/1616 1597/1613/1612
f 1608/1614/1617 1591/1615/1618 1611/1616/1619
f 1586/1617/1620 1609/1618/1621 1606/1619/1622
f 1590/1620/1623 1607/1621/1624 1610/1622/1625
f 1611/1623/1619 1590/1620/1623 1610/1622/1625
f 1609/1618/1621 1588/1624/1626 1608/1614/1617
f 1607/1621/1624 1586/1625/1620 1606/1626/1622
f 1604/1627/1627 1597/1613/1612 1602/1628/1628
f 1603/1629/1629 1596/1606/1611 1601/1630/1630
f 1594/1609/1614 1600/1631/1631 1605/1632/1632
f 1597/1607/1612 1605/1632/1632 1602/1633/1628
f 1601/1630/1630 1593/1605/1610 1604/1627/1627
f 1595/1603/1608 1603/1634/1629 1600/1631/1631
f 1584/1635/1615 1599/1636/1633 1598/1637/1634
f 1582/1638/1635 1599/1639/1633 1581/1612/1616
f 1582/1638/1635 1583/1604/1609 1598/1640/1634
f 1599/1636/1633 1580/1608/1613 1581/1641/1616
f 1585/1601/1606 1580/1608/1613 1599/1636/1633
f 1598/1640/1634 1583/1604/1609 1584/1610/1615
f 1600/1631/1631 1586/1625/1620 1587/1642/1636
f 1589/1643/1637 1604/1627/1627 1588/1624/1626
f 1602/1633/1628 1590/1620/1623 1591/1644/1618
f 1605/1632/1632 1587/1642/1636 1590/1620/1623
f 1586/1617/1620 1601/1630/1630 1589/1643/1637
f 1588/1624/1626 1602/1628/1628 1591/1615/1618
f 1395/1426/1477 1255/1187/1305 1396/1425/1476
f 1394/1431/1480 1261/1171/1291 1395/1426/1477
f 1394/1429/1480 1288/1163/1284 1290/1165/1286
f 1399/1430/1481 1257/1194/1312 1288/1163/1284
f 1398/1428/1479 1256/1645/1311 1257/1194/1312
f 1396/1425/1476 1256/1193/1311 1397/1432/1478
f 1332/1347/1418 1266/1174/1293 1333/1342/1415
f 1332/1345/1418 1283/1184/1302 1286/1160/1281
f 1337/1346/1419 1287/1198/1315 1283/1184/1302
f 1335/1343/1416 1287/1198/1315 1336/1344/1417
f 1335/1348/1416 1262/1170/1290 1289/1646/1285
f 1334/1341/1414 1266/1174/1293 1262/1170/1290
f 1456/1515/1543 1271/1177/1295 1457/1510/1539
f 1456/1514/1543 1278/1166/1287 1284/1168/1289
f 1460/1512/1541 1278/1166/1287 1461/1513/1542
f 1459/1511/1540 1282/1161/1282 1460/1512/1541
f 1459/1516/1540 1267/1173/1292 1285/1647/1283
f 1458/1509/1538 1271/1177/1295 1267/1173/1292
f 1523/1598/1605 1253/1199/1299 1518/1597/1604
f 1522/1596/1603 1258/1191/1309 1523/1598/1605
f 1521/1595/1602 1277/1189/1307 1522/1596/1603
f 1521/1600/1602 1272/1176/1294 1281/1648/1288
f 1520/1594/1601 1254/1183/1301 1272/1176/1294
f 1519/1593/1600 1253/1181/1299 1254/1183/1301
f 1612/1649/1638 1617/1650/1639 1613/1651/1640
f 1613/1651/1640 1608/1614/1617 1611/1616/1619
f 1326/1652/1641 1612/1653/1638 1613/1654/1640
f 1610/1622/1625 1613/1654/1640 1611/1623/1619
f 1620/1655/1642 1622/1656/1643 1329/1657/1644
f 1614/1658/1645 1623/1659/1646 1620/1655/1642
f 1618/1660/1647 1627/1661/1648 1614/1662/1645
f 1625/1663/1649 1618/1660/1647 1616/1664/1650
f 1327/1249/1357 1626/1665/1651 1625/1663/1649
f 1330/1218/1334 1627/1666/1648 1320/1238/1349
f 1624/1667/1652 1616/1664/1650 1612/1649/1638
f 1331/1241/1352 1624/1668/1652 1622/1656/1643
f 1328/1252/1339 1625/1663/1649 1624/1667/1652
f 1331/1241/1352 1623/1659/1646 1330/1218/1334
f 1329/1657/1644 1624/1668/1652 1612/1653/1638
f 1627/1661/1648 1325/1248/1356 1320/1669/1349
f 1617/1650/1639 1609/1618/1621 1608/1614/1617
f 1616/1664/1650 1619/1670/1653 1617/1650/1639
f 1619/1670/1653 1606/1619/1622 1609/1618/1621
f 1618/1660/1647 1615/1671/1654 1619/1670/1653
f 1606/1626/1622 1621/1672/1655 1607/1621/1624
f 1615/1673/1654 1620/1655/1642 1621/1672/1655
f 1607/1621/1624 1326/1652/1641 1610/1622/1625
f 1621/1672/1655 1329/1657/1644 1326/1652/1641
f 1331/1241/1352 1319/1221/1337 1328/1223/1339
f 987/874/1044 1022/805/983 1027/804/982
f 1009/1674/1656 1635/1675/1657 1642/1676/1658
f 987/1677/1659 1638/1678/1660 1632/1679/1661
f 975/1680/1662 1641/1681/1663 1629/1682/1664
f 1008/1683/1665 1634/1675/1666 1637/1684/1667
f 1628/1685/1668 1645/1686/1669 1644/1687/1670
f 985/1688/1671 1643/1681/1672 1631/1689/1673
f 977/1690/1674 1639/1678/1675 1630/1691/1676
f 1006/1692/1677 1640/1686/1678 1633/1689/1679
f 1645/1686/1669 1649/1693/1680 1663/1694/1681
f 1637/1684/1667 1636/1687/1682 1010/1695/1683
f 1010/1695/1683 1008/1683/1665 1637/1684/1667
f 1009/1674/1656 1628/1685/1668 1646/1696/1684
f 1645/1686/1669 985/1688/1671 1631/1689/1673
f 1642/1697/1658 1634/1675/1666 1008/1683/1665
f 1008/1698/1665 1009/1674/1656 1642/1676/1658
f 1643/1681/1672 985/1688/1671 977/1690/1674
f 977/1690/1674 1630/1691/1676 1643/1681/1672
f 1638/1678/1660 987/1677/1659 975/1680/1662
f 975/1680/1662 1629/1682/1664 1638/1678/1660
f 1639/1678/1675 977/1690/1674 987/1677/1659
f 987/1677/1659 1632/1679/1661 1639/1678/1675
f 1641/1681/1663 975/1680/1662 1006/1692/1677
f 1006/1692/1677 1633/1689/1679 1641/1681/1663
f 1640/1686/1678 1010/1695/1683 1636/1687/1682
f 1010/1695/1683 1640/1686/1678 1006/1692/1677
f 985/1688/1671 1645/1686/1669 1628/1685/1668
f 1646/1696/1684 1628/1685/1668 1644/1687/1670
f 1646/1696/1684 1635/1675/1657 1009/1674/1656
f 1637/1684/1667 1652/1699/1685 1655/1700/1686
f 1641/1681/1663 1651/1701/1687 1659/1702/1688
f 1640/1686/1678 1654/1703/1689 1658/1704/1690
f 1642/1697/1658 1652/1699/1685 1634/1675/1666
f 1639/1678/1675 1648/1705/1691 1630/1691/1676
f 1643/1681/1672 1648/1705/1691 1661/1706/1692
f 1641/1681/1663 1647/1705/1693 1629/1682/1664
f 1637/1684/1667 1654/1703/1689 1636/1687/1682
f 1643/1681/1672 1649/1693/1680 1631/1689/1673
f 1638/1678/1660 1647/1705/1693 1656/1707/1694
f 1645/1686/1669 1662/1708/1695 1644/1687/1670
f 1638/1678/1660 1650/1709/1696 1632/1679/1661
f 1639/1678/1675 1650/1709/1696 1657/1707/1697
f 1646/1696/1684 1653/1710/1698 1635/1675/1657
f 1640/1686/1678 1651/1701/1687 1633/1689/1679
f 1646/1696/1684 1662/1708/1695 1664/1711/1699
f 1642/1676/1658 1653/1710/1698 1660/1712/1700
f 1628/837/1009 1021/867/1038 1097/838/1010
f 1759/1713/1701 1670/1714/1702 1669/1715/1703
f 1757/1716/1704 1669/1715/1703 1667/1717/1705
f 1756/1718/1706 1672/1719/1707 1666/1720/1708
f 1753/1721/1709 1668/1722/1710 1758/1723/1711
f 1758/1723/1711 1665/1724/1712 1755/1725/1713
f 1754/1726/1714 1667/1717/1705 1672/1727/1707
f 1756/1718/1706 1671/1728/1715 1753/1721/1709
f 1755/1725/1713 1670/1714/1702 1752/1729/1716
f 1686/1730/1717 1676/1050/1192 1674/1055/1197
f 1687/1731/1718 1680/1732/1719 1677/1733/1720
f 1688/1047/1189 1679/1039/1182 1678/1734/1721
f 1684/1042/1185 1676/1050/1192 1681/1036/1179
f 1687/1731/1718 1673/1051/1193 1684/1042/1185
f 1682/1048/1190 1678/1734/1721 1680/1732/1719
f 1683/1054/1196 1675/1045/1187 1679/1044/1182
f 1685/1053/1195 1674/1055/1197 1675/1045/1187
f 1175/1735/1275 1678/1734/1721 1173/1038/1181
f 1672/1736/1722 1683/1737/1196 1688/1047/1189
f 1175/1735/1275 1677/1733/1720 1680/1732/1719
f 1671/1041/1184 1682/1048/1190 1687/1731/1718
f 1169/1056/1198 1676/1050/1192 1171/1738/1279
f 1665/1037/1180 1686/1730/1717 1670/1739/1723
f 1172/1740/1274 1673/1051/1193 1677/1733/1720
f 1669/1741/1724 1686/1730/1717 1685/1053/1195
f 1099/963/1115 1693/829/1001 1000/828/1000
f 1695/814/990 1099/963/1115 1019/863/1034
f 1000/828/1000 1689/808/985 990/803/981
f 1694/827/984 992/1742/1725 1002/824/999
f 1690/820/995 1005/816/992 992/1742/1725
f 996/809/986 1695/814/990 1019/863/1034
f 1689/808/985 1002/1743/999 990/803/981
f 1007/841/1013 998/821/996 984/869/1040
f 1697/830/1002 993/1744/976 994/822/997
f 1697/830/1002 1692/819/994 997/1745/974
f 998/821/996 981/1746/1726 984/869/1040
f 1330/1218/1334 1322/1217/1333 1331/1241/1352
f 1035/915/1084 1700/1747/1727 1037/911/1080
f 1700/1747/1727 1701/1748/1728 1702/1749/1729
f 1702/1749/1729 1703/1750/1730 1704/1751/1731
f 1703/1750/1730 1706/1752/1732 1704/1751/1731
f 1053/897/1067 1706/1752/1732 1705/1753/1733
f 1700/1747/1727 1707/1754/1734 1037/911/1080
f 1711/1755/1735 1700/1747/1727 1702/1749/1729
f 1707/1754/1734 1032/940/1101 1037/911/1080
f 1707/1754/1734 1709/1756/1736 1708/1757/1737
f 1052/885/1055 1713/1758/1738 1706/1752/1732
f 1713/1758/1738 1704/1751/1731 1706/1752/1732
f 1712/1759/1739 1702/1749/1729 1704/1751/1731
f 1061/888/1058 1715/1760/1740 1713/1758/1738
f 1715/1760/1740 1711/1755/1735 1712/1759/1739
f 1710/1761/1741 1714/1762/1742 1709/1756/1736
f 1060/1763/1102 1709/1756/1736 1714/1762/1742
f 1056/893/1063 1714/1762/1742 1715/1760/1740
f 1072/1764/1280 1708/1757/1737 1060/1763/1102
f 1057/891/1061 1715/1760/1740 1061/888/1058
f 1713/1758/1738 1715/1760/1740 1712/1759/1739
f 1009/1674/1743 1729/1676/1744 1722/1675/1745
f 987/1677/1746 1719/1679/1747 1725/1678/1748
f 975/1680/1749 1716/1682/1750 1728/1681/1751
f 1008/1683/1752 1724/1684/1753 1721/1675/1754
f 1628/1685/1755 1731/1687/1756 1732/1686/1757
f 985/1688/1758 1718/1689/1759 1730/1681/1760
f 977/1690/1761 1717/1691/1762 1726/1678/1763
f 1006/1692/1764 1720/1689/1765 1727/1686/1766
f 1732/1686/1757 1736/1693/1767 1718/1689/1759
f 1724/1684/1753 1010/1695/1768 1723/1687/1769
f 1010/1695/1768 1724/1684/1753 1008/1683/1752
f 1009/1674/1743 1733/1696/1770 1628/1685/1755
f 1732/1686/1757 1718/1689/1759 985/1688/1758
f 1729/1676/1744 1008/1683/1752 1721/1675/1754
f 1008/1698/1752 1729/1676/1744 1009/1674/1743
f 1730/1681/1760 977/1690/1761 985/1688/1758
f 977/1690/1761 1730/1681/1760 1717/1691/1762
f 1725/1678/1748 975/1680/1749 987/1677/1746
f 975/1680/1749 1725/1678/1748 1716/1682/1750
f 1726/1678/1763 987/1677/1746 977/1690/1761
f 987/1677/1746 1726/1678/1763 1719/1679/1747
f 1728/1681/1751 1006/1692/1764 975/1680/1749
f 1006/1692/1764 1728/1681/1751 1720/1689/1765
f 1727/1686/1766 1723/1687/1769 1010/1695/1768
f 1010/1695/1768 1006/1692/1764 1727/1686/1766
f 985/1688/1758 1628/1685/1755 1732/1686/1757
f 1733/1696/1770 1731/1687/1756 1628/1685/1755
f 1733/1696/1770 1009/1674/1743 1722/1675/1745
f 1724/1684/1753 1739/1699/1771 1721/1675/1754
f 1728/1681/1751 1738/1701/1772 1720/1689/1765
f 1727/1686/1766 1741/1703/1773 1723/1687/1769
f 1739/1699/1771 1729/1676/1744 1721/1675/1754
f 1735/1705/1774 1726/1678/1763 1717/1691/1762
f 1730/1681/1760 1735/1705/1774 1717/1691/1762
f 1734/1705/1775 1728/1681/1751 1716/1682/1750
f 1741/1703/1773 1724/1684/1753 1723/1687/1769
f 1736/1693/1767 1730/1681/1760 1718/1689/1759
f 1725/1678/1748 1734/1705/1775 1716/1682/1750
f 1749/1708/1776 1732/1686/1757 1731/1687/1756
f 1737/1709/1777 1725/1678/1748 1719/1679/1747
f 1726/1678/1763 1737/1709/1777 1719/1679/1747
f 1740/1710/1778 1733/1696/1770 1722/1675/1745
f 1738/1701/1772 1727/1686/1766 1720/1689/1765
f 1733/1696/1770 1749/1708/1776 1731/1687/1756
f 1729/1676/1744 1740/1710/1778 1722/1675/1745
f 1192/1094/1234 1752/1729/1716 1197/1088/1228
f 1193/1092/1232 1753/1721/1709 1198/1096/1235
f 1199/1095/1231 1757/1716/1704 1754/1726/1714
f 1195/1093/1233 1755/1725/1713 1192/1094/1234
f 1198/1096/1235 1758/1723/1711 1195/1093/1233
f 1193/1092/1232 1754/1765/1714 1756/1718/1706
f 1194/1090/1230 1759/1713/1701 1757/1716/1704
f 1196/1089/1229 1752/1729/1716 1759/1713/1701
f 1776/790/1779 1763/791/1780 1852/898/1781
f 1772/794/1782 1769/793/1783 1778/795/1784
f 1774/796/1785 993/798/976 1767/797/1786
f 1774/796/1785 1761/799/1787 1772/794/1782
f 995/800/978 1764/801/1788 980/903/1072
f 1778/795/1784 1763/791/1780 1770/792/1789
f 1801/804/1790 1771/803/1791 1797/805/1792
f 2454/807/1793 1770/806/1789 2450/808/1794
f 1804/810/1795 996/809/986 1024/811/988
f 1691/812/989 1795/813/1796 995/1766/978
f 1798/815/1797 1780/816/1798 1773/1742/1799
f 2452/819/1800 1772/818/1782 2451/820/1801
f 994/822/997 1775/821/1802 1698/823/998
f 1798/815/1797 1779/824/1803 1801/825/1790
f 2451/820/1801 1778/826/1784 2454/827/1793
f 1771/803/1791 1777/828/1804 1797/805/1792
f 2453/829/1805 1770/806/1789 1776/962/1779
f 1775/821/1802 2457/830/1806 2452/819/1800
f 1783/832/1807 1028/831/1003 1802/833/1808
f 1003/834/1006 1783/832/1807 1784/1767/1809
f 1766/836/1810 1858/838/1811 2389/837/1812
f 1802/833/1808 1785/839/1813 1783/832/1807
f 1799/817/1814 1782/841/1815 1780/816/1798
f 1786/844/1816 1781/843/1817 1760/845/1818
f 1768/846/1819 1786/844/1816 1760/845/1818
f 1793/849/1820 1783/848/1821 1785/850/1822
f 1766/851/1823 1787/852/1824 1762/855/1825
f 1790/854/1826 1785/850/1822 1781/843/1817
f 1762/855/1825 1789/847/1827 1768/846/1819
f 1791/857/1828 1784/856/1829 1783/858/1821
f 1788/853/1830 1766/851/1823 2389/859/1831
f 2455/814/1832 1862/861/1833 1795/813/1796
f 1861/864/1834 1794/863/1835 1804/810/1795
f 979/866/1037 1784/865/1809 1796/867/1836
f 1858/838/1811 1804/810/1795 1796/867/1836
f 1781/868/1837 1803/842/1838 1799/817/1814
f 1765/869/1839 1975/840/1840 1802/833/1808
f 1765/869/1839 1028/831/1003 981/1746/1726
f 1762/871/1841 1800/870/1842 1766/836/1810
f 1760/872/1843 1801/825/1790 1768/873/1844
f 1781/868/1837 1798/815/1797 1760/872/1843
f 1796/867/1836 1024/811/988 979/866/1037
f 1762/871/1841 1768/874/1844 1797/805/1792
f 1800/870/1842 1797/805/1792 1777/828/1804
f 1807/876/1845 1041/875/1045 1809/877/1846
f 1836/879/1847 1835/878/1848 1813/880/1849
f 1767/797/1786 1827/881/1850 1761/799/1787
f 1817/882/1851 1826/883/1852 1827/881/1850
f 1819/885/1853 1826/883/1852 1818/884/1854
f 1761/799/1787 1823/886/1855 1769/793/1783
f 1826/883/1852 1823/886/1855 1827/881/1850
f 1825/888/1856 1822/887/1857 1826/883/1852
f 1823/886/1855 1763/791/1780 1769/793/1783
f 1822/887/1857 1816/889/1858 1823/886/1855
f 1821/891/1859 1815/890/1860 1822/887/1857
f 1820/893/1861 1814/892/1862 1821/891/1859
f 982/894/1064 1055/895/1065 1767/797/1786
f 1055/895/1065 1818/884/1854 1817/882/1851
f 1054/896/1066 1053/897/1067 1818/884/1854
f 1816/889/1858 1852/898/1781 1763/791/1780
f 1815/890/1860 1850/899/1863 1816/889/1858
f 1814/892/1862 1853/900/1864 1815/890/1860
f 1813/902/1849 1851/901/1865 1814/892/1862
f 1812/904/1866 980/903/1072 1764/801/1788
f 1811/906/1867 1038/905/1074 1812/904/1866
f 1811/906/1867 1040/907/1076 1039/1768/1868
f 1809/877/1846 1040/907/1076 1810/908/1869
f 1807/876/1845 1066/909/1078 1034/1769/1870
f 1808/911/1871 1854/912/1872 1805/940/1873
f 1086/914/1083 1808/911/1871 1035/915/1084
f 1829/917/1874 1864/916/1875 1806/918/1876
f 1856/919/1877 1807/876/1845 1864/916/1875
f 1828/920/1878 1866/921/1879 1832/932/1880
f 384/924/380 1833/923/1881 1831/925/1882
f 1833/923/1881 382/926/384 1830/928/1883
f 1830/928/1883 216/929/1094 1066/1770/1078
f 222/930/224 1831/925/1882 1067/931/1095
f 1832/932/1880 1839/933/1884 1828/920/1878
f 1829/917/1874 1841/935/1885 1832/964/1880
f 1806/918/1876 1840/936/1886 1829/917/1874
f 1837/938/1887 1813/880/1849 1820/939/1861
f 1839/933/1884 1805/940/1873 1828/920/1878
f 1824/941/1888 1837/942/1887 1820/1771/1861
f 1835/878/1848 1845/944/1889 1840/946/1886
f 1840/946/1886 1846/947/1890 1841/951/1885
f 1839/948/1884 1842/949/1891 1834/1159/1892
f 1841/951/1885 1844/950/1893 1839/948/1884
f 1833/952/1881 1856/919/1877 1866/1772/1879
f 1067/953/1095 1847/913/1894 1086/914/1083
f 1852/898/1781 1862/954/1833 1776/790/1779
f 1853/900/1864 1865/956/1895 1850/899/1863
f 1851/901/1865 1859/957/1896 1853/900/1864
f 1849/959/1897 1855/958/1898 1851/901/1865
f 1806/918/1876 1863/960/1899 1849/959/1897
f 1865/956/1895 1852/898/1781 1850/899/1863
f 1847/913/1894 1848/922/1900 1854/912/1872
f 1854/912/1872 1828/920/1878 1805/940/1873
f 1859/957/1896 1812/904/1866 1865/956/1895
f 1855/958/1898 1811/906/1867 1859/957/1896
f 2456/862/1901 1776/962/1779 1862/861/1833
f 1863/960/1899 1810/908/1869 1855/958/1898
f 1864/916/1875 1809/877/1846 1863/960/1899
f 1800/870/1842 1860/963/1902 1861/864/1834
f 1865/956/1895 1764/801/1788 1857/955/1903
f 1766/836/1810 1861/864/1834 1858/838/1811
f 1856/919/1877 1832/964/1880 1866/1772/1879
f 1857/955/1903 1795/802/1796 1862/954/1833
f 1848/922/1900 1833/965/1881 1866/921/1879
f 1835/937/1848 1849/959/1897 1813/902/1849
f 1905/966/1904 1868/967/1905 1902/979/1906
f 1904/969/1907 1873/970/1908 1911/1773/1909
f 1900/972/1910 1872/971/1911 1904/969/1907
f 1869/974/1912 1900/972/1910 1909/975/1913
f 1898/976/1914 1870/968/1915 1905/966/1904
f 1868/967/1905 1907/978/1916 1902/979/1906
f 1873/980/1908 1898/976/1914 1911/981/1909
f 1867/982/1917 1909/975/1913 1907/978/1916
f 1926/983/1918 1879/984/1919 1927/993/1920
f 1880/987/1921 1921/986/1922 1928/988/1923
f 1878/989/1924 1926/983/1918 1923/990/1925
f 1921/986/1922 1876/991/1926 1925/999/1927
f 1927/993/1920 1879/984/1919 1922/994/1928
f 1924/995/1929 1920/997/1930 1880/996/1921
f 1924/995/1929 1880/996/1921 1928/998/1923
f 1925/999/1927 1878/989/1924 1923/990/1925
f 1843/945/1931 1893/1000/1932 1845/944/1889
f 1882/1001/1933 1894/1002/1934 1893/1000/1932
f 1895/1004/1935 1837/942/1887 1838/943/1936
f 1896/1006/1937 1888/1005/1938 1895/1004/1935
f 1891/1007/1939 1838/943/1936 1842/949/1891
f 1892/1008/1940 1895/1004/1935 1891/1007/1939
f 1844/950/1893 1891/1007/1939 1842/949/1891
f 1885/1010/1941 1891/1007/1939 1886/1009/1942
f 1836/879/1847 1882/1001/1933 1843/945/1931
f 1889/1011/1943 1881/1003/1944 1882/1001/1933
f 1845/944/1889 1884/1013/1945 1846/947/1890
f 1893/1000/1932 1883/1014/1946 1884/1013/1945
f 1837/938/1887 1889/1011/1943 1836/879/1847
f 1888/1015/1938 1890/1012/1947 1889/1011/1943
f 1884/1013/1945 1844/950/1893 1846/947/1890
f 1883/1014/1946 1886/1009/1942 1884/1013/1945
f 1908/1018/1948 1915/1017/1949 1914/1019/1950
f 1907/978/1916 1910/1020/1951 1908/1018/1948
f 1916/1021/1952 1897/1022/1953 1917/1026/1954
f 1912/1023/1955 1898/976/1914 1897/1022/1953
f 1919/1024/1956 1908/1018/1948 1914/1019/1950
f 1902/979/1906 1908/1018/1948 1901/1025/1957
f 1917/1026/1954 1906/1027/1958 1913/1033/1959
f 1898/976/1914 1906/1027/1958 1897/1022/1953
f 1910/1020/1951 1918/1028/1960 1915/1017/1949
f 1909/975/1913 1899/1029/1961 1910/1020/1951
f 1899/1029/1961 1920/997/1930 1918/1028/1960
f 1900/972/1910 1903/1030/1962 1899/1029/1961
f 1903/1030/1962 1916/1031/1952 1920/997/1930
f 1904/969/1907 1912/1032/1955 1903/1030/1962
f 1913/1033/1959 1901/1025/1957 1919/1024/1956
f 1905/966/1904 1901/1025/1957 1906/1027/1958
f 1876/991/1926 1919/1024/1956 1878/989/1924
f 1924/995/1929 1918/1028/1960 1920/997/1930
f 1875/992/1963 1913/1033/1959 1876/991/1926
f 1878/989/1924 1914/1019/1950 1877/985/1964
f 1880/987/1921 1917/1026/1954 1875/992/1963
f 1914/1019/1950 1879/984/1919 1877/985/1964
f 1881/1003/1944 1923/990/1925 1894/1002/1934
f 1924/995/1929 1887/1034/1965 1896/1006/1937
f 1922/994/1928 1896/1006/1937 1892/1008/1940
f 1927/993/1920 1892/1008/1940 1885/1010/1941
f 1890/1012/1947 1925/999/1927 1881/1003/1944
f 1894/1002/1934 1926/983/1918 1883/1014/1946
f 1928/988/1923 1890/1012/1947 1887/1016/1965
f 1883/1014/1946 1927/993/1920 1885/1010/1941
f 1918/1028/1960 1879/984/1919 1915/1017/1949
f 1920/997/1930 1916/1031/1952 1880/996/1921
f 1879/984/1919 1918/1028/1960 1922/994/1928
f 2442/1036/1966 2429/1035/1967 2426/1037/1968
f 2440/1039/1969 1934/1038/1970 1935/1040/1971
f 2445/1042/1972 2432/1041/1973 2429/1035/1967
f 1931/1043/1974 2440/1044/1969 1935/1774/1971
f 2427/1046/1975 2449/1047/1976 2433/1736/1977
f 1929/1049/1978 2437/1050/1979 1932/1738/1980
f 2428/1052/1981 2446/1053/1982 2430/1741/1983
f 2435/1055/1984 1931/1043/1974 1930/1056/1985
f 1974/1057/1986 1938/1058/1987 1968/1073/1988
f 1972/1060/1989 1944/1059/1990 1974/1057/1986
f 1939/1063/1991 1969/1062/1992 1971/1064/1993
f 1943/1066/1994 1961/1065/1995 1973/1067/1996
f 1937/1068/1997 1973/1067/1996 1970/1069/1998
f 1969/1070/1992 1941/1061/1999 1972/1060/1989
f 1940/1072/2000 1971/1064/1993 1961/1065/1995
f 1968/1073/1988 1937/1068/1997 1970/1069/1998
f 1787/852/1824 1970/1069/1998 1789/847/1827
f 1944/1059/1990 1950/1074/2001 1938/1058/1987
f 1965/1076/2002 1946/1078/2003 1963/1077/2004
f 1967/1079/2005 1948/1081/2006 1951/1080/2007
f 1945/1082/2008 1967/1079/2005 1964/1083/2009
f 1963/1084/2004 1947/1085/2010 1966/1097/2011
f 1951/1080/2007 1965/1076/2002 1962/1087/2012
f 1970/1069/1998 1786/844/1816 1789/847/1827
f 1949/1075/2013 1958/1088/2014 1950/1074/2001
f 1947/1085/2010 1957/1089/2015 1949/1075/2013
f 1946/1078/2003 1960/1091/2016 1952/1098/2017
f 1956/1093/2018 1951/1080/2007 1948/1081/2006
f 1953/1094/2019 1948/1081/2006 1945/1082/2008
f 1952/1086/2017 1955/1090/2020 1947/1085/2010
f 1959/1096/2021 1946/1078/2003 1951/1080/2007
f 1958/1088/2014 1945/1082/2008 1950/1074/2001
f 1938/1058/1987 1964/1083/2009 1937/1068/1997
f 1962/1087/2012 1939/1063/1991 1940/1072/2000
f 1963/1084/2004 1941/1061/1999 1942/1071/2022
f 1964/1083/2009 1943/1066/1994 1937/1068/1997
f 1943/1066/1994 1967/1079/2005 1940/1072/2000
f 1939/1063/1991 1965/1076/2002 1963/1077/2004
f 1941/1061/1999 1966/1097/2011 1944/1059/1990
f 1961/1065/1995 1793/849/1820 1790/854/1826
f 1964/1083/2009 1938/1058/1987 1950/1074/2001
f 1967/1079/2005 1962/1087/2012 1940/1072/2000
f 1946/1078/2003 1952/1098/2017 1963/1077/2004
f 1963/1077/2004 1942/1099/2022 1939/1063/1991
f 1951/1080/2007 1962/1087/2012 1967/1079/2005
f 1949/1075/2013 1966/1097/2011 1947/1085/2010
f 1791/857/1828 1972/1060/1989 1792/860/2023
f 1966/1097/2011 1949/1075/2013 1944/1059/1990
f 1950/1074/2001 1945/1082/2008 1964/1083/2009
f 1973/1067/1996 1790/854/1826 1786/844/1816
f 1971/1064/1993 1791/1100/1828 1793/849/1820
f 1792/860/2023 1974/1057/1986 1788/853/1830
f 1788/853/1830 1968/1073/1988 1787/852/1824
f 1765/869/1839 1803/842/1838 1975/840/1840
f 1975/840/1840 1803/842/1838 1785/839/1813
f 1980/1101/2024 1979/1102/2025 1978/1775/2026
f 1977/1105/2027 1982/1104/2024 1976/1106/2027
f 1983/1108/2024 1981/1107/2024 1982/1104/2024
f 1981/1107/2024 1985/1103/2024 1980/1101/2024
f 1988/1110/2028 2008/1111/2029 1990/1125/2030
f 1987/1113/2031 1997/1115/2032 1999/1114/2033
f 1992/1116/2034 1998/1118/2035 1986/1117/2036
f 1989/1119/2037 2012/1112/2038 1988/1110/2028
f 1982/1121/2039 1986/1117/2036 1976/1126/2040
f 1987/1113/2031 1983/1122/2041 1977/1123/2042
f 1978/1124/2026 1990/1125/2030 1980/1129/2043
f 1986/1117/2036 1977/1123/2042 1976/1126/2040
f 1983/1122/2041 1994/1127/2044 1984/1134/2045
f 1980/1129/2043 1991/1130/2046 1981/1135/2047
f 1995/1132/2048 1979/1131/2025 1985/1133/2049
f 1994/1127/2044 1985/1133/2049 1984/1134/2045
f 1991/1130/2046 1982/1121/2039 1981/1135/2047
f 1989/1119/2037 1978/1124/2026 1979/1136/2025
f 1996/1137/2050 2003/1138/2051 1997/1115/2032
f 2006/1141/2052 2000/1140/2053 1998/1118/2035
f 1996/1137/2050 1987/1113/2031 1986/1117/2036
f 1999/1114/2033 1994/1127/2044 1993/1128/2054
f 1990/1125/2030 2011/1142/2055 1991/1130/2046
f 2013/1144/2056 1989/1143/2037 1995/1132/2048
f 2009/1145/2057 1995/1132/2048 1994/1127/2044
f 1991/1130/2046 2011/1142/2055 2006/1141/2052
f 2001/1139/2058 1998/1118/2035 2000/1140/2053
f 1933/1147/2059 2004/1146/2060 1936/1148/2061
f 2002/1149/2062 1999/1114/2033 2003/1138/2051
f 1933/1147/2059 2007/1150/2063 2005/1152/2064
f 2000/1140/2053 2003/1138/2051 2001/1139/2058
f 1999/1114/2033 1997/1115/2032 2003/1138/2051
f 1998/1118/2035 2001/1139/2058 1996/1137/2050
f 1998/1118/2035 1991/1130/2046 2006/1141/2052
f 2007/1150/2063 2009/1145/2057 1994/1127/2044
f 2005/1152/2064 2000/1140/2053 2004/1146/2060
f 2006/1141/2052 1936/1148/2061 2004/1146/2060
f 2007/1150/2063 2002/1149/2062 2005/1152/2064
f 2009/1145/2057 2007/1150/2063 1929/1151/1978
f 2011/1142/2055 1934/1153/1970 2006/1141/2052
f 1930/1154/1985 2012/1112/2038 2010/1120/2065
f 2008/1111/2029 1934/1153/1970 2011/1142/2055
f 1931/1156/1974 2008/1111/2029 2012/1112/2038
f 1932/1158/1980 2010/1157/2065 2013/1144/2056
f 1929/1151/1978 2013/1144/2056 2009/1145/2057
f 1998/1118/2035 1996/1137/2050 1986/1117/2036
f 1999/1114/2033 1993/1128/2054 1987/1113/2031
f 993/798/976 982/894/1064 1767/797/1786
f 1055/895/1065 1817/882/1851 1767/797/1786
f 1053/897/1067 1819/885/1853 1818/884/1854
f 1834/1159/1892 1838/943/1936 1824/941/1888
f 2047/1160/2066 2043/1161/2067 2044/1184/2068
f 2050/1164/2069 2049/1163/2070 2051/1165/2071
f 2042/1167/2072 2039/1166/2073 2045/1168/2074
f 2023/1170/2075 2051/1169/2071 2022/1171/2076
f 2028/1173/2077 2047/1172/2066 2027/1174/2078
f 2033/1176/2079 2045/1175/2074 2032/1177/2080
f 2020/1178/2081 2043/1161/2067 2039/1166/2073
f 2049/1163/2070 2035/1179/2082 2018/1194/2083
f 2040/1182/2084 2014/1181/2085 2015/1183/2086
f 2043/1161/2067 2052/1185/2087 2044/1184/2068
f 2037/1186/2088 2022/1171/2076 2016/1187/2089
f 2023/1170/2075 2022/1171/2076 2030/1188/2090
f 2034/1190/2091 2038/1189/2092 2019/1191/2093
f 2036/1192/2094 2016/1187/2089 2017/1193/2095
f 2039/1166/2073 2038/1189/2092 2020/1178/2081
f 2018/1194/2083 2036/1195/2094 2017/1645/2095
f 2028/1173/2077 2024/1196/2096 2032/1177/2080
f 2033/1176/2079 2032/1177/2080 2024/1196/2096
f 2052/1185/2087 2048/1198/2097 2044/1184/2068
f 2014/1199/2085 2034/1190/2091 2019/1191/2093
f 2049/1163/2070 2048/1198/2097 2054/1180/2098
f 2030/1188/2090 2027/1174/2078 2023/1170/2075
f 2024/1196/2096 2015/1183/2086 2033/1176/2079
f 2027/1174/2078 2026/1197/2099 2028/1173/2077
f 2064/1201/2100 2021/1202/2101 2063/1226/2102
f 2057/1204/2103 2064/1201/2100 2066/1205/2104
f 2056/1206/2105 2066/1205/2104 2068/1207/2106
f 2072/1208/2107 2059/1209/2108 2071/1776/2109
f 2055/1212/2110 2075/1211/2111 2076/1213/2112
f 2078/1214/2113 2058/1210/2114 2072/1208/2107
f 2082/1216/2115 2091/1218/2116 2083/1217/2117
f 2029/1219/2118 2076/1213/2112 2084/1220/2119
f 2080/1221/2120 2089/1223/2121 2069/1222/2122
f 2075/1211/2111 2061/1224/2123 2082/1777/2115
f 2063/1226/2102 2053/1215/2124 2078/1214/2113
f 2059/1227/2108 2084/1220/2119 2071/1228/2109
f 2041/1200/2125 2085/1229/2126 2034/1190/2091
f 2071/1228/2109 2085/1229/2126 2070/1230/2127
f 2026/1197/2099 2079/1231/2128 2024/1196/2096
f 2062/1232/2129 2078/1214/2113 2079/1231/2128
f 2074/1233/2130 2054/1180/2098 2052/1185/2087
f 2075/1211/2111 2083/1234/2117 2074/1233/2130
f 2035/1179/2082 2069/1235/2122 2036/1195/2094
f 2061/1237/2123 2031/1239/2131 2081/1238/2132
f 2034/1190/2091 2077/1240/2133 2020/1178/2081
f 2085/1229/2126 2076/1213/2112 2077/1240/2133
f 2054/1180/2098 2080/1236/2120 2035/1179/2082
f 2083/1217/2117 2092/1241/2134 2080/1221/2120
f 2024/1196/2096 2073/1242/2135 2040/1182/2084
f 2079/1231/2128 2072/1208/2107 2073/1242/2135
f 2077/1240/2133 2052/1185/2087 2020/1178/2081
f 2077/1240/2133 2075/1211/2111 2074/1233/2130
f 2040/1182/2084 2070/1243/2127 2041/1778/2125
f 2072/1208/2107 2070/1243/2127 2073/1242/2135
f 2069/1244/2122 2037/1186/2088 2036/1192/2094
f 2068/1207/2106 2067/1245/2136 2069/1244/2122
f 2067/1245/2136 2030/1188/2090 2037/1186/2088
f 2066/1205/2104 2065/1246/2137 2067/1245/2136
f 2065/1246/2137 2026/1197/2099 2030/1188/2090
f 2064/1201/2100 2062/1232/2129 2065/1246/2137
f 2068/1247/2106 2086/1248/2138 2056/1251/2105
f 2031/1250/2131 2086/1248/2138 2081/1669/2132
f 2061/1237/2123 2091/1218/2116 2082/1216/2115
f 2089/1252/2121 2068/1247/2106 2069/1253/2122
f 2025/1203/2139 1867/1254/1917 2021/1202/2101
f 2059/1227/2108 1874/1256/2140 2029/1219/2118
f 1867/1254/1917 2053/1215/2124 2021/1202/2101
f 2053/1215/2124 1868/1258/1905 2058/1210/2114
f 2057/1204/2103 1869/1255/1912 2025/1203/2139
f 2031/1250/2131 1871/1259/2141 2056/1251/2105
f 1871/1260/2141 2057/1204/2103 2056/1206/2105
f 2060/1225/2142 1872/1261/1911 2061/1224/2123
f 2058/1210/2114 1870/1263/1915 2059/1209/2108
f 1874/1256/2140 2060/1225/2142 2055/1212/2110
f 2029/1219/2118 1874/1256/2140 2055/1212/2110
f 2031/1239/2131 2061/1237/2123 1872/1264/1911
f 2120/1265/2143 2103/1266/2144 2104/1275/2145
f 2118/1269/2146 2102/1268/2147 2121/1270/2148
f 2122/1271/2149 2099/1272/2150 2100/1313/2151
f 2119/1274/2152 2104/1275/2145 2099/1316/2150
f 2121/1276/2148 2103/1266/2144 2117/1267/2153
f 2122/1271/2149 2101/1277/2154 2118/1269/2146
f 2147/1278/2155 2116/1279/2156 2109/1330/2157
f 2136/1282/2158 2110/1281/2159 2133/1283/2160
f 2144/1285/2161 2105/1284/2162 2146/1286/2163
f 2134/1288/2164 2106/1287/2165 2131/1289/2166
f 2148/1290/2167 2108/1291/2168 2113/1332/2169
f 2135/1293/2170 2107/1294/2171 2114/1320/2172
f 2145/1280/2173 2113/1296/2169 2116/1279/2156
f 2136/1282/2158 2114/1298/2172 2115/1319/2174
f 2147/1278/2155 2112/1300/2175 2144/1301/2161
f 2133/1283/2160 2111/1302/2176 2134/1303/2164
f 2143/1292/2177 2105/1284/2162 2108/1291/2168
f 2131/1289/2166 2107/1294/2171 2132/1295/2178
f 2129/1304/2179 2122/1271/2149 2118/1269/2146
f 2128/1306/2180 2121/1276/2148 2117/1267/2153
f 2125/1308/2181 2119/1274/2152 2130/1309/2182
f 2130/1310/2182 2122/1271/2149 2127/1305/2183
f 2126/1311/2184 2118/1269/2146 2121/1270/2148
f 2128/1306/2180 2120/1265/2143 2125/1308/2181
f 2123/1312/2185 2104/1275/2145 2103/1266/2144
f 2100/1313/2151 2123/1314/2185 2101/1277/2154
f 2101/1277/2154 2123/1314/2185 2102/1268/2147
f 2124/1315/2186 2100/1313/2151 2099/1272/2150
f 2104/1275/2145 2124/1317/2186 2099/1316/2150
f 2123/1312/2185 2103/1266/2144 2102/1318/2147
f 2106/1287/2165 2125/1308/2181 2107/1294/2171
f 2111/1302/2176 2129/1304/2179 2126/1311/2184
f 2114/1298/2172 2127/1305/2183 2115/1319/2174
f 2107/1294/2171 2130/1309/2182 2114/1320/2172
f 2106/1287/2165 2126/1307/2184 2128/1306/2180
f 2110/1281/2159 2127/1305/2183 2129/1304/2179
f 2140/1322/2187 2132/1295/2178 2137/1323/2188
f 2138/1324/2189 2133/1283/2160 2134/1303/2164
f 2142/1326/2190 2136/1282/2158 2139/1327/2191
f 2137/1323/2188 2135/1293/2170 2142/1328/2190
f 2140/1322/2187 2134/1288/2164 2131/1289/2166
f 2139/1327/2191 2133/1283/2160 2141/1325/2192
f 2116/1279/2156 2141/1325/2192 2109/1330/2157
f 2105/1284/2162 2138/1329/2189 2140/1322/2187
f 2108/1291/2168 2142/1328/2190 2113/1332/2169
f 2113/1296/2169 2139/1327/2191 2116/1279/2156
f 2112/1300/2175 2141/1325/2192 2138/1324/2189
f 2108/1291/2168 2140/1322/2187 2137/1323/2188
f 2149/1333/2193 2146/1286/2163 2143/1292/2177
f 2153/1335/2194 2144/1301/2161 2150/1336/2195
f 2151/1337/2196 2148/1297/2167 2145/1280/2173
f 2154/1339/2197 2143/1292/2177 2148/1290/2167
f 2150/1340/2195 2146/1286/2163 2152/1334/2198
f 2151/1337/2196 2147/1278/2155 2153/1335/2194
f 2095/1341/2199 2151/1337/2196 2153/1335/2194
f 2096/1343/2200 2152/1334/2198 2097/1344/2201
f 2093/1345/2202 2149/1333/2193 2154/1339/2197
f 2093/1347/2202 2151/1337/2196 2094/1342/2203
f 2096/1348/2200 2153/1335/2194 2150/1336/2195
f 2097/1344/2201 2149/1333/2193 2098/1346/2204
f 2179/1350/2205 2166/1349/2206 2182/1351/2207
f 2180/1353/2208 2164/1352/2209 2183/1354/2210
f 2184/1355/2211 2161/1356/2212 2162/1361/2213
f 2181/1358/2214 2166/1349/2206 2161/1400/2212
f 2183/1360/2210 2165/1359/2215 2179/1350/2205
f 2180/1353/2208 2162/1361/2213 2163/1399/2216
f 2209/1362/2217 2178/1363/2218 2171/1414/2219
f 2195/1365/2220 2177/1366/2221 2172/1403/2222
f 2206/1369/2223 2167/1368/2224 2208/1370/2225
f 2196/1372/2226 2168/1371/2227 2193/1373/2228
f 2210/1374/2229 2170/1375/2230 2175/1416/2231
f 2197/1377/2232 2169/1378/2233 2176/1404/2234
f 2207/1364/2235 2175/1380/2231 2178/1363/2218
f 2198/1367/2236 2176/1382/2234 2177/1366/2221
f 2209/1362/2217 2174/1384/2237 2206/1385/2223
f 2195/1365/2220 2173/1386/2238 2196/1387/2226
f 2208/1370/2225 2170/1375/2230 2205/1376/2239
f 2193/1373/2228 2169/1378/2233 2194/1379/2240
f 2191/1388/2241 2184/1355/2211 2180/1353/2208
f 2190/1390/2242 2183/1360/2210 2179/1350/2205
f 2187/1392/2243 2181/1358/2214 2192/1393/2244
f 2192/1394/2244 2184/1355/2211 2189/1389/2245
f 2188/1395/2246 2180/1353/2208 2183/1354/2210
f 2190/1390/2242 2182/1351/2207 2187/1392/2243
f 2185/1396/2247 2166/1349/2206 2165/1359/2215
f 2162/1361/2213 2185/1397/2247 2163/1399/2216
f 2163/1399/2216 2185/1397/2247 2164/1352/2209
f 2186/1398/2248 2162/1361/2213 2161/1356/2212
f 2166/1349/2206 2186/1401/2248 2161/1400/2212
f 2185/1396/2247 2165/1359/2215 2164/1402/2209
f 2168/1371/2227 2187/1392/2243 2169/1378/2233
f 2173/1386/2238 2191/1388/2241 2188/1395/2246
f 2176/1382/2234 2189/1389/2245 2177/1366/2221
f 2169/1378/2233 2192/1393/2244 2176/1404/2234
f 2168/1371/2227 2188/1391/2246 2190/1390/2242
f 2172/1403/2222 2189/1389/2245 2191/1388/2241
f 2202/1406/2249 2194/1379/2240 2199/1407/2250
f 2200/1408/2251 2195/1365/2220 2196/1387/2226
f 2204/1410/2252 2198/1367/2236 2201/1411/2253
f 2199/1407/2250 2197/1377/2232 2204/1412/2252
f 2202/1406/2249 2196/1372/2226 2193/1373/2228
f 2203/1409/2254 2198/1367/2236 2195/1365/2220
f 2171/1414/2219 2201/1411/2253 2203/1409/2254
f 2167/1368/2224 2200/1413/2251 2202/1406/2249
f 2170/1375/2230 2204/1412/2252 2175/1416/2231
f 2175/1380/2231 2201/1411/2253 2178/1363/2218
f 2174/1384/2237 2203/1409/2254 2200/1408/2251
f 2167/1368/2224 2199/1407/2250 2170/1375/2230
f 2214/1417/2255 2205/1376/2239 2211/1418/2256
f 2215/1419/2257 2206/1385/2223 2212/1420/2258
f 2213/1421/2259 2210/1381/2229 2207/1364/2235
f 2216/1423/2260 2205/1376/2239 2210/1374/2229
f 2212/1424/2258 2208/1370/2225 2214/1417/2255
f 2215/1419/2257 2207/1364/2235 2209/1362/2217
f 2157/1425/2261 2213/1421/2259 2215/1419/2257
f 2158/1427/2262 2214/1417/2255 2159/1428/2263
f 2155/1429/2264 2211/1418/2256 2216/1423/2260
f 2155/1431/2264 2213/1421/2259 2156/1426/2265
f 2158/1432/2262 2215/1419/2257 2212/1420/2258
f 2159/1428/2263 2211/1418/2256 2160/1430/2266
f 2244/1433/2267 2227/1434/2268 2228/1443/2269
f 2242/1437/2270 2226/1436/2271 2245/1438/2272
f 2246/1439/2273 2223/1440/2274 2224/1481/2275
f 2243/1442/2276 2228/1443/2269 2223/1484/2274
f 2245/1444/2272 2227/1434/2268 2241/1435/2277
f 2246/1439/2273 2225/1445/2278 2242/1437/2270
f 2269/1447/2279 2233/1446/2280 2271/1448/2281
f 2260/1450/2282 2234/1449/2283 2257/1451/2284
f 2268/1453/2285 2229/1452/2286 2270/1454/2287
f 2258/1456/2288 2230/1455/2289 2255/1457/2290
f 2272/1458/2291 2232/1459/2292 2237/1500/2293
f 2259/1461/2294 2231/1462/2295 2238/1488/2296
f 2269/1447/2279 2237/1464/2293 2240/1498/2297
f 2260/1450/2282 2238/1466/2296 2239/1487/2298
f 2271/1448/2281 2236/1468/2299 2268/1469/2285
f 2257/1451/2284 2235/1470/2300 2258/1471/2288
f 2267/1460/2301 2229/1452/2286 2232/1459/2292
f 2256/1463/2302 2230/1455/2289 2231/1462/2295
f 2251/1472/2303 2242/1437/2270 2253/1473/2304
f 2252/1474/2305 2245/1444/2272 2241/1435/2277
f 2249/1476/2306 2243/1442/2276 2254/1477/2307
f 2254/1478/2307 2246/1439/2273 2251/1472/2303
f 2250/1479/2308 2242/1437/2270 2245/1438/2272
f 2249/1476/2306 2241/1435/2277 2244/1433/2267
f 2247/1480/2309 2228/1443/2269 2227/1434/2268
f 2224/1481/2275 2247/1482/2309 2225/1445/2278
f 2225/1445/2278 2247/1482/2309 2226/1436/2271
f 2248/1483/2310 2224/1481/2275 2223/1440/2274
f 2228/1443/2269 2248/1485/2310 2223/1484/2274
f 2247/1480/2309 2227/1434/2268 2226/1486/2271
f 2231/1462/2295 2252/1474/2305 2249/1476/2306
f 2235/1470/2300 2253/1473/2304 2250/1479/2308
f 2238/1466/2296 2251/1472/2303 2239/1487/2298
f 2231/1462/2295 2254/1477/2307 2238/1488/2296
f 2230/1455/2289 2250/1475/2308 2252/1474/2305
f 2239/1487/2298 2253/1473/2304 2234/1449/2283
f 2261/1490/2311 2255/1457/2290 2256/1463/2302
f 2262/1492/2312 2257/1451/2284 2258/1471/2288
f 2266/1494/2313 2260/1450/2282 2263/1495/2314
f 2261/1490/2311 2259/1461/2294 2266/1496/2313
f 2264/1491/2315 2258/1456/2288 2255/1457/2290
f 2263/1495/2314 2257/1451/2284 2265/1493/2316
f 2240/1498/2297 2265/1493/2316 2233/1446/2280
f 2229/1452/2286 2262/1497/2312 2264/1491/2315
f 2232/1459/2292 2266/1496/2313 2237/1500/2293
f 2237/1464/2293 2263/1495/2314 2240/1498/2297
f 2236/1468/2299 2265/1493/2316 2262/1492/2312
f 2232/1459/2292 2264/1491/2315 2261/1490/2311
f 2276/1501/2317 2267/1460/2301 2273/1502/2318
f 2277/1503/2319 2268/1469/2285 2274/1504/2320
f 2275/1505/2321 2272/1465/2291 2269/1447/2279
f 2278/1507/2322 2267/1460/2301 2272/1458/2291
f 2274/1508/2320 2270/1454/2287 2276/1501/2317
f 2277/1503/2319 2269/1447/2279 2271/1448/2281
f 2219/1509/2323 2275/1505/2321 2277/1503/2319
f 2220/1511/2324 2276/1501/2317 2221/1512/2325
f 2222/1513/2326 2278/1507/2322 2217/1514/2327
f 2218/1510/2328 2278/1506/2322 2275/1505/2321
f 2220/1516/2324 2277/1503/2319 2274/1504/2320
f 2221/1512/2325 2273/1502/2318 2222/1513/2326
f 2306/1517/2329 2289/1518/2330 2290/1527/2331
f 2304/1521/2332 2288/1520/2333 2307/1522/2334
f 2308/1523/2335 2285/1524/2336 2286/1565/2337
f 2305/1526/2338 2290/1527/2331 2285/1568/2336
f 2307/1528/2334 2289/1518/2330 2303/1519/2339
f 2308/1523/2335 2287/1529/2340 2304/1521/2332
f 2331/1531/2341 2295/1530/2342 2333/1532/2343
f 2322/1534/2344 2296/1533/2345 2319/1535/2346
f 2330/1537/2347 2291/1536/2348 2332/1538/2349
f 2320/1540/2350 2292/1539/2351 2317/1541/2352
f 2334/1542/2353 2294/1543/2354 2299/1584/2355
f 2321/1545/2356 2293/1546/2357 2300/1572/2358
f 2331/1531/2341 2299/1548/2355 2302/1582/2359
f 2322/1534/2344 2300/1550/2358 2301/1571/2360
f 2333/1532/2343 2298/1552/2361 2330/1553/2347
f 2319/1535/2346 2297/1554/2362 2320/1555/2350
f 2329/1544/2363 2291/1536/2348 2294/1543/2354
f 2318/1547/2364 2292/1539/2351 2293/1546/2357
f 2313/1556/2365 2304/1521/2332 2315/1557/2366
f 2314/1558/2367 2307/1528/2334 2303/1519/2339
f 2311/1560/2368 2305/1526/2338 2316/1561/2369
f 2316/1562/2369 2308/1523/2335 2313/1556/2365
f 2312/1563/2370 2304/1521/2332 2307/1522/2334
f 2311/1560/2368 2303/1519/2339 2306/1517/2329
f 2309/1564/2371 2290/1527/2331 2289/1518/2330
f 2286/1565/2337 2309/1566/2371 2287/1529/2340
f 2287/1529/2340 2309/1566/2371 2288/1520/2333
f 2310/1567/2372 2286/1565/2337 2285/1524/2336
f 2290/1527/2331 2310/1569/2372 2285/1568/2336
f 2309/1564/2371 2289/1518/2330 2288/1570/2333
f 2293/1546/2357 2314/1558/2367 2311/1560/2368
f 2297/1554/2362 2315/1557/2366 2312/1563/2370
f 2300/1550/2358 2313/1556/2365 2301/1571/2360
f 2293/1546/2357 2316/1561/2369 2300/1572/2358
f 2292/1539/2351 2312/1559/2370 2314/1558/2367
f 2301/1571/2360 2315/1557/2366 2296/1533/2345
f 2323/1574/2373 2317/1541/2352 2318/1547/2364
f 2324/1576/2374 2319/1535/2346 2320/1555/2350
f 2328/1578/2375 2322/1534/2344 2325/1579/2376
f 2323/1574/2373 2321/1545/2356 2328/1580/2375
f 2326/1575/2377 2320/1540/2350 2317/1541/2352
f 2325/1579/2376 2319/1535/2346 2327/1577/2378
f 2302/1582/2359 2327/1577/2378 2295/1530/2342
f 2291/1536/2348 2324/1581/2374 2326/1575/2377
f 2294/1543/2354 2328/1580/2375 2299/1584/2355
f 2299/1548/2355 2325/1579/2376 2302/1582/2359
f 2298/1552/2361 2327/1577/2378 2324/1576/2374
f 2294/1543/2354 2326/1575/2377 2323/1574/2373
f 2335/1585/2379 2332/1538/2349 2329/1544/2363
f 2339/1587/2380 2330/1553/2347 2336/1588/2381
f 2337/1589/2382 2334/1549/2353 2331/1531/2341
f 2340/1591/2383 2329/1544/2363 2334/1542/2353
f 2336/1592/2381 2332/1538/2349 2338/1586/2384
f 2337/1589/2382 2333/1532/2343 2339/1587/2380
f 2280/1593/2385 2339/1587/2380 2281/1594/2386
f 2282/1595/2387 2338/1586/2384 2283/1596/2388
f 2279/1597/2389 2335/1585/2379 2340/1591/2383
f 2279/1599/2389 2337/1589/2382 2280/1593/2385
f 2281/1594/2386 2336/1588/2381 2282/1600/2387
f 2284/1598/2390 2338/1586/2384 2335/1585/2379
f 2353/1602/2391 2346/1601/2392 2356/1603/2393
f 2354/1605/2394 2344/1604/2395 2357/1606/2396
f 2358/1607/2397 2341/1608/2398 2342/1641/2399
f 2356/1603/2393 2341/1608/2398 2355/1609/2400
f 2357/1606/2396 2345/1610/2401 2353/1611/2391
f 2354/1605/2394 2342/1612/2399 2343/1638/2402
f 2369/1614/2403 2352/1615/2404 2349/1624/2405
f 2370/1618/2406 2347/1617/2407 2367/1619/2408
f 2368/1621/2409 2351/1620/2410 2371/1622/2411
f 2372/1623/2412 2351/1620/2410 2352/1644/2404
f 2370/1618/2406 2349/1624/2405 2350/1643/2413
f 2368/1621/2409 2347/1625/2407 2348/1642/2414
f 2365/1627/2415 2358/1613/2397 2354/1605/2394
f 2364/1629/2416 2357/1606/2396 2353/1611/2391
f 2361/1631/2417 2355/1609/2400 2366/1632/2418
f 2366/1632/2418 2358/1607/2397 2363/1633/2419
f 2362/1630/2420 2354/1605/2394 2357/1606/2396
f 2364/1634/2416 2356/1603/2393 2361/1631/2417
f 2345/1635/2401 2360/1636/2421 2346/1601/2392
f 2360/1639/2421 2343/1638/2402 2342/1612/2399
f 2343/1638/2402 2359/1640/2422 2344/1604/2395
f 2360/1636/2421 2342/1641/2399 2341/1608/2398
f 2346/1601/2392 2360/1636/2421 2341/1608/2398
f 2359/1640/2422 2345/1610/2401 2344/1604/2395
f 2347/1625/2407 2361/1631/2417 2348/1642/2414
f 2350/1643/2413 2365/1627/2415 2362/1630/2420
f 2351/1620/2410 2363/1633/2419 2352/1644/2404
f 2348/1642/2414 2366/1632/2418 2351/1620/2410
f 2347/1617/2407 2362/1630/2420 2364/1629/2416
f 2349/1624/2405 2363/1628/2419 2365/1627/2415
f 2016/1187/2089 2156/1426/2265 2157/1425/2261
f 2022/1171/2076 2155/1431/2264 2156/1426/2265
f 2155/1429/2264 2049/1163/2070 2160/1430/2266
f 2160/1430/2266 2018/1194/2083 2159/1428/2263
f 2159/1428/2263 2017/1645/2095 2158/1427/2262
f 2017/1193/2095 2157/1425/2261 2158/1432/2262
f 2027/1174/2078 2093/1347/2202 2094/1342/2203
f 2093/1345/2202 2044/1184/2068 2098/1346/2204
f 2098/1346/2204 2048/1198/2097 2097/1344/2201
f 2048/1198/2097 2096/1343/2200 2097/1344/2201
f 2096/1348/2200 2023/1170/2075 2095/1341/2199
f 2095/1341/2199 2027/1174/2078 2094/1342/2203
f 2032/1177/2080 2217/1515/2327 2218/1510/2328
f 2217/1514/2327 2039/1166/2073 2222/1513/2326
f 2039/1166/2073 2221/1512/2325 2222/1513/2326
f 2043/1161/2067 2220/1511/2324 2221/1512/2325
f 2220/1516/2324 2028/1173/2077 2219/1509/2323
f 2219/1509/2323 2032/1177/2080 2218/1510/2328
f 2014/1199/2085 2284/1598/2390 2279/1597/2389
f 2019/1191/2093 2283/1596/2388 2284/1598/2390
f 2038/1189/2092 2282/1595/2387 2283/1596/2388
f 2282/1600/2387 2033/1176/2079 2281/1594/2386
f 2281/1594/2386 2015/1183/2086 2280/1593/2385
f 2280/1593/2385 2014/1181/2085 2279/1599/2389
f 2378/1650/2423 2373/1649/2424 2374/1651/2425
f 2369/1614/2403 2374/1651/2425 2372/1616/2412
f 2087/1652/2426 2373/1653/2424 2090/1657/2427
f 2371/1622/2411 2374/1654/2425 2087/1652/2426
f 2381/1655/2428 2383/1656/2429 2384/1659/2430
f 2375/1658/2431 2384/1659/2430 2388/1666/2432
f 2379/1660/2433 2388/1661/2432 2387/1665/2434
f 2379/1660/2433 2386/1663/2435 2377/1664/2436
f 2088/1249/2437 2387/1665/2434 2086/1248/2138
f 2388/1666/2432 2091/1218/2116 2081/1238/2132
f 2377/1664/2436 2385/1667/2438 2373/1649/2424
f 2092/1241/2134 2385/1668/2438 2089/1223/2121
f 2089/1252/2121 2386/1663/2435 2088/1249/2437
f 2384/1659/2430 2092/1241/2134 2091/1218/2116
f 2090/1657/2427 2385/1668/2438 2383/1656/2429
f 2086/1248/2138 2388/1661/2432 2081/1669/2132
f 2370/1618/2406 2378/1650/2423 2369/1614/2403
f 2380/1670/2439 2377/1664/2436 2378/1650/2423
f 2367/1619/2408 2380/1670/2439 2370/1618/2406
f 2376/1671/2440 2379/1660/2433 2380/1670/2439
f 2367/1626/2408 2382/1672/2441 2376/1673/2440
f 2376/1673/2440 2381/1655/2428 2375/1658/2431
f 2368/1621/2409 2087/1652/2426 2382/1672/2441
f 2382/1672/2441 2090/1657/2427 2381/1655/2428
f 2092/1241/2134 2089/1223/2121 2080/1221/2120
f 1768/874/1844 1801/804/1790 1797/805/1792
f 1784/1674/2442 2403/1676/2443 2396/1675/2444
f 1768/1677/2445 2393/1679/2446 2399/1678/2447
f 1760/1680/2448 2390/1682/2449 2402/1681/2450
f 1783/1683/2451 2398/1684/2452 2395/1675/2453
f 2389/1685/2454 2405/1687/2455 2406/1686/2456
f 1766/1688/2457 2392/1689/2458 2404/1681/2459
f 1762/1690/2460 2391/1691/2461 2400/1678/2462
f 1781/1692/2463 2394/1689/2464 2401/1686/2465
f 2406/1686/2456 2410/1693/2466 2392/1689/2458
f 2398/1684/2452 1785/1695/2467 2397/1687/2468
f 1785/1695/2467 2398/1684/2452 1783/1683/2451
f 1784/1674/2442 2407/1696/2469 2389/1685/2454
f 2406/1686/2456 2392/1689/2458 1766/1688/2457
f 2403/1697/2443 1783/1683/2451 2395/1675/2453
f 1783/1698/2451 2403/1676/2443 1784/1674/2442
f 2404/1681/2459 1762/1690/2460 1766/1688/2457
f 1762/1690/2460 2404/1681/2459 2391/1691/2461
f 2399/1678/2447 1760/1680/2448 1768/1677/2445
f 1760/1680/2448 2399/1678/2447 2390/1682/2449
f 2400/1678/2462 1768/1677/2445 1762/1690/2460
f 1768/1677/2445 2400/1678/2462 2393/1679/2446
f 2402/1681/2450 1781/1692/2463 1760/1680/2448
f 1781/1692/2463 2402/1681/2450 2394/1689/2464
f 2401/1686/2465 2397/1687/2468 1785/1695/2467
f 1785/1695/2467 1781/1692/2463 2401/1686/2465
f 1766/1688/2457 2389/1685/2454 2406/1686/2456
f 2407/1696/2469 2405/1687/2455 2389/1685/2454
f 2407/1696/2469 1784/1674/2442 2396/1675/2444
f 2398/1684/2452 2413/1699/2470 2395/1675/2453
f 2402/1681/2450 2412/1701/2471 2394/1689/2464
f 2401/1686/2465 2415/1703/2472 2397/1687/2468
f 2413/1699/2470 2403/1697/2443 2395/1675/2453
f 2409/1705/2473 2400/1678/2462 2391/1691/2461
f 2404/1681/2459 2409/1705/2473 2391/1691/2461
f 2408/1705/2474 2402/1681/2450 2390/1682/2449
f 2415/1703/2472 2398/1684/2452 2397/1687/2468
f 2410/1693/2466 2404/1681/2459 2392/1689/2458
f 2399/1678/2447 2408/1705/2474 2390/1682/2449
f 2423/1708/2475 2406/1686/2456 2405/1687/2455
f 2411/1709/2476 2399/1678/2447 2393/1679/2446
f 2400/1678/2462 2411/1709/2476 2393/1679/2446
f 2414/1710/2477 2407/1696/2469 2396/1675/2444
f 2412/1701/2471 2401/1686/2465 2394/1689/2464
f 2407/1696/2469 2423/1708/2475 2405/1687/2455
f 2403/1676/2443 2414/1710/2477 2396/1675/2444
f 1796/867/1836 2389/837/1812 1858/838/1811
f 2514/1713/2478 2431/1714/2479 2507/1729/2480
f 2512/1716/2481 2430/1715/2482 2514/1713/2478
f 2511/1718/2483 2433/1719/2484 2509/1765/2485
f 2429/1722/2486 2508/1721/2487 2513/1723/2488
f 2426/1724/2489 2513/1723/2488 2510/1725/2490
f 2509/1726/2485 2428/1717/2491 2512/1716/2481
f 2432/1728/2492 2511/1718/2483 2508/1721/2487
f 2431/1714/2479 2510/1725/2490 2507/1729/2480
f 2447/1730/2493 2437/1050/1979 2442/1036/1966
f 2448/1731/2494 2441/1732/2495 2443/1048/2496
f 2449/1047/1976 2440/1039/1969 2444/1737/2497
f 2437/1050/1979 2445/1042/1972 2442/1036/1966
f 2434/1051/2498 2448/1731/2494 2445/1042/1972
f 2443/1048/2496 2439/1734/2499 2449/1047/1976
f 2444/1054/2497 2436/1045/2500 2446/1053/1982
f 2446/1053/1982 2435/1055/1984 2447/1730/2493
f 2439/1734/2499 1936/1735/2061 1934/1038/1970
f 2433/1736/1977 2444/1737/2497 2428/1779/1981
f 1936/1735/2061 2438/1733/2501 1933/1740/2059
f 2432/1041/1973 2443/1048/2496 2427/1046/1975
f 2437/1050/1979 1930/1056/1985 1932/1738/1980
f 2447/1730/2493 2426/1037/1968 2431/1739/2502
f 1933/1740/2059 2434/1051/2498 1929/1049/1978
f 2430/1741/1983 2447/1730/2493 2431/1739/2502
f 1860/963/1902 2453/829/1805 2456/862/1901
f 1860/963/1902 2455/814/1832 1794/863/1835
f 1777/828/1804 2450/808/1794 2453/829/1805
f 1773/1742/1799 2454/827/1793 1779/824/1803
f 1780/816/1798 2451/820/1801 1773/1742/1799
f 996/809/986 2455/814/1832 1691/812/989
f 1779/1743/1803 2450/808/1794 1771/803/1791
f 1782/841/1815 1765/869/1839 1775/821/1802
f 993/1744/976 2457/830/1806 994/822/997
f 2457/830/1806 1774/1745/1785 2452/819/1800
f 1775/821/1802 981/1746/1726 1698/823/998
f 2091/1218/2116 2092/1241/2134 2083/1217/2117
f 2458/1747/2503 1035/915/1084 1808/911/1871
f 2458/1747/2503 1701/1748/1728 1699/1780/2504
f 2459/1749/2505 1703/1750/1730 1701/1748/1728
f 2461/1752/2506 1703/1750/1730 2460/1751/2507
f 1053/897/1067 2461/1752/2506 1819/885/1853
f 2462/1754/2508 2458/1747/2503 1808/911/1871
f 2466/1755/2509 2458/1747/2503 2465/1761/2510
f 2462/1754/2508 1805/940/1873 2463/1757/2511
f 2462/1754/2508 2464/1756/2512 2465/1761/2510
f 1819/885/1853 2468/1758/2513 1825/888/1856
f 2460/1751/2507 2468/1758/2513 2461/1752/2506
f 2459/1749/2505 2467/1759/2514 2460/1751/2507
f 1825/888/1856 2468/1758/2513 2470/1760/2515
f 2466/1755/2509 2470/1760/2515 2467/1759/2514
f 2469/1762/2516 2465/1761/2510 2464/1756/2512
f 2464/1756/2512 1824/1763/1888 2469/1762/2516
f 1820/893/1861 2469/1762/2516 1824/1763/1888
f 2463/1757/2511 1834/1764/1892 1824/1763/1888
f 1821/891/1859 2470/1760/2515 1820/893/1861
f 2468/1758/2513 2467/1759/2514 2470/1760/2515
f 1784/1674/2517 2477/1675/2518 2484/1676/2519
f 1768/1677/2520 2480/1678/2521 2474/1679/2522
f 1760/1680/2523 2483/1681/2524 2471/1682/2525
f 1783/1683/2526 2476/1675/2527 2479/1684/2528
f 2389/1685/2529 2487/1686/2530 2486/1687/2531
f 1766/1688/2532 2485/1681/2533 2473/1689/2534
f 1762/1690/2535 2481/1678/2536 2472/1691/2537
f 1781/1692/2538 2482/1686/2539 2475/1689/2540
f 2487/1686/2530 2491/1693/2541 2505/1694/2542
f 2479/1684/2528 2478/1687/2543 1785/1695/2544
f 1785/1695/2544 1783/1683/2526 2479/1684/2528
f 1784/1674/2517 2389/1685/2529 2488/1696/2545
f 2487/1686/2530 1766/1688/2532 2473/1689/2534
f 2484/1676/2519 2476/1675/2527 1783/1683/2526
f 1783/1698/2526 1784/1674/2517 2484/1676/2519
f 2485/1681/2533 1766/1688/2532 1762/1690/2535
f 1762/1690/2535 2472/1691/2537 2485/1681/2533
f 2480/1678/2521 1768/1677/2520 1760/1680/2523
f 1760/1680/2523 2471/1682/2525 2480/1678/2521
f 2481/1678/2536 1762/1690/2535 1768/1677/2520
f 1768/1677/2520 2474/1679/2522 2481/1678/2536
f 2483/1681/2524 1760/1680/2523 1781/1692/2538
f 1781/1692/2538 2475/1689/2540 2483/1681/2524
f 2482/1686/2539 1785/1695/2544 2478/1687/2543
f 1785/1695/2544 2482/1686/2539 1781/1692/2538
f 1766/1688/2532 2487/1686/2530 2389/1685/2529
f 2488/1696/2545 2389/1685/2529 2486/1687/2531
f 2488/1696/2545 2477/1675/2518 1784/1674/2517
f 2479/1684/2528 2494/1699/2546 2497/1700/2547
f 2483/1681/2524 2493/1701/2548 2501/1702/2549
f 2482/1686/2539 2496/1703/2550 2500/1704/2551
f 2484/1676/2519 2494/1699/2546 2476/1675/2527
f 2481/1678/2536 2490/1705/2552 2472/1691/2537
f 2485/1681/2533 2490/1705/2552 2503/1706/2553
f 2483/1681/2524 2489/1705/2554 2471/1682/2525
f 2479/1684/2528 2496/1703/2550 2478/1687/2543
f 2485/1681/2533 2491/1693/2541 2473/1689/2534
f 2480/1678/2521 2489/1705/2554 2498/1707/2555
f 2487/1686/2530 2504/1708/2556 2486/1687/2531
f 2480/1678/2521 2492/1709/2557 2474/1679/2522
f 2481/1678/2536 2492/1709/2557 2499/1707/2558
f 2488/1696/2545 2495/1710/2559 2477/1675/2518
f 2482/1686/2539 2493/1701/2548 2475/1689/2540
f 2488/1696/2545 2504/1708/2556 2506/1711/2560
f 2484/1676/2519 2495/1710/2559 2502/1712/2561
f 2507/1729/2480 1953/1094/2019 1958/1088/2014
f 2508/1721/2487 1954/1092/2562 1959/1096/2021
f 1960/1095/2016 2512/1716/2481 1955/1090/2020
f 2510/1725/2490 1956/1093/2018 1953/1094/2019
f 2513/1723/2488 1959/1096/2021 1956/1093/2018
f 1954/1092/2562 2509/1765/2485 1960/1091/2016
f 1955/1090/2020 2514/1713/2478 1957/1089/2015
f 1957/1089/2015 2507/1729/2480 1958/1088/2014
f 17/1/1 30/13/13 14/2/2
f 32/4/4 23/15/15 7/5/5
f 32/4/4 16/6/6 12/7/7
f 28/8/8 12/7/7 5/9/9
f 26/11/11 17/1/1 1/3/3
f 30/13/13 19/17/16 3/14/14
f 23/15/15 26/25/11 10/16/12
f 21/10/10 5/9/9 3/14/14
f 6/18/17 22/21/20 20/19/18
f 22/21/20 21/10/10 19/17/16
f 8/22/21 9/1781/26 25/23/22
f 24/24/23 25/23/22 26/25/11
f 13/26/24 4/20/19 20/19/18
f 29/27/25 20/19/18 19/17/16
f 9/28/26 2/35/32 18/29/27
f 25/30/22 18/29/27 17/1/1
f 11/31/28 27/32/29 22/21/20
f 27/32/29 28/8/8 21/10/10
f 15/33/30 31/34/31 27/32/29
f 31/34/31 32/4/4 28/8/8
f 8/22/21 24/24/23 31/34/31
f 24/24/23 23/15/15 32/4/4
f 2/35/32 13/26/24 29/27/25
f 18/29/27 29/27/25 30/13/13
f 46/44/33 36/48/49 35/45/34
f 41/47/36 42/55/50 40/48/37
f 47/46/39 48/44/48 38/49/40
f 43/51/42 44/53/46 34/49/43
f 47/46/39 37/50/41 43/51/42
f 46/44/33 34/49/43 44/53/46
f 48/44/48 49/54/47 44/53/46
f 45/46/35 50/52/45 43/51/42
f 38/49/40 44/53/46 43/51/42
f 36/48/49 42/55/50 41/47/36
f 35/45/34 41/47/36 50/52/45
f 40/48/37 42/55/50 49/54/47
f 36/48/49 46/44/33 49/54/47
f 39/45/38 47/46/39 50/52/45
f 39/45/38 40/48/37 48/44/48
f 34/49/43 46/44/33 45/46/35
f 62/44/51 54/48/67 53/45/52
f 58/47/54 59/55/68 57/48/55
f 63/46/57 64/44/66 55/49/58
f 43/51/60 60/53/64 52/49/61
f 63/46/57 33/50/59 43/51/60
f 62/44/51 52/49/61 60/53/64
f 64/44/66 65/54/65 60/53/64
f 61/46/53 66/52/63 43/51/60
f 33/50/59 55/49/58 60/53/64
f 54/48/67 59/55/68 58/47/54
f 53/45/52 58/47/54 66/52/63
f 57/48/55 59/55/68 65/54/65
f 54/48/67 62/44/51 65/54/65
f 56/45/56 63/46/57 66/52/63
f 56/45/56 57/48/55 64/44/66
f 52/49/61 62/44/51 61/46/53
f 689/437/402 412/782/709 411/438/403
f 690/439/404 411/438/403 410/440/405
f 695/442/407 699/456/421 405/443/408
f 695/442/407 696/455/420 414/445/410
f 410/440/405 411/438/403 417/447/412
f 411/438/403 412/782/709 418/449/414
f 410/440/405 416/448/413 692/450/415
f 413/446/411 414/445/410 420/451/416
f 407/453/418 415/777/695 697/454/419
f 430/458/423 422/652/578 424/459/424
f 431/460/425 424/459/424 426/461/426
f 436/463/428 439/467/432 427/464/429
f 435/466/431 438/490/450 439/467/432
f 473/468/433 465/501/461 517/469/434
f 433/471/436 436/475/428 425/472/430
f 433/471/436 432/476/438 435/474/431
f 432/476/438 431/460/425 434/462/427
f 428/477/439 433/471/436 423/473/437
f 428/477/439 429/479/441 432/476/438
f 430/458/423 431/460/425 432/476/438
f 423/473/437 425/472/430 442/480/442
f 421/478/440 423/473/437 441/481/443
f 425/465/430 427/464/429 443/483/445
f 437/488/448 448/1792/2567 447/489/449
f 438/490/450 447/489/449 446/491/451
f 427/464/429 445/492/452 449/487/447
f 439/467/432 446/491/451 445/492/452
f 451/493/453 453/496/456 459/494/454
f 453/496/456 455/564/512 462/497/457
f 464/499/459 463/570/464 465/501/461
f 452/502/462 461/505/463 464/503/459
f 461/505/463 460/507/465 463/506/464
f 460/507/465 459/494/454 462/497/457
f 456/508/466 461/505/463 452/502/462
f 456/508/466 457/510/468 460/507/465
f 457/510/468 458/495/455 459/494/454
f 452/502/462 454/504/458 469/511/469
f 450/509/467 452/502/462 468/512/470
f 465/501/461 473/468/433 472/518/474
f 454/498/458 471/519/475 475/516/473
f 466/500/460 472/518/474 471/519/475
f 458/495/455 479/521/477 477/520/476
f 434/462/427 426/461/426 477/520/476
f 483/523/479 438/490/450 435/466/431
f 476/525/481 478/530/478 482/526/480
f 481/527/482 482/526/480 435/474/431
f 480/528/483 435/474/431 434/462/427
f 476/525/481 481/527/482 456/508/466
f 456/508/466 481/527/482 480/528/483
f 457/510/468 480/528/483 479/521/477
f 476/525/481 484/531/485 485/529/484
f 450/509/467 467/513/471 484/531/485
f 473/468/433 474/470/435 437/488/448
f 472/518/474 473/468/433 438/490/450
f 478/522/478 485/532/484 475/516/473
f 471/519/475 472/518/474 483/523/479
f 487/533/486 489/536/489 495/534/487
f 489/536/489 491/588/533 498/537/490
f 500/539/492 499/542/495 502/541/494
f 499/542/495 498/651/490 501/543/496
f 488/544/497 497/547/498 500/545/492
f 497/547/498 496/549/499 499/548/495
f 495/534/487 498/537/490 499/548/495
f 492/550/500 497/547/498 488/544/497
f 493/552/502 496/549/499 497/547/498
f 494/535/488 495/534/487 496/549/499
f 488/544/497 490/546/491 506/553/503
f 486/551/501 488/544/497 505/554/504
f 502/541/494 501/543/496 511/560/508
f 503/540/493 502/541/494 510/561/509
f 490/538/491 508/563/511 512/558/507
f 503/540/493 509/562/510 508/563/511
f 494/535/488 462/497/457 455/564/512
f 518/566/514 517/469/434 465/501/461
f 513/568/516 514/565/513 516/567/515
f 515/569/517 516/567/515 465/501/461
f 513/571/516 515/783/517 492/550/500
f 492/550/500 515/783/517 463/506/464
f 493/552/502 463/506/464 462/497/457
f 513/568/516 519/574/519 520/572/518
f 486/551/501 504/555/505 519/573/519
f 510/561/509 511/560/508 474/470/435
f 518/566/514 509/562/510 510/561/509
f 514/565/513 520/572/518 512/558/507
f 508/563/511 509/562/510 518/566/514
f 529/575/520 526/645/576 573/576/521
f 563/578/523 549/784/556 527/579/524
f 564/581/526 551/632/548 532/582/527
f 579/584/529 575/577/522 521/585/530
f 557/587/532 498/537/490 491/588/533
f 559/589/534 491/588/533 523/590/535
f 561/583/528 532/582/527 556/592/537
f 521/597/530 522/626/566 536/598/542
f 568/600/544 527/630/524 550/601/545
f 571/603/547 567/609/551 532/604/527
f 576/606/531 521/597/530 537/599/543
f 572/608/550 556/635/537 532/604/527
f 566/613/553 546/785/2568 501/543/496
f 548/614/554 525/631/570 535/615/555
f 549/616/556 529/650/520 537/599/543
f 530/617/557 538/610/552 578/607/549
f 531/619/559 539/623/563 553/620/560
f 531/619/559 554/637/571 555/622/562
f 501/543/496 546/785/2568 540/624/564
f 536/598/542 541/786/2569 543/625/565
f 562/629/569 545/706/632 528/628/568
f 570/602/546 550/601/545 537/599/543
f 529/575/520 549/784/556 563/578/523
f 552/621/561 553/620/560 535/615/555
f 568/600/544 571/603/547 551/605/548
f 558/580/525 527/579/524 551/632/548
f 525/638/570 558/580/525 564/581/526
f 498/537/490 557/587/532 563/578/523
f 531/644/559 561/583/528 565/593/538
f 526/645/576 559/589/534 560/591/536
f 529/575/520 557/587/532 559/589/534
f 552/639/561 564/581/526 561/583/528
f 548/640/554 563/578/523 558/580/525
f 535/615/555 553/620/560 571/603/547
f 537/599/543 543/625/565 569/646/577
f 539/623/563 555/622/562 572/608/550
f 553/620/560 539/623/563 567/609/551
f 501/543/496 535/615/555 568/600/544
f 577/647/558 529/575/520 575/577/522
f 575/577/522 573/576/521 522/648/566
f 530/649/557 577/647/558 579/584/529
f 577/618/558 578/607/549 537/599/543
f 524/612/541 576/606/531 578/607/549
f 574/595/540 579/584/529 576/586/531
f 540/624/564 546/785/2568 566/613/553
f 422/652/578 580/666/592 581/653/579
f 489/536/489 487/533/486 587/654/580
f 424/459/424 581/653/579 582/656/582
f 491/588/533 489/536/489 588/655/581
f 477/520/476 586/660/586 583/657/583
f 451/493/453 583/657/583 584/658/584
f 487/533/486 455/564/512 585/659/585
f 426/461/426 582/656/582 586/660/586
f 453/496/456 584/658/584 585/659/585
f 587/654/580 596/664/590 597/661/587
f 584/658/584 583/657/583 592/662/588
f 585/659/585 594/665/591 596/664/590
f 584/658/584 593/663/589 594/665/591
f 580/666/592 589/671/597 590/667/593
f 588/655/581 544/780/697 704/668/594
f 582/656/582 591/670/596 595/669/595
f 583/657/583 586/660/586 595/669/595
f 581/653/579 590/667/593 591/670/596
f 589/671/597 620/673/599 623/672/598
f 620/673/599 621/675/601 624/674/600
f 621/675/601 622/682/608 625/676/602
f 590/667/593 623/672/598 626/677/603
f 624/674/600 627/678/604 626/677/603
f 625/676/602 628/684/610 627/678/604
f 591/670/596 626/677/603 629/679/605
f 627/678/604 630/681/607 629/679/605
f 627/678/604 628/684/610 631/680/606
f 622/682/608 600/760/686 601/683/609
f 601/683/609 602/759/685 628/684/610
f 628/684/610 602/759/685 603/685/611
f 631/680/606 603/685/611 599/686/612
f 630/681/607 631/680/606 604/687/613
f 629/679/605 630/681/607 605/688/614
f 629/679/605 606/689/615 592/662/588
f 632/690/616 635/692/618 594/665/591
f 632/690/616 633/693/619 636/691/617
f 633/693/619 634/708/634 637/694/620
f 635/692/618 638/696/622 596/664/590
f 635/692/618 636/691/617 639/695/621
f 636/691/617 637/694/620 640/697/623
f 638/696/622 641/699/625 597/661/587
f 638/696/622 639/695/621 642/698/624
f 639/695/621 640/697/623 643/700/626
f 642/698/624 645/702/628 644/701/627
f 643/700/626 646/712/638 645/702/628
f 644/701/627 645/702/628 647/703/629
f 645/702/628 646/712/638 648/704/630
f 562/629/569 647/703/629 649/705/631
f 647/703/629 648/704/630 650/707/633
f 606/689/615 632/690/616 593/663/589
f 606/689/615 605/688/614 633/693/619
f 604/687/613 634/708/634 633/693/619
f 599/686/612 607/758/684 634/708/634
f 634/708/634 607/758/684 608/709/635
f 637/694/620 608/709/635 609/710/636
f 640/697/623 609/710/636 610/711/637
f 610/711/637 611/763/689 646/712/638
f 646/712/638 611/763/689 612/713/639
f 648/704/630 612/713/639 613/714/640
f 650/707/633 613/714/640 598/715/641
f 649/705/631 650/707/633 614/716/642
f 651/718/644 653/720/646 407/453/418
f 651/718/644 652/727/653 654/719/645
f 407/453/418 653/720/646 655/721/647
f 653/720/646 654/719/645 656/723/649
f 655/721/647 657/725/651 409/724/650
f 656/723/649 658/730/656 657/725/651
f 615/717/643 614/716/642 652/727/653
f 598/715/641 616/728/654 652/727/653
f 616/728/654 617/762/688 654/719/645
f 654/719/645 617/762/688 618/729/655
f 618/729/655 619/1793/2570 658/730/656
f 659/731/657 660/734/660 664/732/658
f 660/734/660 661/737/663 665/735/661
f 662/736/662 666/740/666 665/735/661
f 664/732/658 668/739/665 667/738/664
f 665/735/661 669/741/667 668/739/665
f 666/740/666 670/745/671 669/741/667
f 667/738/664 668/739/665 672/742/668
f 668/739/665 669/741/667 673/744/670
f 670/745/671 674/748/674 673/744/670
f 672/742/668 676/747/673 675/746/672
f 673/744/670 677/749/675 676/747/673
f 674/748/674 678/752/678 677/749/675
f 676/747/673 680/751/677 679/750/676
f 677/749/675 681/753/679 680/751/677
f 678/752/678 682/756/682 681/753/679
f 680/751/677 684/755/681 683/754/680
f 681/753/679 685/757/683 684/755/681
f 682/756/682 686/761/687 685/757/683
f 603/685/611 602/759/685 660/734/660
f 602/759/685 601/683/609 661/737/663
f 600/760/686 662/736/662 661/737/663
f 686/761/687 619/1793/2570 618/729/655
f 685/757/683 618/729/655 617/762/688
f 684/755/681 617/762/688 616/728/654
f 683/754/680 616/728/654 598/715/641
f 679/750/676 683/754/680 613/714/640
f 675/746/672 679/750/676 612/713/639
f 671/743/669 675/746/672 611/763/689
f 609/710/636 667/738/664 671/743/669
f 608/709/635 663/733/659 667/738/664
f 607/758/684 659/731/657 663/733/659
f 706/642/574 702/765/691 644/701/627
f 694/766/692 693/776/696 688/767/693
f 692/769/415 694/766/692 687/768/694
f 697/771/419 415/787/695 405/772/408
f 405/443/408 542/788/567 522/648/566
f 416/774/413 417/775/412 694/766/692
f 417/775/412 418/789/414 693/776/696
f 407/453/418 691/441/406 692/450/415
f 408/722/648 690/439/404 691/441/406
f 409/724/650 689/437/402 690/439/404
f 420/778/416 697/771/419 698/773/422
f 414/445/410 696/455/420 697/454/419
f 406/444/409 407/453/418 696/455/420
f 698/457/422 699/456/421 413/446/411
f 545/706/632 700/726/652 405/443/408
f 406/444/409 700/726/652 615/717/643
f 700/726/652 545/706/632 649/705/631
f 705/764/690 703/781/698 597/661/587
f 523/590/535 704/668/594 701/643/575
f 706/642/574 562/629/569 560/591/536
f 703/781/698 544/780/697 588/655/581
f 702/765/691 705/764/690 641/699/625
f 712/438/699 412/782/709 689/437/402
f 711/440/701 712/438/699 959/439/700
f 963/442/703 708/444/926 707/443/704
f 963/442/703 713/446/711 714/445/706
f 711/440/701 716/448/964 717/447/708
f 712/438/699 717/447/708 418/449/414
f 961/450/710 716/448/964 711/440/701
f 713/446/711 718/452/965 719/451/712
f 965/454/713 715/777/963 709/453/714
f 430/458/423 725/460/717 721/459/716
f 725/460/717 728/462/730 723/461/718
f 724/464/719 733/467/722 730/463/720
f 733/467/722 732/490/735 729/466/723
f 804/469/724 752/501/744 760/468/725
f 722/472/721 730/475/720 727/471/727
f 727/471/727 730/475/720 729/474/723
f 726/476/729 729/474/723 728/462/730
f 720/473/728 727/471/727 428/477/439
f 428/477/439 727/471/727 726/476/729
f 726/476/729 725/460/717 430/458/423
f 720/473/728 734/481/732 735/480/731
f 421/478/440 440/482/444 734/481/732
f 722/465/721 735/484/731 736/483/733
f 447/489/449 448/1792/2567 731/488/734
f 446/491/451 447/489/449 732/490/735
f 724/464/719 736/483/733 449/487/447
f 445/492/452 446/491/451 733/467/722
f 746/494/736 740/496/740 738/493/737
f 749/497/739 742/564/794 740/496/740
f 751/499/743 753/500/742 752/501/744
f 739/502/746 741/504/741 751/503/743
f 748/505/747 751/503/743 750/506/745
f 747/507/748 750/506/745 749/497/739
f 739/502/746 748/505/747 743/508/749
f 743/508/749 748/505/747 747/507/748
f 744/510/751 747/507/748 746/494/736
f 739/502/746 755/512/753 756/511/752
f 737/509/750 754/513/754 755/512/753
f 759/518/757 760/468/725 752/501/744
f 741/498/741 756/515/752 762/516/756
f 758/519/758 759/518/757 753/500/742
f 745/495/738 738/493/737 764/520/759
f 764/520/759 723/461/718 728/462/730
f 729/466/723 732/490/735 770/523/763
f 763/525/764 768/527/765 769/526/762
f 768/527/765 767/528/766 729/474/723
f 767/528/766 766/521/760 728/462/730
f 743/508/749 768/527/765 763/525/764
f 743/508/749 744/510/751 767/528/766
f 744/510/751 745/495/738 766/521/760
f 763/525/764 765/530/761 772/529/767
f 737/509/750 763/525/764 771/531/768
f 731/488/734 761/470/726 760/468/725
f 732/490/735 760/468/725 759/518/757
f 765/522/761 758/519/758 762/516/756
f 770/523/763 759/518/757 758/519/758
f 782/534/769 776/536/773 774/533/770
f 785/537/772 778/588/814 776/536/773
f 787/539/776 790/540/775 789/541/777
f 786/542/778 789/541/777 788/543/779
f 775/544/780 777/546/774 787/545/776
f 784/547/781 787/545/776 786/548/778
f 786/548/778 785/537/772 782/534/769
f 775/544/780 784/547/781 779/550/783
f 784/547/781 783/549/782 780/552/785
f 783/549/782 782/534/769 781/535/771
f 775/544/780 792/554/787 793/553/786
f 773/551/784 791/555/788 792/554/787
f 789/541/777 797/561/792 798/560/791
f 790/540/775 796/562/802 797/561/792
f 777/538/774 793/557/786 799/558/790
f 795/563/793 796/562/802 790/540/775
f 781/535/771 774/533/770 742/564/794
f 752/501/744 804/469/724 805/566/797
f 800/568/798 802/569/799 803/567/796
f 802/569/799 750/570/745 752/501/744
f 779/550/783 802/783/799 800/571/798
f 779/550/783 780/552/785 750/506/745
f 780/552/785 781/535/771 749/497/739
f 800/568/798 801/565/795 807/572/800
f 773/551/784 800/571/798 806/573/801
f 761/470/726 798/560/791 797/561/792
f 805/566/797 804/469/724 797/561/792
f 801/565/795 795/563/793 799/558/790
f 805/566/797 796/562/802 795/563/793
f 860/576/803 813/645/861 816/575/804
f 850/578/806 845/580/855 814/579/807
f 851/581/809 848/583/819 819/582/810
f 866/584/812 863/586/832 808/585/813
f 778/588/814 785/537/772 844/587/815
f 810/590/817 778/588/814 846/589/816
f 848/583/819 852/593/857 843/592/820
f 808/597/813 824/599/831 823/598/824
f 837/601/826 814/630/807 855/600/827
f 858/603/829 838/605/811 819/604/810
f 824/599/831 808/597/813 863/606/832
f 819/604/810 843/635/820 859/608/834
f 853/613/836 857/602/828 788/543/779
f 835/614/838 788/543/779 822/615/839
f 836/616/808 837/601/826 824/599/831
f 865/607/833 825/610/835 817/617/841
f 840/620/843 826/623/863 818/619/844
f 818/619/844 826/623/863 842/622/846
f 827/624/848 833/785/837 788/543/779
f 823/598/824 824/599/831 830/625/849
f 849/629/853 847/591/818 815/628/852
f 824/599/831 837/601/826 857/602/828
f 850/578/806 836/784/808 816/575/804
f 822/615/839 840/620/843 839/621/845
f 855/600/827 814/630/807 838/605/811
f 845/580/855 851/581/809 838/632/811
f 812/638/840 839/639/845 851/581/809
f 785/537/772 835/640/838 850/578/806
f 818/644/844 841/633/847 852/593/857
f 847/591/818 846/589/816 813/645/861
f 846/589/816 844/587/815 816/575/804
f 839/639/845 818/644/844 848/583/819
f 835/640/838 812/638/840 845/580/855
f 822/615/839 855/600/827 858/603/829
f 824/599/831 853/613/836 856/646/862
f 826/623/863 854/609/830 859/608/834
f 840/620/843 858/603/829 854/609/830
f 788/543/779 857/602/828 855/600/827
f 864/647/842 866/584/812 862/577/805
f 809/648/825 860/576/803 862/577/805
f 817/649/841 861/595/823 866/584/812
f 824/599/831 865/607/833 864/618/842
f 865/607/833 863/606/832 811/612/822
f 861/595/823 811/596/822 863/586/832
f 853/613/836 833/785/837 827/624/848
f 867/653/864 580/666/592 422/652/578
f 776/536/773 874/655/867 873/654/865
f 868/656/866 867/653/864 721/459/716
f 778/588/814 810/590/817 874/655/867
f 869/657/868 872/660/871 764/520/759
f 870/658/869 869/657/868 738/493/737
f 774/533/770 873/654/865 871/659/870
f 872/660/871 868/656/866 723/461/718
f 871/659/870 870/658/869 740/496/740
f 882/661/872 881/664/874 873/654/865
f 870/658/869 878/663/896 877/662/873
f 881/664/874 879/665/875 871/659/870
f 879/665/875 878/663/896 870/658/869
f 875/667/876 589/671/597 580/666/592
f 972/668/877 831/780/967 874/655/867
f 880/669/878 876/670/879 868/656/866
f 869/657/868 877/662/873 880/669/878
f 876/670/879 875/667/876 867/653/864
f 589/671/597 875/667/876 903/672/880
f 620/673/599 903/672/880 904/674/881
f 621/675/601 904/674/881 905/676/882
f 875/667/876 876/670/879 906/677/883
f 906/677/883 907/678/884 904/674/881
f 907/678/884 908/684/887 905/676/882
f 876/670/879 880/669/878 909/679/885
f 909/679/885 910/681/892 907/678/884
f 907/678/884 910/681/892 911/680/886
f 622/682/608 905/676/882 885/683/888
f 908/684/887 886/759/890 885/683/888
f 908/684/887 911/680/886 887/685/889
f 911/680/886 888/687/893 884/686/891
f 910/681/892 889/688/894 888/687/893
f 909/679/885 890/689/915 889/688/894
f 877/662/873 890/689/915 909/679/885
f 879/665/875 915/692/901 912/690/895
f 912/690/895 915/692/901 916/691/897
f 913/693/898 916/691/897 917/694/899
f 881/664/874 918/696/904 915/692/901
f 915/692/901 918/696/904 919/695/902
f 916/691/897 919/695/902 920/697/903
f 882/661/872 921/699/908 918/696/904
f 918/696/904 921/699/908 922/698/905
f 919/695/902 922/698/905 923/700/906
f 924/701/907 925/702/909 922/698/905
f 925/702/909 926/712/912 923/700/906
f 924/701/907 849/629/853 927/703/910
f 925/702/909 927/703/910 928/704/911
f 849/629/853 832/706/854 929/705/913
f 927/703/910 929/705/913 930/707/914
f 878/663/896 912/690/895 890/689/915
f 890/689/915 912/690/895 913/693/898
f 913/693/898 914/708/900 888/687/893
f 914/708/900 891/758/917 884/686/891
f 914/708/900 917/694/899 892/709/916
f 917/694/899 920/697/903 893/710/918
f 920/697/903 923/700/906 894/711/919
f 926/712/912 895/763/921 894/711/919
f 926/712/912 928/704/911 896/713/920
f 928/704/911 930/707/914 897/714/922
f 930/707/914 898/716/924 883/715/923
f 929/705/913 899/717/934 898/716/924
f 709/453/714 933/720/930 931/718/925
f 931/718/925 933/720/930 934/719/927
f 709/453/714 710/722/932 935/721/929
f 933/720/930 935/721/929 936/723/931
f 409/724/650 657/725/651 935/721/929
f 657/725/651 658/730/656 936/723/931
f 899/717/934 931/718/925 932/727/928
f 932/727/928 900/728/935 883/715/923
f 934/719/927 901/762/937 900/728/935
f 934/719/927 936/723/931 902/729/936
f 658/730/656 619/1793/2570 902/729/936
f 937/731/938 940/733/944 941/732/939
f 938/734/940 941/732/939 942/735/941
f 942/735/941 666/740/666 662/736/662
f 943/738/943 944/739/945 941/732/939
f 944/739/945 945/741/946 942/735/941
f 945/741/946 670/745/671 666/740/666
f 943/738/943 946/743/950 947/742/947
f 944/739/945 947/742/947 948/744/948
f 948/744/948 674/748/674 670/745/671
f 949/746/949 950/747/951 947/742/947
f 950/747/951 951/749/952 948/744/948
f 951/749/952 678/752/678 674/748/674
f 952/750/953 953/751/954 950/747/951
f 953/751/954 954/753/955 951/749/952
f 954/753/955 682/756/682 678/752/678
f 955/754/956 956/755/957 953/751/954
f 956/755/957 957/757/958 954/753/955
f 957/757/958 686/761/687 682/756/682
f 887/685/889 937/731/938 938/734/940
f 886/759/890 938/734/940 939/737/942
f 939/737/942 662/736/662 600/760/686
f 902/729/936 619/1793/2570 686/761/687
f 901/762/937 902/729/936 957/757/958
f 900/728/935 901/762/937 956/755/957
f 883/715/923 900/728/935 955/754/956
f 897/714/922 955/754/956 952/750/953
f 896/713/920 952/750/953 949/746/949
f 895/763/921 949/746/949 946/743/950
f 893/710/918 894/711/919 946/743/950
f 892/709/916 893/710/918 943/738/943
f 891/758/917 892/709/916 940/733/944
f 924/701/907 970/765/959 974/642/860
f 962/766/961 958/768/962 688/767/693
f 961/769/710 715/770/963 958/768/962
f 965/771/713 966/773/715 707/772/704
f 707/443/704 860/576/803 809/648/825
f 716/774/964 961/769/710 962/766/961
f 717/775/708 962/766/961 693/776/696
f 709/453/714 715/777/963 961/450/710
f 960/441/702 959/439/700 710/722/932
f 959/439/700 689/437/402 409/724/650
f 966/773/715 965/771/713 719/778/712
f 714/445/706 719/451/712 965/454/713
f 708/444/926 963/442/703 964/455/707
f 966/457/715 718/452/965 713/446/711
f 832/706/854 815/628/852 707/443/704
f 708/444/926 931/718/925 899/717/934
f 968/726/933 899/717/934 929/705/913
f 882/661/872 971/781/966 973/764/960
f 969/643/859 972/668/877 810/590/817
f 847/591/818 849/629/853 974/642/860
f 971/781/966 882/661/872 874/655/867
f 970/765/959 924/701/907 921/699/908
f 999/790/968 1091/898/1068 978/791/969
f 988/793/971 976/799/977 991/794/972
f 976/799/977 986/797/975 997/796/974
f 995/800/978 980/903/1072 983/801/979
f 978/791/969 988/793/971 1001/795/973
f 990/803/981 1002/1743/999 1027/804/982
f 989/806/970 1001/1794/973 1694/807/984
f 996/809/986 1019/863/1034 1031/810/987
f 1691/812/989 995/1766/978 1020/813/980
f 1023/815/991 992/1742/1725 1005/816/992
f 991/818/972 997/1745/974 1692/819/994
f 998/821/996 1697/830/1002 994/822/997
f 1002/824/999 992/1742/1725 1023/815/991
f 1001/826/973 991/818/972 1690/820/995
f 1693/829/1001 999/962/968 989/806/970
f 1007/841/1013 1005/816/992 998/821/996
f 1005/816/992 1692/819/994 998/821/996
f 1028/831/1003 1004/835/1007 1008/832/1004
f 1003/834/1006 1009/1767/1036 1008/832/1004
f 1029/833/1005 1008/832/1004 1010/839/1011
f 1025/817/993 1005/816/992 1007/841/1013
f 1006/843/1015 1015/854/1026 1011/844/1016
f 987/846/1018 975/845/1017 1011/844/1016
f 1008/848/1020 1016/1100/1029 1018/849/1021
f 985/851/1023 977/855/1027 1012/852/1024
f 1010/850/1022 1018/849/1021 1015/854/1026
f 977/855/1027 987/846/1018 1014/847/1019
f 1009/856/1028 1017/860/1031 1016/857/1029
f 1017/860/1031 1009/856/1028 1628/859/1030
f 1628/859/1030 985/851/1023 1013/853/1025
f 1695/814/990 1020/813/980 1101/861/1032
f 1019/863/1034 1099/963/1115 1100/864/1035
f 1009/865/1036 1003/1795/1006 979/866/1037
f 1031/810/987 1100/864/1035 1097/838/1010
f 1006/868/1039 1025/817/993 1030/842/1014
f 984/869/1040 981/1746/1726 1028/831/1003
f 1026/870/1041 1022/805/983 977/871/1042
f 1027/825/982 1023/815/991 975/872/1043
f 1023/815/991 1025/817/993 1006/868/1039
f 1024/811/988 1031/810/987 1021/867/1038
f 1041/875/1045 1034/1769/1870 1036/876/1046
f 1073/878/1048 1081/945/1105 1074/879/1049
f 986/797/975 976/799/977 1063/881/1051
f 1050/882/1052 1063/881/1051 1062/883/1053
f 1062/883/1053 1061/888/1058 1052/885/1055
f 976/799/977 988/793/971 1059/886/1056
f 1059/886/1056 1058/887/1057 1062/883/1053
f 1058/887/1057 1057/891/1061 1061/888/1058
f 978/791/969 1049/889/1059 1059/886/1056
f 1049/889/1059 1048/890/1060 1058/887/1057
f 1048/890/1060 1047/892/1062 1057/891/1061
f 1047/892/1062 1046/902/1050 1056/893/1063
f 1055/895/1065 1050/882/1052 1051/884/1054
f 1091/898/1068 1089/899/1069 1049/889/1059
f 1089/899/1069 1092/900/1070 1048/890/1060
f 1092/900/1070 1090/901/1071 1047/892/1062
f 1090/901/1071 1088/959/1113 1046/902/1050
f 980/903/1072 1038/905/1074 1045/904/1073
f 1038/905/1074 1039/1768/1868 1044/906/1075
f 1044/906/1075 1039/1768/1868 1040/907/1076
f 1040/907/1076 1041/875/1045 1042/877/1047
f 1036/876/1046 1034/1769/1870 1066/909/1078
f 1037/911/1080 1032/940/1101 1093/912/1081
f 1037/911/1080 1085/913/1082 1086/914/1083
f 1103/916/1085 1095/919/1088 1065/917/1086
f 1095/919/1088 1103/916/1085 1036/876/1046
f 1064/920/1089 1070/932/1096 1105/921/1090
f 1071/923/1092 224/927/229 228/924/228
f 1071/923/1092 1068/928/1079 226/926/232
f 1068/928/1079 1066/1770/1078 216/929/1094
f 1069/925/1093 228/924/228 222/930/224
f 1070/932/1096 1064/920/1089 1077/933/1097
f 1065/917/1086 1070/964/1096 1079/935/1098
f 1033/918/1087 1065/917/1086 1078/936/1099
f 1046/880/1050 1074/879/1049 1075/938/1100
f 1032/940/1101 1072/1764/1280 1077/933/1097
f 1060/941/1102 1056/1771/1063 1075/942/1100
f 1073/878/1048 1078/946/1099 1083/944/1104
f 1078/946/1099 1079/951/1098 1084/947/1106
f 1077/948/1097 1072/1159/1280 1080/949/1107
f 1079/951/1098 1077/948/1097 1082/950/1108
f 1071/952/1092 1105/1772/1090 1095/919/1088
f 1085/913/1082 1069/961/1093 1067/953/1095
f 1091/898/1068 999/790/968 1101/954/1032
f 1092/900/1070 1089/899/1069 1104/956/1110
f 1090/901/1071 1092/900/1070 1098/957/1111
f 1088/959/1113 1090/901/1071 1094/958/1112
f 1033/918/1087 1088/959/1113 1102/960/1114
f 1091/898/1068 1096/955/1109 1104/956/1110
f 1085/913/1082 1093/912/1081 1087/922/1091
f 1093/912/1081 1032/940/1101 1064/920/1089
f 1098/957/1111 1104/956/1110 1045/904/1073
f 1094/958/1112 1098/957/1111 1044/906/1075
f 1696/862/1033 1101/861/1032 999/962/968
f 1102/960/1114 1094/958/1112 1043/908/1077
f 1103/916/1085 1102/960/1114 1042/877/1047
f 1099/963/1115 1000/828/1000 1026/870/1041
f 1104/956/1110 1096/955/1109 983/801/979
f 1100/864/1035 1026/870/1041 985/836/1008
f 1095/919/1088 1105/1772/1090 1070/964/1096
f 1096/955/1109 1101/954/1032 1020/802/980
f 1087/922/1091 1105/921/1090 1071/965/1092
f 1073/937/1048 1046/902/1050 1088/959/1113
f 1144/966/1116 1141/979/1129 1107/967/1117
f 1143/969/1119 1150/1773/1130 1112/970/1120
f 1139/972/1122 1143/969/1119 1111/971/1121
f 1139/972/1122 1110/973/1123 1108/974/1124
f 1137/976/1126 1144/966/1116 1109/968/1118
f 1146/978/1128 1106/982/1131 1107/967/1117
f 1137/976/1126 1113/977/1127 1112/980/1120
f 1148/975/1125 1108/974/1124 1106/982/1131
f 1165/983/1132 1166/993/1142 1118/984/1133
f 1160/986/1135 1114/992/1141 1119/987/1136
f 1165/983/1132 1116/985/1134 1117/989/1138
f 1160/986/1135 1164/999/1146 1115/991/1140
f 1164/999/1146 1162/990/1139 1117/989/1138
f 1081/945/1105 1083/944/1104 1132/1000/1147
f 1121/1001/1148 1132/1000/1147 1133/1002/1149
f 1075/942/1100 1127/1005/1152 1134/1004/1151
f 1127/1005/1152 1126/1034/1162 1135/1006/1153
f 1076/943/1103 1134/1004/1151 1130/1007/1154
f 1134/1004/1151 1135/1006/1153 1131/1008/1155
f 1082/950/1108 1080/949/1107 1130/1007/1154
f 1130/1007/1154 1131/1008/1155 1124/1010/1157
f 1074/879/1049 1081/945/1105 1121/1001/1148
f 1128/1011/1158 1121/1001/1148 1120/1003/1150
f 1083/944/1104 1084/947/1106 1123/1013/1160
f 1132/1000/1147 1123/1013/1160 1122/1014/1161
f 1075/938/1100 1074/879/1049 1128/1011/1158
f 1127/1015/1152 1128/1011/1158 1129/1012/1159
f 1082/950/1108 1125/1009/1156 1123/1013/1160
f 1125/1009/1156 1124/1010/1157 1122/1014/1161
f 1154/1017/1163 1149/1020/1166 1147/1018/1164
f 1149/1020/1166 1148/975/1125 1146/978/1128
f 1155/1021/1167 1156/1026/1172 1136/1022/1168
f 1151/1023/1169 1136/1022/1168 1137/976/1126
f 1158/1024/1170 1153/1019/1165 1147/1018/1164
f 1147/1018/1164 1146/978/1128 1141/979/1129
f 1156/1026/1172 1152/1033/1177 1145/1027/1173
f 1145/1027/1173 1144/966/1116 1137/976/1126
f 1157/1028/1174 1138/1029/1175 1149/1020/1166
f 1138/1029/1175 1139/972/1122 1148/975/1125
f 1159/997/1145 1142/1030/1176 1138/1029/1175
f 1142/1030/1176 1143/969/1119 1139/972/1122
f 1155/1031/1167 1151/1032/1169 1142/1030/1176
f 1151/1032/1169 1150/1773/1130 1143/969/1119
f 1152/1033/1177 1158/1024/1170 1140/1025/1171
f 1140/1025/1171 1141/979/1129 1144/966/1116
f 1115/991/1140 1117/989/1138 1158/1024/1170
f 1163/995/1144 1159/997/1145 1157/1028/1174
f 1114/992/1141 1115/991/1140 1152/1033/1177
f 1117/989/1138 1116/985/1134 1153/1019/1165
f 1119/987/1136 1114/992/1141 1156/1026/1172
f 1118/984/1133 1154/1017/1163 1153/1019/1165
f 1120/1003/1150 1133/1002/1149 1162/990/1139
f 1126/1034/1162 1167/998/1137 1163/995/1144
f 1135/1006/1153 1163/995/1144 1161/994/1143
f 1131/1008/1155 1161/994/1143 1166/993/1142
f 1129/1012/1159 1120/1003/1150 1164/999/1146
f 1133/1002/1149 1122/1014/1161 1165/983/1132
f 1129/1012/1159 1160/986/1135 1167/988/1137
f 1122/1014/1161 1124/1010/1157 1166/993/1142
f 1668/1035/1178 1684/1042/1185 1681/1036/1179
f 1173/1038/1181 1678/1734/1721 1679/1039/1182
f 1671/1041/1184 1687/1731/1718 1684/1042/1185
f 1170/1043/1186 1174/1774/1183 1679/1044/1182
f 1666/1046/1188 1672/1736/1722 1688/1047/1189
f 1168/1049/1191 1171/1738/1279 1676/1050/1192
f 1667/1052/1194 1669/1741/1724 1685/1053/1195
f 1170/1043/1186 1675/1045/1187 1674/1055/1197
f 1213/1057/1199 1207/1073/1214 1177/1058/1200
f 1211/1060/1202 1213/1057/1199 1183/1059/1201
f 1208/1062/1204 1181/1099/1212 1178/1063/1205
f 1200/1065/1207 1179/1072/1213 1182/1066/1208
f 1212/1067/1209 1182/1066/1208 1176/1068/1210
f 1208/1070/1204 1211/1060/1202 1180/1061/1203
f 1210/1064/1206 1178/1063/1205 1179/1072/1213
f 1207/1073/1214 1209/1069/1211 1176/1068/1210
f 1012/852/1024 1014/847/1019 1209/1069/1211
f 1183/1059/1201 1177/1058/1200 1189/1074/1215
f 1206/1079/1220 1187/1081/1222 1184/1082/1223
f 1202/1084/1218 1205/1097/1236 1186/1085/1225
f 1204/1076/1217 1185/1078/1219 1190/1080/1221
f 1011/844/1016 1212/1067/1209 1209/1069/1211
f 1188/1075/1216 1189/1074/1215 1197/1088/1228
f 1186/1085/1225 1188/1075/1216 1196/1089/1229
f 1185/1078/1219 1191/1098/1226 1199/1091/1231
f 1190/1080/1221 1198/1096/1235 1195/1093/1233
f 1187/1081/1222 1195/1093/1233 1192/1094/1234
f 1191/1086/1226 1186/1085/1225 1194/1090/1230
f 1185/1078/1219 1193/1092/1232 1198/1096/1235
f 1184/1082/1223 1192/1094/1234 1197/1088/1228
f 1178/1063/1205 1204/1076/1217 1201/1087/1227
f 1180/1061/1203 1205/1097/1236 1202/1084/1218
f 1182/1066/1208 1206/1079/1220 1203/1083/1224
f 1018/849/1021 1210/1064/1206 1200/1065/1207
f 1016/857/1029 1017/860/1031 1211/1060/1202
f 1015/854/1026 1200/1065/1207 1212/1067/1209
f 1016/1100/1029 1208/1062/1204 1210/1064/1206
f 1017/860/1031 1013/853/1025 1213/1057/1199
f 1013/853/1025 1012/852/1024 1207/1073/1214
f 1030/842/1014 1007/841/1013 984/869/1040
f 1219/1101/1237 1217/1775/2571 1218/1102/1237
f 1221/1104/1237 1222/1108/1237 1216/1105/1238
f 1220/1107/1237 1223/1109/1237 1222/1108/1237
f 1220/1107/1237 1219/1101/1237 1224/1103/1237
f 1227/1110/1239 1229/1125/1254 1247/1111/1240
f 1228/1119/1248 1227/1110/1239 1251/1112/1241
f 1221/1121/1250 1215/1126/1255 1225/1117/1246
f 1222/1122/1251 1232/1128/1257 1226/1113/1242
f 1217/1124/1253 1219/1129/1258 1229/1125/1254
f 1216/1123/1252 1226/1113/1242 1225/1117/1246
f 1222/1122/1251 1223/1134/1263 1233/1127/1256
f 1219/1129/1258 1220/1135/1264 1230/1130/1259
f 1218/1131/1260 1228/1143/1248 1234/1132/1261
f 1224/1133/1262 1234/1132/1261 1233/1127/1256
f 1221/1121/1250 1231/1116/1245 1230/1130/1259
f 1217/1124/1253 1227/1110/1239 1228/1119/1248
f 1235/1137/1265 1236/1115/1244 1242/1138/1266
f 1239/1140/1268 1243/1146/1273 1245/1141/1269
f 1226/1113/1242 1236/1115/1244 1235/1137/1265
f 1233/1127/1256 1246/1150/1277 1238/1114/1243
f 1229/1125/1254 1230/1130/1259 1250/1142/1270
f 1228/1143/1248 1249/1157/1249 1252/1144/1271
f 1234/1132/1261 1252/1144/1271 1248/1145/1272
f 1243/1146/1273 1244/1152/1278 1172/1147/1274
f 1172/1147/1274 1244/1152/1278 1246/1150/1277
f 1242/1138/1266 1241/1149/1276 1239/1140/1268
f 1230/1130/1259 1231/1116/1245 1237/1118/1247
f 1244/1152/1278 1243/1146/1273 1239/1140/1268
f 1245/1141/1269 1243/1146/1273 1175/1148/1275
f 1246/1150/1277 1244/1152/1278 1241/1149/1276
f 1251/1112/1241 1170/1156/1186 1169/1154/1198
f 1247/1111/1240 1250/1142/1270 1173/1153/1181
f 1247/1111/1240 1174/1155/1183 1170/1156/1186
f 1249/1157/1249 1169/1796/1198 1171/1158/1279
f 1252/1144/1271 1171/1158/1279 1168/1151/1191
f 1072/1159/1280 1060/941/1102 1076/943/1103
f 1286/1160/1281 1283/1184/1302 1282/1161/1282
f 1288/1163/1284 1287/1198/1315 1289/1164/1285
f 1278/1166/1287 1277/1189/1307 1281/1167/1288
f 1290/1169/1286 1289/1646/1285 1262/1170/1290
f 1286/1172/1281 1285/1647/1283 1267/1173/1292
f 1284/1175/1289 1281/1648/1288 1272/1176/1294
f 1282/1161/1282 1291/1185/1303 1259/1178/1296
f 1288/1163/1284 1257/1194/1312 1274/1179/1297
f 1253/1181/1299 1280/1778/1316 1279/1182/1300
f 1261/1171/1291 1269/1188/1306 1276/1186/1304
f 1277/1189/1307 1259/1178/1296 1273/1190/1308
f 1255/1187/1305 1276/1186/1304 1275/1192/1310
f 1257/1194/1312 1256/1645/1311 1275/1195/1310
f 1267/1173/1292 1271/1177/1295 1263/1196/1313
f 1287/1198/1315 1293/1180/1298 1291/1185/1303
f 1253/1199/1299 1258/1191/1309 1273/1190/1308
f 1266/1174/1293 1265/1197/1314 1269/1188/1306
f 1254/1183/1301 1279/1182/1300 1263/1196/1313
f 1303/1201/1317 1302/1226/1342 1260/1202/1318
f 1303/1201/1317 1264/1203/1319 1296/1204/1320
f 1305/1205/1321 1296/1204/1320 1295/1206/1322
f 1311/1208/1324 1310/1776/1343 1298/1209/1325
f 1314/1211/1327 1299/1225/1341 1294/1212/1328
f 1317/1214/1330 1311/1208/1324 1297/1210/1326
f 1315/1213/1329 1294/1212/1328 1268/1219/1335
f 1314/1211/1327 1321/1777/1332 1300/1224/1340
f 1302/1226/1342 1317/1214/1330 1292/1215/1331
f 1323/1220/1336 1268/1219/1335 1298/1227/1325
f 1280/1200/1316 1273/1190/1308 1324/1229/1344
f 1324/1229/1344 1323/1220/1336 1310/1228/1343
f 1265/1197/1314 1263/1196/1313 1318/1231/1346
f 1301/1232/1347 1318/1231/1346 1317/1214/1330
f 1293/1180/1298 1322/1234/1333 1313/1233/1348
f 1322/1234/1333 1321/1777/1332 1314/1211/1327
f 1274/1179/1297 1275/1195/1310 1308/1235/1338
f 1273/1190/1308 1259/1178/1296 1316/1240/1351
f 1324/1229/1344 1316/1240/1351 1315/1213/1329
f 1293/1180/1298 1274/1179/1297 1319/1236/1337
f 1263/1196/1313 1279/1182/1300 1312/1242/1353
f 1318/1231/1346 1312/1242/1353 1311/1208/1324
f 1291/1185/1303 1313/1233/1348 1316/1240/1351
f 1316/1240/1351 1313/1233/1348 1314/1211/1327
f 1279/1182/1300 1280/1778/1316 1309/1243/1345
f 1309/1243/1345 1310/1776/1343 1311/1208/1324
f 1276/1186/1304 1306/1245/1354 1308/1244/1338
f 1306/1245/1354 1305/1205/1321 1307/1207/1323
f 1269/1188/1306 1304/1246/1355 1306/1245/1354
f 1304/1246/1355 1303/1201/1317 1305/1205/1321
f 1265/1197/1314 1301/1232/1347 1304/1246/1355
f 1301/1232/1347 1302/1226/1342 1303/1201/1317
f 1307/1247/1323 1295/1251/1322 1325/1248/1356
f 1270/1250/1350 1320/1669/1349 1325/1248/1356
f 1300/1237/1340 1321/1216/1332 1330/1218/1334
f 1307/1247/1323 1327/1249/1357 1328/1252/1339
f 1264/1203/1319 1260/1202/1318 1106/1254/1131
f 1298/1227/1325 1268/1219/1335 1113/1256/1127
f 1292/1215/1331 1107/1258/1117 1106/1254/1131
f 1110/1259/1123 1111/1797/1121 1270/1250/1350
f 1296/1204/1320 1108/1255/1124 1110/1260/1123
f 1299/1225/1341 1300/1224/1340 1111/1261/1121
f 1297/1210/1326 1298/1209/1325 1109/1263/1118
f 1299/1225/1341 1112/1262/1120 1113/1256/1127
f 1359/1265/1358 1343/1275/1367 1342/1266/1359
f 1341/1268/1361 1340/1277/1368 1357/1269/1362
f 1361/1271/1364 1339/1313/1398 1338/1272/1365
f 1358/1274/1366 1338/1316/1365 1343/1275/1367
f 1342/1266/1359 1341/1318/1361 1360/1276/1363
f 1340/1277/1368 1339/1313/1398 1361/1271/1364
f 1386/1278/1369 1348/1330/1407 1355/1279/1370
f 1349/1281/1372 1354/1319/1400 1375/1282/1373
f 1344/1284/1375 1351/1331/1389 1383/1285/1376
f 1345/1287/1378 1350/1321/1390 1373/1288/1379
f 1387/1290/1381 1352/1332/1387 1347/1291/1382
f 1374/1293/1384 1353/1320/1388 1346/1294/1385
f 1384/1280/1371 1355/1279/1370 1352/1296/1387
f 1375/1282/1373 1354/1319/1400 1353/1298/1388
f 1351/1300/1389 1348/1330/1407 1386/1278/1369
f 1350/1302/1390 1349/1281/1372 1372/1283/1374
f 1382/1292/1383 1347/1291/1382 1344/1284/1375
f 1346/1294/1385 1345/1287/1378 1370/1289/1380
f 1368/1304/1391 1357/1269/1362 1361/1271/1364
f 1367/1306/1393 1356/1267/1360 1360/1276/1363
f 1358/1274/1366 1359/1265/1358 1364/1308/1395
f 1361/1271/1364 1358/1273/1366 1369/1310/1396
f 1365/1311/1394 1360/1270/1363 1357/1269/1362
f 1359/1265/1358 1356/1267/1360 1367/1306/1393
f 1343/1275/1367 1363/1317/1399 1362/1312/1397
f 1339/1313/1398 1340/1277/1368 1362/1314/1397
f 1364/1308/1395 1367/1306/1393 1345/1287/1378
f 1350/1302/1390 1365/1311/1394 1368/1304/1391
f 1366/1305/1392 1369/1310/1396 1353/1298/1388
f 1369/1309/1396 1364/1308/1395 1346/1294/1385
f 1345/1287/1378 1367/1306/1393 1365/1307/1394
f 1349/1281/1372 1368/1304/1391 1366/1305/1392
f 1371/1295/1386 1370/1289/1380 1379/1322/1401
f 1377/1324/1403 1373/1303/1379 1372/1283/1374
f 1375/1282/1373 1374/1299/1384 1381/1326/1405
f 1374/1293/1384 1371/1295/1386 1376/1323/1402
f 1379/1322/1401 1370/1289/1380 1373/1288/1379
f 1372/1283/1374 1375/1282/1373 1378/1327/1406
f 1380/1325/1404 1378/1327/1406 1355/1279/1370
f 1344/1284/1375 1379/1322/1401 1377/1329/1403
f 1381/1328/1405 1376/1323/1402 1347/1291/1382
f 1378/1327/1406 1381/1326/1405 1352/1296/1387
f 1351/1300/1389 1377/1324/1403 1380/1325/1404
f 1376/1323/1402 1379/1322/1401 1344/1284/1375
f 1388/1333/1408 1382/1292/1383 1385/1286/1377
f 1383/1301/1376 1386/1278/1369 1392/1335/1410
f 1390/1337/1412 1384/1280/1371 1387/1297/1381
f 1393/1339/1413 1387/1290/1381 1382/1292/1383
f 1385/1286/1377 1383/1285/1376 1389/1340/1411
f 1392/1335/1410 1386/1278/1369 1384/1280/1371
f 1334/1341/1414 1392/1335/1410 1390/1337/1412
f 1391/1334/1409 1389/1340/1411 1335/1343/1416
f 1332/1345/1418 1393/1339/1413 1388/1333/1408
f 1390/1337/1412 1393/1338/1413 1332/1347/1418
f 1335/1348/1416 1389/1336/1411 1392/1335/1410
f 1388/1333/1408 1391/1334/1409 1336/1344/1417
f 1405/1349/1420 1404/1359/1429 1418/1350/1421
f 1403/1352/1423 1402/1399/1461 1419/1353/1424
f 1423/1355/1426 1401/1361/1430 1400/1356/1427
f 1420/1358/1428 1400/1400/1427 1405/1349/1420
f 1404/1359/1429 1403/1402/1423 1422/1360/1425
f 1419/1353/1424 1402/1399/1461 1401/1361/1430
f 1448/1362/1431 1410/1414/1469 1417/1363/1432
f 1434/1365/1434 1411/1403/1462 1416/1366/1435
f 1406/1368/1437 1413/1415/1451 1445/1369/1438
f 1407/1371/1440 1412/1405/1452 1435/1372/1441
f 1449/1374/1443 1414/1416/1449 1409/1375/1444
f 1436/1377/1446 1415/1404/1450 1408/1378/1447
f 1446/1364/1433 1417/1363/1432 1414/1380/1449
f 1437/1367/1436 1416/1366/1435 1415/1382/1450
f 1413/1384/1451 1410/1414/1469 1448/1362/1431
f 1412/1386/1452 1411/1403/1462 1434/1365/1434
f 1409/1375/1444 1406/1368/1437 1447/1370/1439
f 1408/1378/1447 1407/1371/1440 1432/1373/1442
f 1430/1388/1453 1419/1353/1424 1423/1355/1426
f 1429/1390/1455 1418/1350/1421 1422/1360/1425
f 1420/1358/1428 1421/1351/1422 1426/1392/1457
f 1423/1355/1426 1420/1357/1428 1431/1394/1458
f 1427/1395/1456 1422/1354/1425 1419/1353/1424
f 1421/1351/1422 1418/1350/1421 1429/1390/1455
f 1405/1349/1420 1425/1401/1460 1424/1396/1459
f 1401/1361/1430 1402/1399/1461 1424/1397/1459
f 1426/1392/1457 1429/1390/1455 1407/1371/1440
f 1412/1386/1452 1427/1395/1456 1430/1388/1453
f 1428/1389/1454 1431/1394/1458 1415/1382/1450
f 1431/1393/1458 1426/1392/1457 1408/1378/1447
f 1407/1371/1440 1429/1390/1455 1427/1391/1456
f 1411/1403/1462 1430/1388/1453 1428/1389/1454
f 1433/1379/1448 1432/1373/1442 1441/1406/1463
f 1439/1408/1465 1435/1387/1441 1434/1365/1434
f 1437/1367/1436 1436/1383/1446 1443/1410/1467
f 1436/1377/1446 1433/1379/1448 1438/1407/1464
f 1441/1406/1463 1432/1373/1442 1435/1372/1441
f 1442/1409/1466 1434/1365/1434 1437/1367/1436
f 1410/1414/1469 1442/1409/1466 1440/1411/1468
f 1406/1368/1437 1441/1406/1463 1439/1413/1465
f 1443/1412/1467 1438/1407/1464 1409/1375/1444
f 1440/1411/1468 1443/1410/1467 1414/1380/1449
f 1413/1384/1451 1439/1408/1465 1442/1409/1466
f 1438/1407/1464 1441/1406/1463 1406/1368/1437
f 1444/1376/1445 1447/1370/1439 1453/1417/1470
f 1445/1385/1438 1448/1362/1431 1454/1419/1472
f 1452/1421/1474 1446/1364/1433 1449/1381/1443
f 1455/1423/1475 1449/1374/1443 1444/1376/1445
f 1447/1370/1439 1445/1369/1438 1451/1424/1473
f 1454/1419/1472 1448/1362/1431 1446/1364/1433
f 1396/1425/1476 1454/1419/1472 1452/1421/1474
f 1453/1417/1470 1451/1424/1473 1397/1427/1478
f 1394/1429/1480 1455/1423/1475 1450/1418/1471
f 1452/1421/1474 1455/1422/1475 1394/1431/1480
f 1397/1432/1478 1451/1420/1473 1454/1419/1472
f 1450/1418/1471 1453/1417/1470 1398/1428/1479
f 1483/1433/1482 1467/1443/1491 1466/1434/1483
f 1465/1436/1485 1464/1445/1492 1481/1437/1486
f 1485/1439/1488 1463/1481/1522 1462/1440/1489
f 1482/1442/1490 1462/1484/1489 1467/1443/1491
f 1466/1434/1483 1465/1486/1485 1484/1444/1487
f 1464/1445/1492 1463/1481/1522 1485/1439/1488
f 1472/1446/1493 1479/1498/1531 1508/1447/1494
f 1473/1449/1496 1478/1487/1524 1499/1450/1497
f 1468/1452/1499 1475/1499/1513 1507/1453/1500
f 1469/1455/1502 1474/1489/1514 1497/1456/1503
f 1511/1458/1505 1476/1500/1511 1471/1459/1506
f 1498/1461/1508 1477/1488/1512 1470/1462/1509
f 1508/1447/1494 1479/1498/1531 1476/1464/1511
f 1499/1450/1497 1478/1487/1524 1477/1466/1512
f 1475/1468/1513 1472/1446/1493 1510/1448/1495
f 1474/1470/1514 1473/1449/1496 1496/1451/1498
f 1506/1460/1507 1471/1459/1506 1468/1452/1499
f 1495/1463/1510 1470/1462/1509 1469/1455/1502
f 1481/1437/1486 1485/1439/1488 1490/1472/1515
f 1491/1474/1517 1480/1435/1484 1484/1444/1487
f 1482/1442/1490 1483/1433/1482 1488/1476/1519
f 1485/1439/1488 1482/1441/1490 1493/1478/1520
f 1489/1479/1518 1484/1438/1487 1481/1437/1486
f 1488/1476/1519 1483/1433/1482 1480/1435/1484
f 1467/1443/1491 1487/1485/1523 1486/1480/1521
f 1463/1481/1522 1464/1445/1492 1486/1482/1521
f 1470/1462/1509 1488/1476/1519 1491/1474/1517
f 1474/1470/1514 1489/1479/1518 1492/1473/1516
f 1490/1472/1515 1493/1478/1520 1477/1466/1512
f 1493/1477/1520 1488/1476/1519 1470/1462/1509
f 1469/1455/1502 1491/1474/1517 1489/1475/1518
f 1492/1473/1516 1490/1472/1515 1478/1487/1524
f 1500/1490/1525 1495/1463/1510 1494/1457/1504
f 1501/1492/1527 1497/1471/1503 1496/1451/1498
f 1499/1450/1497 1498/1467/1508 1505/1494/1529
f 1498/1461/1508 1495/1463/1510 1500/1490/1525
f 1503/1491/1526 1494/1457/1504 1497/1456/1503
f 1496/1451/1498 1499/1450/1497 1502/1495/1530
f 1504/1493/1528 1502/1495/1530 1479/1498/1531
f 1468/1452/1499 1503/1491/1526 1501/1497/1527
f 1505/1496/1529 1500/1490/1525 1471/1459/1506
f 1502/1495/1530 1505/1494/1529 1476/1464/1511
f 1475/1468/1513 1501/1492/1527 1504/1493/1528
f 1471/1459/1506 1500/1490/1525 1503/1491/1526
f 1506/1460/1507 1509/1454/1501 1515/1501/1532
f 1507/1469/1500 1510/1448/1495 1516/1503/1534
f 1514/1505/1536 1508/1447/1494 1511/1465/1505
f 1517/1507/1537 1511/1458/1505 1506/1460/1507
f 1509/1454/1501 1507/1453/1500 1513/1508/1535
f 1516/1503/1534 1510/1448/1495 1508/1447/1494
f 1458/1509/1538 1516/1503/1534 1514/1505/1536
f 1515/1501/1532 1513/1508/1535 1459/1511/1540
f 1517/1507/1537 1512/1502/1533 1461/1513/1542
f 1457/1510/1539 1514/1505/1536 1517/1506/1537
f 1459/1516/1540 1513/1504/1535 1516/1503/1534
f 1512/1502/1533 1515/1501/1532 1460/1512/1541
f 1545/1517/1544 1529/1527/1553 1528/1518/1545
f 1527/1520/1547 1526/1529/1554 1543/1521/1548
f 1547/1523/1550 1525/1565/1584 1524/1524/1551
f 1544/1526/1552 1524/1568/1551 1529/1527/1553
f 1528/1518/1545 1527/1570/1547 1546/1528/1549
f 1526/1529/1554 1525/1565/1584 1547/1523/1550
f 1534/1530/1555 1541/1582/1593 1570/1531/1556
f 1535/1533/1558 1540/1571/1586 1561/1534/1559
f 1530/1536/1561 1537/1583/1575 1569/1537/1562
f 1531/1539/1564 1536/1573/1576 1559/1540/1565
f 1573/1542/1567 1538/1584/1573 1533/1543/1568
f 1560/1545/1570 1539/1572/1574 1532/1546/1571
f 1570/1531/1556 1541/1582/1593 1538/1548/1573
f 1561/1534/1559 1540/1571/1586 1539/1550/1574
f 1537/1552/1575 1534/1530/1555 1572/1532/1557
f 1536/1554/1576 1535/1533/1558 1558/1535/1560
f 1568/1544/1569 1533/1543/1568 1530/1536/1561
f 1557/1547/1572 1532/1546/1571 1531/1539/1564
f 1543/1521/1548 1547/1523/1550 1552/1556/1577
f 1553/1558/1579 1542/1519/1546 1546/1528/1549
f 1544/1526/1552 1545/1517/1544 1550/1560/1581
f 1547/1523/1550 1544/1525/1552 1555/1562/1582
f 1551/1563/1580 1546/1522/1549 1543/1521/1548
f 1550/1560/1581 1545/1517/1544 1542/1519/1546
f 1529/1527/1553 1549/1569/1585 1548/1564/1583
f 1525/1565/1584 1526/1529/1554 1548/1566/1583
f 1532/1546/1571 1550/1560/1581 1553/1558/1579
f 1536/1554/1576 1551/1563/1580 1554/1557/1578
f 1552/1556/1577 1555/1562/1582 1539/1550/1574
f 1555/1561/1582 1550/1560/1581 1532/1546/1571
f 1531/1539/1564 1553/1558/1579 1551/1559/1580
f 1554/1557/1578 1552/1556/1577 1540/1571/1586
f 1562/1574/1587 1557/1547/1572 1556/1541/1566
f 1563/1576/1589 1559/1555/1565 1558/1535/1560
f 1561/1534/1559 1560/1551/1570 1567/1578/1591
f 1560/1545/1570 1557/1547/1572 1562/1574/1587
f 1565/1575/1588 1556/1541/1566 1559/1540/1565
f 1558/1535/1560 1561/1534/1559 1564/1579/1592
f 1566/1577/1590 1564/1579/1592 1541/1582/1593
f 1530/1536/1561 1565/1575/1588 1563/1581/1589
f 1567/1580/1591 1562/1574/1587 1533/1543/1568
f 1564/1579/1592 1567/1578/1591 1538/1548/1573
f 1537/1552/1575 1563/1576/1589 1566/1577/1590
f 1533/1543/1568 1562/1574/1587 1565/1575/1588
f 1574/1585/1594 1568/1544/1569 1571/1538/1563
f 1569/1553/1562 1572/1532/1557 1578/1587/1596
f 1576/1589/1598 1570/1531/1556 1573/1549/1567
f 1579/1591/1599 1573/1542/1567 1568/1544/1569
f 1571/1538/1563 1569/1537/1562 1575/1592/1597
f 1572/1532/1557 1570/1531/1556 1576/1589/1598
f 1578/1587/1596 1576/1589/1598 1519/1593/1600
f 1577/1586/1595 1575/1592/1597 1521/1595/1602
f 1518/1597/1604 1579/1591/1599 1574/1585/1594
f 1576/1589/1598 1579/1590/1599 1518/1599/1604
f 1575/1588/1597 1578/1587/1596 1520/1594/1601
f 1523/1598/1605 1574/1585/1594 1577/1586/1595
f 1585/1601/1606 1584/1635/1615 1592/1602/1607
f 1583/1604/1609 1582/1638/1635 1593/1605/1610
f 1597/1607/1612 1581/1641/1616 1580/1608/1613
f 1580/1608/1613 1585/1601/1606 1595/1603/1608
f 1584/1610/1615 1583/1604/1609 1596/1606/1611
f 1593/1605/1610 1582/1638/1635 1581/1612/1616
f 1608/1614/1617 1588/1624/1626 1591/1615/1618
f 1586/1617/1620 1589/1643/1637 1609/1618/1621
f 1590/1620/1623 1587/1642/1636 1607/1621/1624
f 1611/1623/1619 1591/1644/1618 1590/1620/1623
f 1609/1618/1621 1589/1643/1637 1588/1624/1626
f 1607/1621/1624 1587/1642/1636 1586/1625/1620
f 1604/1627/1627 1593/1605/1610 1597/1613/1612
f 1603/1629/1629 1592/1611/1607 1596/1606/1611
f 1594/1609/1614 1595/1603/1608 1600/1631/1631
f 1597/1607/1612 1594/1609/1614 1605/1632/1632
f 1601/1630/1630 1596/1606/1611 1593/1605/1610
f 1595/1603/1608 1592/1602/1607 1603/1634/1629
f 1584/1635/1615 1585/1601/1606 1599/1636/1633
f 1582/1638/1635 1598/1640/1634 1599/1639/1633
f 1600/1631/1631 1603/1634/1629 1586/1625/1620
f 1589/1643/1637 1601/1630/1630 1604/1627/1627
f 1602/1633/1628 1605/1632/1632 1590/1620/1623
f 1605/1632/1632 1600/1631/1631 1587/1642/1636
f 1586/1617/1620 1603/1629/1629 1601/1630/1630
f 1588/1624/1626 1604/1627/1627 1602/1628/1628
f 1395/1426/1477 1261/1171/1291 1255/1187/1305
f 1394/1431/1480 1290/1169/1286 1261/1171/1291
f 1394/1429/1480 1399/1430/1481 1288/1163/1284
f 1399/1430/1481 1398/1428/1479 1257/1194/1312
f 1398/1428/1479 1397/1427/1478 1256/1645/1311
f 1396/1425/1476 1255/1187/1305 1256/1193/1311
f 1332/1347/1418 1286/1172/1281 1266/1174/1293
f 1332/1345/1418 1337/1346/1419 1283/1184/1302
f 1337/1346/1419 1336/1344/1417 1287/1198/1315
f 1335/1343/1416 1289/1164/1285 1287/1198/1315
f 1335/1348/1416 1334/1341/1414 1262/1170/1290
f 1334/1341/1414 1333/1342/1415 1266/1174/1293
f 1456/1515/1543 1284/1175/1289 1271/1177/1295
f 1456/1514/1543 1461/1513/1542 1278/1166/1287
f 1460/1512/1541 1282/1161/1282 1278/1166/1287
f 1459/1511/1540 1285/1162/1283 1282/1161/1282
f 1459/1516/1540 1458/1509/1538 1267/1173/1292
f 1458/1509/1538 1457/1510/1539 1271/1177/1295
f 1523/1598/1605 1258/1191/1309 1253/1199/1299
f 1522/1596/1603 1277/1189/1307 1258/1191/1309
f 1521/1595/1602 1281/1167/1288 1277/1189/1307
f 1521/1600/1602 1520/1594/1601 1272/1176/1294
f 1520/1594/1601 1519/1593/1600 1254/1183/1301
f 1519/1593/1600 1518/1599/1604 1253/1181/1299
f 1612/1649/1638 1616/1664/1650 1617/1650/1639
f 1613/1651/1640 1617/1650/1639 1608/1614/1617
f 1326/1652/1641 1329/1657/1644 1612/1653/1638
f 1610/1622/1625 1326/1652/1641 1613/1654/1640
f 1620/1655/1642 1623/1659/1646 1622/1656/1643
f 1614/1658/1645 1627/1666/1648 1623/1659/1646
f 1618/1660/1647 1626/1665/1651 1627/1661/1648
f 1625/1663/1649 1626/1665/1651 1618/1660/1647
f 1327/1249/1357 1325/1248/1356 1626/1665/1651
f 1330/1218/1334 1623/1659/1646 1627/1666/1648
f 1624/1667/1652 1625/1663/1649 1616/1664/1650
f 1331/1241/1352 1328/1223/1339 1624/1668/1652
f 1328/1252/1339 1327/1249/1357 1625/1663/1649
f 1331/1241/1352 1622/1656/1643 1623/1659/1646
f 1329/1657/1644 1622/1656/1643 1624/1668/1652
f 1627/1661/1648 1626/1665/1651 1325/1248/1356
f 1617/1650/1639 1619/1670/1653 1609/1618/1621
f 1616/1664/1650 1618/1660/1647 1619/1670/1653
f 1619/1670/1653 1615/1671/1654 1606/1619/1622
f 1618/1660/1647 1614/1662/1645 1615/1671/1654
f 1606/1626/1622 1615/1673/1654 1621/1672/1655
f 1615/1673/1654 1614/1658/1645 1620/1655/1642
f 1607/1621/1624 1621/1672/1655 1326/1652/1641
f 1621/1672/1655 1620/1655/1642 1329/1657/1644
f 1645/1686/1669 1631/1689/1673 1649/1693/1680
f 1637/1684/1667 1634/1675/1666 1652/1699/1685
f 1641/1681/1663 1633/1689/1679 1651/1701/1687
f 1640/1686/1678 1636/1687/1682 1654/1703/1689
f 1642/1697/1658 1660/1712/1700 1652/1699/1685
f 1639/1678/1675 1657/1707/1697 1648/1705/1691
f 1643/1681/1672 1630/1691/1676 1648/1705/1691
f 1641/1681/1663 1659/1702/1688 1647/1705/1693
f 1637/1684/1667 1655/1700/1686 1654/1703/1689
f 1643/1681/1672 1661/1706/1692 1649/1693/1680
f 1638/1678/1660 1629/1682/1664 1647/1705/1693
f 1645/1686/1669 1663/1694/1681 1662/1708/1695
f 1638/1678/1660 1656/1707/1694 1650/1709/1696
f 1639/1678/1675 1632/1679/1661 1650/1709/1696
f 1646/1696/1684 1664/1711/1699 1653/1710/1698
f 1640/1686/1678 1658/1704/1690 1651/1701/1687
f 1646/1696/1684 1644/1687/1670 1662/1708/1695
f 1642/1676/1658 1635/1675/1657 1653/1710/1698
f 1628/837/1009 1009/865/1036 1021/867/1038
f 1759/1713/1701 1752/1729/1716 1670/1714/1702
f 1757/1716/1704 1759/1713/1701 1669/1715/1703
f 1756/1718/1706 1754/1765/1714 1672/1719/1707
f 1753/1721/1709 1671/1728/1715 1668/1722/1710
f 1758/1723/1711 1668/1722/1710 1665/1724/1712
f 1754/1726/1714 1757/1716/1704 1667/1717/1705
f 1756/1718/1706 1666/1720/1708 1671/1728/1715
f 1755/1725/1713 1665/1724/1712 1670/1714/1702
f 1686/1730/1717 1681/1036/1179 1676/1050/1192
f 1687/1731/1718 1682/1048/1190 1680/1732/1719
f 1688/1047/1189 1683/1737/1196 1679/1039/1182
f 1684/1042/1185 1673/1051/1193 1676/1050/1192
f 1687/1731/1718 1677/1733/1720 1673/1051/1193
f 1682/1048/1190 1688/1047/1189 1678/1734/1721
f 1683/1054/1196 1685/1053/1195 1675/1045/1187
f 1685/1053/1195 1686/1730/1717 1674/1055/1197
f 1175/1735/1275 1680/1732/1719 1678/1734/1721
f 1672/1736/1722 1667/1779/1194 1683/1737/1196
f 1175/1735/1275 1172/1740/1274 1677/1733/1720
f 1671/1041/1184 1666/1046/1188 1682/1048/1190
f 1169/1056/1198 1674/1055/1197 1676/1050/1192
f 1665/1037/1180 1681/1036/1179 1686/1730/1717
f 1172/1740/1274 1168/1049/1191 1673/1051/1193
f 1669/1741/1724 1670/1739/1723 1686/1730/1717
f 1099/963/1115 1696/862/1033 1693/829/1001
f 1695/814/990 1696/862/1033 1099/963/1115
f 1000/828/1000 1693/829/1001 1689/808/985
f 1694/827/984 1690/820/995 992/1742/1725
f 1690/820/995 1692/819/994 1005/816/992
f 996/809/986 1691/812/989 1695/814/990
f 1689/808/985 1694/807/984 1002/1743/999
f 1697/830/1002 997/1745/974 993/1744/976
f 998/821/996 1698/823/998 981/1746/1726
f 1035/915/1084 1699/1780/2504 1700/1747/1727
f 1700/1747/1727 1699/1780/2504 1701/1748/1728
f 1702/1749/1729 1701/1748/1728 1703/1750/1730
f 1703/1750/1730 1705/1753/1733 1706/1752/1732
f 1053/897/1067 1052/885/1055 1706/1752/1732
f 1700/1747/1727 1710/1761/1741 1707/1754/1734
f 1711/1755/1735 1710/1761/1741 1700/1747/1727
f 1707/1754/1734 1708/1757/1737 1032/940/1101
f 1707/1754/1734 1710/1761/1741 1709/1756/1736
f 1052/885/1055 1061/888/1058 1713/1758/1738
f 1713/1758/1738 1712/1759/1739 1704/1751/1731
f 1712/1759/1739 1711/1755/1735 1702/1749/1729
f 1715/1760/1740 1714/1762/1742 1711/1755/1735
f 1710/1761/1741 1711/1755/1735 1714/1762/1742
f 1060/1763/1102 1708/1757/1737 1709/1756/1736
f 1056/893/1063 1060/1763/1102 1714/1762/1742
f 1072/1764/1280 1032/940/1101 1708/1757/1737
f 1057/891/1061 1056/893/1063 1715/1760/1740
f 1732/1686/1757 1750/1694/2572 1736/1693/1767
f 1724/1684/1753 1742/1700/2573 1739/1699/1771
f 1728/1681/1751 1746/1702/2574 1738/1701/1772
f 1727/1686/1766 1745/1704/2575 1741/1703/1773
f 1739/1699/1771 1747/1712/2576 1729/1676/1744
f 1735/1705/1774 1744/1707/2577 1726/1678/1763
f 1730/1681/1760 1748/1706/2578 1735/1705/1774
f 1734/1705/1775 1746/1702/2574 1728/1681/1751
f 1741/1703/1773 1742/1700/2573 1724/1684/1753
f 1736/1693/1767 1748/1706/2578 1730/1681/1760
f 1725/1678/1748 1743/1707/2579 1734/1705/1775
f 1749/1708/1776 1750/1694/2572 1732/1686/1757
f 1737/1709/1777 1743/1707/2579 1725/1678/1748
f 1726/1678/1763 1744/1707/2577 1737/1709/1777
f 1740/1710/1778 1751/1711/2580 1733/1696/1770
f 1738/1701/1772 1745/1704/2575 1727/1686/1766
f 1733/1696/1770 1751/1711/2580 1749/1708/1776
f 1729/1676/1744 1747/1712/2576 1740/1710/1778
f 1192/1094/1234 1755/1725/1713 1752/1729/1716
f 1193/1092/1232 1756/1718/1706 1753/1721/1709
f 1199/1095/1231 1194/1090/1230 1757/1716/1704
f 1195/1093/1233 1758/1723/1711 1755/1725/1713
f 1198/1096/1235 1753/1721/1709 1758/1723/1711
f 1193/1092/1232 1199/1091/1231 1754/1765/1714
f 1194/1090/1230 1196/1089/1229 1759/1713/1701
f 1196/1089/1229 1197/1088/1228 1752/1729/1716
f 1776/790/1779 1770/792/1789 1763/791/1780
f 1772/794/1782 1761/799/1787 1769/793/1783
f 1774/796/1785 1767/797/1786 1761/799/1787
f 995/800/978 1795/802/1796 1764/801/1788
f 1778/795/1784 1769/793/1783 1763/791/1780
f 1801/804/1790 1779/1743/1803 1771/803/1791
f 2454/807/1793 1778/1794/1784 1770/806/1789
f 1804/810/1795 1794/863/1835 996/809/986
f 1691/812/989 2455/814/1832 1795/813/1796
f 1798/815/1797 1799/817/1814 1780/816/1798
f 2452/819/1800 1774/1745/1785 1772/818/1782
f 994/822/997 2457/830/1806 1775/821/1802
f 1798/815/1797 1773/1742/1799 1779/824/1803
f 2451/820/1801 1772/818/1782 1778/826/1784
f 2453/829/1805 2450/808/1794 1770/806/1789
f 2452/819/1800 1780/816/1798 1775/821/1802
f 1780/816/1798 1782/841/1815 1775/821/1802
f 1783/832/1807 1004/835/1007 1028/831/1003
f 1003/834/1006 1004/835/1007 1783/832/1807
f 1802/833/1808 1975/840/1840 1785/839/1813
f 1799/817/1814 1803/842/1838 1782/841/1815
f 1786/844/1816 1790/854/1826 1781/843/1817
f 1768/846/1819 1789/847/1827 1786/844/1816
f 1793/849/1820 1791/1100/1828 1783/848/1821
f 1766/851/1823 1788/853/1830 1787/852/1824
f 1790/854/1826 1793/849/1820 1785/850/1822
f 1762/855/1825 1787/852/1824 1789/847/1827
f 1791/857/1828 1792/860/2023 1784/856/1829
f 2389/859/1831 1784/856/1829 1792/860/2023
f 1792/860/2023 1788/853/1830 2389/859/1831
f 2455/814/1832 2456/862/1901 1862/861/1833
f 1861/864/1834 1860/963/1902 1794/863/1835
f 979/866/1037 1003/1795/1006 1784/865/1809
f 1858/838/1811 1861/864/1834 1804/810/1795
f 1781/868/1837 1785/839/1813 1803/842/1838
f 1765/869/1839 1802/833/1808 1028/831/1003
f 1762/871/1841 1797/805/1792 1800/870/1842
f 1760/872/1843 1798/815/1797 1801/825/1790
f 1781/868/1837 1799/817/1814 1798/815/1797
f 1796/867/1836 1804/810/1795 1024/811/988
f 1807/876/1845 1034/1769/1870 1041/875/1045
f 1836/879/1847 1843/945/1931 1835/878/1848
f 1767/797/1786 1817/882/1851 1827/881/1850
f 1817/882/1851 1818/884/1854 1826/883/1852
f 1819/885/1853 1825/888/1856 1826/883/1852
f 1761/799/1787 1827/881/1850 1823/886/1855
f 1826/883/1852 1822/887/1857 1823/886/1855
f 1825/888/1856 1821/891/1859 1822/887/1857
f 1823/886/1855 1816/889/1858 1763/791/1780
f 1822/887/1857 1815/890/1860 1816/889/1858
f 1821/891/1859 1814/892/1862 1815/890/1860
f 1820/893/1861 1813/902/1849 1814/892/1862
f 1055/895/1065 1054/896/1066 1818/884/1854
f 1816/889/1858 1850/899/1863 1852/898/1781
f 1815/890/1860 1853/900/1864 1850/899/1863
f 1814/892/1862 1851/901/1865 1853/900/1864
f 1813/902/1849 1849/959/1897 1851/901/1865
f 1812/904/1866 1038/905/1074 980/903/1072
f 1811/906/1867 1039/1768/1868 1038/905/1074
f 1811/906/1867 1810/908/1869 1040/907/1076
f 1809/877/1846 1041/875/1045 1040/907/1076
f 1807/876/1845 1830/910/1883 1066/909/1078
f 1808/911/1871 1847/913/1894 1854/912/1872
f 1086/914/1083 1847/913/1894 1808/911/1871
f 1829/917/1874 1856/919/1877 1864/916/1875
f 1856/919/1877 1830/910/1883 1807/876/1845
f 1828/920/1878 1848/922/1900 1866/921/1879
f 384/924/380 380/927/381 1833/923/1881
f 1833/923/1881 380/927/381 382/926/384
f 1830/928/1883 382/926/384 216/929/1094
f 222/930/224 384/924/380 1831/925/1882
f 1832/932/1880 1841/934/1885 1839/933/1884
f 1829/917/1874 1840/936/1886 1841/935/1885
f 1806/918/1876 1835/937/1848 1840/936/1886
f 1837/938/1887 1836/879/1847 1813/880/1849
f 1839/933/1884 1834/1764/1892 1805/940/1873
f 1824/941/1888 1838/943/1936 1837/942/1887
f 1835/878/1848 1843/945/1931 1845/944/1889
f 1840/946/1886 1845/944/1889 1846/947/1890
f 1839/948/1884 1844/950/1893 1842/949/1891
f 1841/951/1885 1846/947/1890 1844/950/1893
f 1833/952/1881 1830/910/1883 1856/919/1877
f 1067/953/1095 1831/961/1882 1847/913/1894
f 1852/898/1781 1857/955/1903 1862/954/1833
f 1853/900/1864 1859/957/1896 1865/956/1895
f 1851/901/1865 1855/958/1898 1859/957/1896
f 1849/959/1897 1863/960/1899 1855/958/1898
f 1806/918/1876 1864/916/1875 1863/960/1899
f 1865/956/1895 1857/955/1903 1852/898/1781
f 1847/913/1894 1831/961/1882 1848/922/1900
f 1854/912/1872 1848/922/1900 1828/920/1878
f 1859/957/1896 1811/906/1867 1812/904/1866
f 1855/958/1898 1810/908/1869 1811/906/1867
f 2456/862/1901 2453/829/1805 1776/962/1779
f 1863/960/1899 1809/877/1846 1810/908/1869
f 1864/916/1875 1807/876/1845 1809/877/1846
f 1800/870/1842 1777/828/1804 1860/963/1902
f 1865/956/1895 1812/904/1866 1764/801/1788
f 1766/836/1810 1800/870/1842 1861/864/1834
f 1856/919/1877 1829/917/1874 1832/964/1880
f 1857/955/1903 1764/801/1788 1795/802/1796
f 1848/922/1900 1831/961/1882 1833/965/1881
f 1835/937/1848 1806/918/1876 1849/959/1897
f 1905/966/1904 1870/968/1915 1868/967/1905
f 1904/969/1907 1872/971/1911 1873/970/1908
f 1900/972/1910 1871/973/2141 1872/971/1911
f 1869/974/1912 1871/973/2141 1900/972/1910
f 1898/976/1914 1874/977/2140 1870/968/1915
f 1868/967/1905 1867/982/1917 1907/978/1916
f 1873/980/1908 1874/977/2140 1898/976/1914
f 1867/982/1917 1869/974/1912 1909/975/1913
f 1926/983/1918 1877/985/1964 1879/984/1919
f 1880/987/1921 1875/992/1963 1921/986/1922
f 1878/989/1924 1877/985/1964 1926/983/1918
f 1921/986/1922 1875/992/1963 1876/991/1926
f 1925/999/1927 1876/991/1926 1878/989/1924
f 1843/945/1931 1882/1001/1933 1893/1000/1932
f 1882/1001/1933 1881/1003/1944 1894/1002/1934
f 1895/1004/1935 1888/1005/1938 1837/942/1887
f 1896/1006/1937 1887/1034/1965 1888/1005/1938
f 1891/1007/1939 1895/1004/1935 1838/943/1936
f 1892/1008/1940 1896/1006/1937 1895/1004/1935
f 1844/950/1893 1886/1009/1942 1891/1007/1939
f 1885/1010/1941 1892/1008/1940 1891/1007/1939
f 1836/879/1847 1889/1011/1943 1882/1001/1933
f 1889/1011/1943 1890/1012/1947 1881/1003/1944
f 1845/944/1889 1893/1000/1932 1884/1013/1945
f 1893/1000/1932 1894/1002/1934 1883/1014/1946
f 1837/938/1887 1888/1015/1938 1889/1011/1943
f 1888/1015/1938 1887/1016/1965 1890/1012/1947
f 1884/1013/1945 1886/1009/1942 1844/950/1893
f 1883/1014/1946 1885/1010/1941 1886/1009/1942
f 1908/1018/1948 1910/1020/1951 1915/1017/1949
f 1907/978/1916 1909/975/1913 1910/1020/1951
f 1916/1021/1952 1912/1023/1955 1897/1022/1953
f 1912/1023/1955 1911/981/1909 1898/976/1914
f 1919/1024/1956 1901/1025/1957 1908/1018/1948
f 1902/979/1906 1907/978/1916 1908/1018/1948
f 1917/1026/1954 1897/1022/1953 1906/1027/1958
f 1898/976/1914 1905/966/1904 1906/1027/1958
f 1910/1020/1951 1899/1029/1961 1918/1028/1960
f 1909/975/1913 1900/972/1910 1899/1029/1961
f 1899/1029/1961 1903/1030/1962 1920/997/1930
f 1900/972/1910 1904/969/1907 1903/1030/1962
f 1903/1030/1962 1912/1032/1955 1916/1031/1952
f 1904/969/1907 1911/1773/1909 1912/1032/1955
f 1913/1033/1959 1906/1027/1958 1901/1025/1957
f 1905/966/1904 1902/979/1906 1901/1025/1957
f 1876/991/1926 1913/1033/1959 1919/1024/1956
f 1924/995/1929 1922/994/1928 1918/1028/1960
f 1875/992/1963 1917/1026/1954 1913/1033/1959
f 1878/989/1924 1919/1024/1956 1914/1019/1950
f 1880/987/1921 1916/1021/1952 1917/1026/1954
f 1914/1019/1950 1915/1017/1949 1879/984/1919
f 1881/1003/1944 1925/999/1927 1923/990/1925
f 1924/995/1929 1928/998/1923 1887/1034/1965
f 1922/994/1928 1924/995/1929 1896/1006/1937
f 1927/993/1920 1922/994/1928 1892/1008/1940
f 1890/1012/1947 1921/986/1922 1925/999/1927
f 1894/1002/1934 1923/990/1925 1926/983/1918
f 1928/988/1923 1921/986/1922 1890/1012/1947
f 1883/1014/1946 1926/983/1918 1927/993/1920
f 2442/1036/1966 2445/1042/1972 2429/1035/1967
f 2440/1039/1969 2439/1734/2499 1934/1038/1970
f 2445/1042/1972 2448/1731/2494 2432/1041/1973
f 1931/1043/1974 2436/1045/2500 2440/1044/1969
f 2427/1046/1975 2443/1048/2496 2449/1047/1976
f 1929/1049/1978 2434/1051/2498 2437/1050/1979
f 2428/1052/1981 2444/1054/2497 2446/1053/1982
f 2435/1055/1984 2436/1045/2500 1931/1043/1974
f 1974/1057/1986 1944/1059/1990 1938/1058/1987
f 1972/1060/1989 1941/1061/1999 1944/1059/1990
f 1939/1063/1991 1942/1099/2022 1969/1062/1992
f 1943/1066/1994 1940/1072/2000 1961/1065/1995
f 1937/1068/1997 1943/1066/1994 1973/1067/1996
f 1969/1070/1992 1942/1071/2022 1941/1061/1999
f 1940/1072/2000 1939/1063/1991 1971/1064/1993
f 1968/1073/1988 1938/1058/1987 1937/1068/1997
f 1787/852/1824 1968/1073/1988 1970/1069/1998
f 1944/1059/1990 1949/1075/2013 1950/1074/2001
f 1945/1082/2008 1948/1081/2006 1967/1079/2005
f 1963/1084/2004 1952/1086/2017 1947/1085/2010
f 1951/1080/2007 1946/1078/2003 1965/1076/2002
f 1970/1069/1998 1973/1067/1996 1786/844/1816
f 1949/1075/2013 1957/1089/2015 1958/1088/2014
f 1947/1085/2010 1955/1090/2020 1957/1089/2015
f 1946/1078/2003 1954/1092/2562 1960/1091/2016
f 1956/1093/2018 1959/1096/2021 1951/1080/2007
f 1953/1094/2019 1956/1093/2018 1948/1081/2006
f 1952/1086/2017 1960/1095/2016 1955/1090/2020
f 1959/1096/2021 1954/1092/2562 1946/1078/2003
f 1958/1088/2014 1953/1094/2019 1945/1082/2008
f 1962/1087/2012 1965/1076/2002 1939/1063/1991
f 1963/1084/2004 1966/1097/2011 1941/1061/1999
f 1964/1083/2009 1967/1079/2005 1943/1066/1994
f 1961/1065/1995 1971/1064/1993 1793/849/1820
f 1791/857/1828 1969/1070/1992 1972/1060/1989
f 1973/1067/1996 1961/1065/1995 1790/854/1826
f 1971/1064/1993 1969/1062/1992 1791/1100/1828
f 1792/860/2023 1972/1060/1989 1974/1057/1986
f 1788/853/1830 1974/1057/1986 1968/1073/1988
f 1765/869/1839 1782/841/1815 1803/842/1838
f 1980/1101/2024 1985/1103/2024 1979/1102/2025
f 1977/1105/2027 1983/1108/2024 1982/1104/2024
f 1983/1108/2024 1984/1109/2024 1981/1107/2024
f 1981/1107/2024 1984/1109/2024 1985/1103/2024
f 1988/1110/2028 2012/1112/2038 2008/1111/2029
f 1989/1119/2037 2010/1120/2065 2012/1112/2038
f 1982/1121/2039 1992/1116/2034 1986/1117/2036
f 1987/1113/2031 1993/1128/2054 1983/1122/2041
f 1978/1124/2026 1988/1110/2028 1990/1125/2030
f 1986/1117/2036 1987/1113/2031 1977/1123/2042
f 1983/1122/2041 1993/1128/2054 1994/1127/2044
f 1980/1129/2043 1990/1125/2030 1991/1130/2046
f 1995/1132/2048 1989/1143/2037 1979/1131/2025
f 1994/1127/2044 1995/1132/2048 1985/1133/2049
f 1991/1130/2046 1992/1116/2034 1982/1121/2039
f 1989/1119/2037 1988/1110/2028 1978/1124/2026
f 1996/1137/2050 2001/1139/2058 2003/1138/2051
f 2006/1141/2052 2004/1146/2060 2000/1140/2053
f 1996/1137/2050 1997/1115/2032 1987/1113/2031
f 1999/1114/2033 2007/1150/2063 1994/1127/2044
f 1990/1125/2030 2008/1111/2029 2011/1142/2055
f 2013/1144/2056 2010/1157/2065 1989/1143/2037
f 2009/1145/2057 2013/1144/2056 1995/1132/2048
f 1933/1147/2059 2005/1152/2064 2004/1146/2060
f 1933/1147/2059 1929/1151/1978 2007/1150/2063
f 2000/1140/2053 2002/1149/2062 2003/1138/2051
f 1998/1118/2035 1992/1116/2034 1991/1130/2046
f 2005/1152/2064 2002/1149/2062 2000/1140/2053
f 2006/1141/2052 1934/1153/1970 1936/1148/2061
f 2007/1150/2063 1999/1114/2033 2002/1149/2062
f 1930/1154/1985 1931/1156/1974 2012/1112/2038
f 2008/1111/2029 1935/1155/1971 1934/1153/1970
f 1931/1156/1974 1935/1155/1971 2008/1111/2029
f 1932/1158/1980 1930/1796/1985 2010/1157/2065
f 1929/1151/1978 1932/1158/1980 2013/1144/2056
f 1834/1159/1892 1842/949/1891 1838/943/1936
f 2047/1160/2066 2046/1162/2581 2043/1161/2067
f 2050/1164/2069 2048/1198/2097 2049/1163/2070
f 2042/1167/2072 2038/1189/2092 2039/1166/2073
f 2023/1170/2075 2050/1646/2069 2051/1169/2071
f 2028/1173/2077 2046/1647/2581 2047/1172/2066
f 2033/1176/2079 2042/1648/2072 2045/1175/2074
f 2020/1178/2081 2052/1185/2087 2043/1161/2067
f 2049/1163/2070 2054/1180/2098 2035/1179/2082
f 2040/1182/2084 2041/1778/2125 2014/1181/2085
f 2037/1186/2088 2030/1188/2090 2022/1171/2076
f 2034/1190/2091 2020/1178/2081 2038/1189/2092
f 2036/1192/2094 2037/1186/2088 2016/1187/2089
f 2018/1194/2083 2035/1179/2082 2036/1195/2094
f 2028/1173/2077 2026/1197/2099 2024/1196/2096
f 2052/1185/2087 2054/1180/2098 2048/1198/2097
f 2014/1199/2085 2041/1200/2125 2034/1190/2091
f 2030/1188/2090 2026/1197/2099 2027/1174/2078
f 2024/1196/2096 2040/1182/2084 2015/1183/2086
f 2064/1201/2100 2025/1203/2139 2021/1202/2101
f 2057/1204/2103 2025/1203/2139 2064/1201/2100
f 2056/1206/2105 2057/1204/2103 2066/1205/2104
f 2072/1208/2107 2058/1210/2114 2059/1209/2108
f 2055/1212/2110 2060/1225/2142 2075/1211/2111
f 2078/1214/2113 2053/1215/2124 2058/1210/2114
f 2029/1219/2118 2055/1212/2110 2076/1213/2112
f 2075/1211/2111 2060/1225/2142 2061/1224/2123
f 2063/1226/2102 2021/1202/2101 2053/1215/2124
f 2059/1227/2108 2029/1219/2118 2084/1220/2119
f 2041/1200/2125 2070/1230/2127 2085/1229/2126
f 2071/1228/2109 2084/1220/2119 2085/1229/2126
f 2026/1197/2099 2062/1232/2129 2079/1231/2128
f 2062/1232/2129 2063/1226/2102 2078/1214/2113
f 2074/1233/2130 2083/1234/2117 2054/1180/2098
f 2075/1211/2111 2082/1777/2115 2083/1234/2117
f 2035/1179/2082 2080/1236/2120 2069/1235/2122
f 2034/1190/2091 2085/1229/2126 2077/1240/2133
f 2085/1229/2126 2084/1220/2119 2076/1213/2112
f 2054/1180/2098 2083/1234/2117 2080/1236/2120
f 2024/1196/2096 2079/1231/2128 2073/1242/2135
f 2079/1231/2128 2078/1214/2113 2072/1208/2107
f 2077/1240/2133 2074/1233/2130 2052/1185/2087
f 2077/1240/2133 2076/1213/2112 2075/1211/2111
f 2040/1182/2084 2073/1242/2135 2070/1243/2127
f 2072/1208/2107 2071/1776/2109 2070/1243/2127
f 2069/1244/2122 2067/1245/2136 2037/1186/2088
f 2068/1207/2106 2066/1205/2104 2067/1245/2136
f 2067/1245/2136 2065/1246/2137 2030/1188/2090
f 2066/1205/2104 2064/1201/2100 2065/1246/2137
f 2065/1246/2137 2062/1232/2129 2026/1197/2099
f 2064/1201/2100 2063/1226/2102 2062/1232/2129
f 2068/1247/2106 2088/1249/2437 2086/1248/2138
f 2031/1250/2131 2056/1251/2105 2086/1248/2138
f 2061/1237/2123 2081/1238/2132 2091/1218/2116
f 2089/1252/2121 2088/1249/2437 2068/1247/2106
f 2025/1203/2139 1869/1255/1912 1867/1254/1917
f 2059/1227/2108 1870/1257/1915 1874/1256/2140
f 1867/1254/1917 1868/1258/1905 2053/1215/2124
f 2031/1250/2131 1872/1797/1911 1871/1259/2141
f 1871/1260/2141 1869/1255/1912 2057/1204/2103
f 2060/1225/2142 1873/1262/1908 1872/1261/1911
f 2058/1210/2114 1868/1258/1905 1870/1263/1915
f 1874/1256/2140 1873/1262/1908 2060/1225/2142
f 2120/1265/2143 2117/1267/2153 2103/1266/2144
f 2118/1269/2146 2101/1277/2154 2102/1268/2147
f 2122/1271/2149 2119/1273/2152 2099/1272/2150
f 2119/1274/2152 2120/1265/2143 2104/1275/2145
f 2121/1276/2148 2102/1318/2147 2103/1266/2144
f 2122/1271/2149 2100/1313/2151 2101/1277/2154
f 2147/1278/2155 2145/1280/2173 2116/1279/2156
f 2136/1282/2158 2115/1319/2174 2110/1281/2159
f 2144/1285/2161 2112/1331/2175 2105/1284/2162
f 2134/1288/2164 2111/1321/2176 2106/1287/2165
f 2148/1290/2167 2143/1292/2177 2108/1291/2168
f 2135/1293/2170 2132/1295/2178 2107/1294/2171
f 2145/1280/2173 2148/1297/2167 2113/1296/2169
f 2136/1282/2158 2135/1299/2170 2114/1298/2172
f 2147/1278/2155 2109/1330/2157 2112/1300/2175
f 2133/1283/2160 2110/1281/2159 2111/1302/2176
f 2143/1292/2177 2146/1286/2163 2105/1284/2162
f 2131/1289/2166 2106/1287/2165 2107/1294/2171
f 2129/1304/2179 2127/1305/2183 2122/1271/2149
f 2128/1306/2180 2126/1307/2184 2121/1276/2148
f 2125/1308/2181 2120/1265/2143 2119/1274/2152
f 2130/1310/2182 2119/1273/2152 2122/1271/2149
f 2126/1311/2184 2129/1304/2179 2118/1269/2146
f 2128/1306/2180 2117/1267/2153 2120/1265/2143
f 2123/1312/2185 2124/1317/2186 2104/1275/2145
f 2100/1313/2151 2124/1315/2186 2123/1314/2185
f 2106/1287/2165 2128/1306/2180 2125/1308/2181
f 2111/1302/2176 2110/1281/2159 2129/1304/2179
f 2114/1298/2172 2130/1310/2182 2127/1305/2183
f 2107/1294/2171 2125/1308/2181 2130/1309/2182
f 2106/1287/2165 2111/1321/2176 2126/1307/2184
f 2110/1281/2159 2115/1319/2174 2127/1305/2183
f 2140/1322/2187 2131/1289/2166 2132/1295/2178
f 2138/1324/2189 2141/1325/2192 2133/1283/2160
f 2142/1326/2190 2135/1299/2170 2136/1282/2158
f 2137/1323/2188 2132/1295/2178 2135/1293/2170
f 2140/1322/2187 2138/1329/2189 2134/1288/2164
f 2139/1327/2191 2136/1282/2158 2133/1283/2160
f 2116/1279/2156 2139/1327/2191 2141/1325/2192
f 2105/1284/2162 2112/1331/2175 2138/1329/2189
f 2108/1291/2168 2137/1323/2188 2142/1328/2190
f 2113/1296/2169 2142/1326/2190 2139/1327/2191
f 2112/1300/2175 2109/1330/2157 2141/1325/2192
f 2108/1291/2168 2105/1284/2162 2140/1322/2187
f 2149/1333/2193 2152/1334/2198 2146/1286/2163
f 2153/1335/2194 2147/1278/2155 2144/1301/2161
f 2151/1337/2196 2154/1338/2197 2148/1297/2167
f 2154/1339/2197 2149/1333/2193 2143/1292/2177
f 2150/1340/2195 2144/1285/2161 2146/1286/2163
f 2151/1337/2196 2145/1280/2173 2147/1278/2155
f 2095/1341/2199 2094/1342/2203 2151/1337/2196
f 2096/1343/2200 2150/1340/2195 2152/1334/2198
f 2093/1345/2202 2098/1346/2204 2149/1333/2193
f 2093/1347/2202 2154/1338/2197 2151/1337/2196
f 2096/1348/2200 2095/1341/2199 2153/1335/2194
f 2097/1344/2201 2152/1334/2198 2149/1333/2193
f 2179/1350/2205 2165/1359/2215 2166/1349/2206
f 2180/1353/2208 2163/1399/2216 2164/1352/2209
f 2184/1355/2211 2181/1357/2214 2161/1356/2212
f 2181/1358/2214 2182/1351/2207 2166/1349/2206
f 2183/1360/2210 2164/1402/2209 2165/1359/2215
f 2180/1353/2208 2184/1355/2211 2162/1361/2213
f 2209/1362/2217 2207/1364/2235 2178/1363/2218
f 2195/1365/2220 2198/1367/2236 2177/1366/2221
f 2206/1369/2223 2174/1415/2237 2167/1368/2224
f 2196/1372/2226 2173/1405/2238 2168/1371/2227
f 2210/1374/2229 2205/1376/2239 2170/1375/2230
f 2197/1377/2232 2194/1379/2240 2169/1378/2233
f 2207/1364/2235 2210/1381/2229 2175/1380/2231
f 2198/1367/2236 2197/1383/2232 2176/1382/2234
f 2209/1362/2217 2171/1414/2219 2174/1384/2237
f 2195/1365/2220 2172/1403/2222 2173/1386/2238
f 2208/1370/2225 2167/1368/2224 2170/1375/2230
f 2193/1373/2228 2168/1371/2227 2169/1378/2233
f 2191/1388/2241 2189/1389/2245 2184/1355/2211
f 2190/1390/2242 2188/1391/2246 2183/1360/2210
f 2187/1392/2243 2182/1351/2207 2181/1358/2214
f 2192/1394/2244 2181/1357/2214 2184/1355/2211
f 2188/1395/2246 2191/1388/2241 2180/1353/2208
f 2190/1390/2242 2179/1350/2205 2182/1351/2207
f 2185/1396/2247 2186/1401/2248 2166/1349/2206
f 2162/1361/2213 2186/1398/2248 2185/1397/2247
f 2168/1371/2227 2190/1390/2242 2187/1392/2243
f 2173/1386/2238 2172/1403/2222 2191/1388/2241
f 2176/1382/2234 2192/1394/2244 2189/1389/2245
f 2169/1378/2233 2187/1392/2243 2192/1393/2244
f 2168/1371/2227 2173/1405/2238 2188/1391/2246
f 2172/1403/2222 2177/1366/2221 2189/1389/2245
f 2202/1406/2249 2193/1373/2228 2194/1379/2240
f 2200/1408/2251 2203/1409/2254 2195/1365/2220
f 2204/1410/2252 2197/1383/2232 2198/1367/2236
f 2199/1407/2250 2194/1379/2240 2197/1377/2232
f 2202/1406/2249 2200/1413/2251 2196/1372/2226
f 2203/1409/2254 2201/1411/2253 2198/1367/2236
f 2171/1414/2219 2178/1363/2218 2201/1411/2253
f 2167/1368/2224 2174/1415/2237 2200/1413/2251
f 2170/1375/2230 2199/1407/2250 2204/1412/2252
f 2175/1380/2231 2204/1410/2252 2201/1411/2253
f 2174/1384/2237 2171/1414/2219 2203/1409/2254
f 2167/1368/2224 2202/1406/2249 2199/1407/2250
f 2214/1417/2255 2208/1370/2225 2205/1376/2239
f 2215/1419/2257 2209/1362/2217 2206/1385/2223
f 2213/1421/2259 2216/1422/2260 2210/1381/2229
f 2216/1423/2260 2211/1418/2256 2205/1376/2239
f 2212/1424/2258 2206/1369/2223 2208/1370/2225
f 2215/1419/2257 2213/1421/2259 2207/1364/2235
f 2157/1425/2261 2156/1426/2265 2213/1421/2259
f 2158/1427/2262 2212/1424/2258 2214/1417/2255
f 2155/1429/2264 2160/1430/2266 2211/1418/2256
f 2155/1431/2264 2216/1422/2260 2213/1421/2259
f 2158/1432/2262 2157/1425/2261 2215/1419/2257
f 2159/1428/2263 2214/1417/2255 2211/1418/2256
f 2244/1433/2267 2241/1435/2277 2227/1434/2268
f 2242/1437/2270 2225/1445/2278 2226/1436/2271
f 2246/1439/2273 2243/1441/2276 2223/1440/2274
f 2243/1442/2276 2244/1433/2267 2228/1443/2269
f 2245/1444/2272 2226/1486/2271 2227/1434/2268
f 2246/1439/2273 2224/1481/2275 2225/1445/2278
f 2269/1447/2279 2240/1498/2297 2233/1446/2280
f 2260/1450/2282 2239/1487/2298 2234/1449/2283
f 2268/1453/2285 2236/1499/2299 2229/1452/2286
f 2258/1456/2288 2235/1489/2300 2230/1455/2289
f 2272/1458/2291 2267/1460/2301 2232/1459/2292
f 2259/1461/2294 2256/1463/2302 2231/1462/2295
f 2269/1447/2279 2272/1465/2291 2237/1464/2293
f 2260/1450/2282 2259/1467/2294 2238/1466/2296
f 2271/1448/2281 2233/1446/2280 2236/1468/2299
f 2257/1451/2284 2234/1449/2283 2235/1470/2300
f 2267/1460/2301 2270/1454/2287 2229/1452/2286
f 2256/1463/2302 2255/1457/2290 2230/1455/2289
f 2251/1472/2303 2246/1439/2273 2242/1437/2270
f 2252/1474/2305 2250/1475/2308 2245/1444/2272
f 2249/1476/2306 2244/1433/2267 2243/1442/2276
f 2254/1478/2307 2243/1441/2276 2246/1439/2273
f 2250/1479/2308 2253/1473/2304 2242/1437/2270
f 2249/1476/2306 2252/1474/2305 2241/1435/2277
f 2247/1480/2309 2248/1485/2310 2228/1443/2269
f 2224/1481/2275 2248/1483/2310 2247/1482/2309
f 2231/1462/2295 2230/1455/2289 2252/1474/2305
f 2235/1470/2300 2234/1449/2283 2253/1473/2304
f 2238/1466/2296 2254/1478/2307 2251/1472/2303
f 2231/1462/2295 2249/1476/2306 2254/1477/2307
f 2230/1455/2289 2235/1489/2300 2250/1475/2308
f 2239/1487/2298 2251/1472/2303 2253/1473/2304
f 2261/1490/2311 2264/1491/2315 2255/1457/2290
f 2262/1492/2312 2265/1493/2316 2257/1451/2284
f 2266/1494/2313 2259/1467/2294 2260/1450/2282
f 2261/1490/2311 2256/1463/2302 2259/1461/2294
f 2264/1491/2315 2262/1497/2312 2258/1456/2288
f 2263/1495/2314 2260/1450/2282 2257/1451/2284
f 2240/1498/2297 2263/1495/2314 2265/1493/2316
f 2229/1452/2286 2236/1499/2299 2262/1497/2312
f 2232/1459/2292 2261/1490/2311 2266/1496/2313
f 2237/1464/2293 2266/1494/2313 2263/1495/2314
f 2236/1468/2299 2233/1446/2280 2265/1493/2316
f 2232/1459/2292 2229/1452/2286 2264/1491/2315
f 2276/1501/2317 2270/1454/2287 2267/1460/2301
f 2277/1503/2319 2271/1448/2281 2268/1469/2285
f 2275/1505/2321 2278/1506/2322 2272/1465/2291
f 2278/1507/2322 2273/1502/2318 2267/1460/2301
f 2274/1508/2320 2268/1453/2285 2270/1454/2287
f 2277/1503/2319 2275/1505/2321 2269/1447/2279
f 2219/1509/2323 2218/1510/2328 2275/1505/2321
f 2220/1511/2324 2274/1508/2320 2276/1501/2317
f 2222/1513/2326 2273/1502/2318 2278/1507/2322
f 2218/1510/2328 2217/1515/2327 2278/1506/2322
f 2220/1516/2324 2219/1509/2323 2277/1503/2319
f 2221/1512/2325 2276/1501/2317 2273/1502/2318
f 2306/1517/2329 2303/1519/2339 2289/1518/2330
f 2304/1521/2332 2287/1529/2340 2288/1520/2333
f 2308/1523/2335 2305/1525/2338 2285/1524/2336
f 2305/1526/2338 2306/1517/2329 2290/1527/2331
f 2307/1528/2334 2288/1570/2333 2289/1518/2330
f 2308/1523/2335 2286/1565/2337 2287/1529/2340
f 2331/1531/2341 2302/1582/2359 2295/1530/2342
f 2322/1534/2344 2301/1571/2360 2296/1533/2345
f 2330/1537/2347 2298/1583/2361 2291/1536/2348
f 2320/1540/2350 2297/1573/2362 2292/1539/2351
f 2334/1542/2353 2329/1544/2363 2294/1543/2354
f 2321/1545/2356 2318/1547/2364 2293/1546/2357
f 2331/1531/2341 2334/1549/2353 2299/1548/2355
f 2322/1534/2344 2321/1551/2356 2300/1550/2358
f 2333/1532/2343 2295/1530/2342 2298/1552/2361
f 2319/1535/2346 2296/1533/2345 2297/1554/2362
f 2329/1544/2363 2332/1538/2349 2291/1536/2348
f 2318/1547/2364 2317/1541/2352 2292/1539/2351
f 2313/1556/2365 2308/1523/2335 2304/1521/2332
f 2314/1558/2367 2312/1559/2370 2307/1528/2334
f 2311/1560/2368 2306/1517/2329 2305/1526/2338
f 2316/1562/2369 2305/1525/2338 2308/1523/2335
f 2312/1563/2370 2315/1557/2366 2304/1521/2332
f 2311/1560/2368 2314/1558/2367 2303/1519/2339
f 2309/1564/2371 2310/1569/2372 2290/1527/2331
f 2286/1565/2337 2310/1567/2372 2309/1566/2371
f 2293/1546/2357 2292/1539/2351 2314/1558/2367
f 2297/1554/2362 2296/1533/2345 2315/1557/2366
f 2300/1550/2358 2316/1562/2369 2313/1556/2365
f 2293/1546/2357 2311/1560/2368 2316/1561/2369
f 2292/1539/2351 2297/1573/2362 2312/1559/2370
f 2301/1571/2360 2313/1556/2365 2315/1557/2366
f 2323/1574/2373 2326/1575/2377 2317/1541/2352
f 2324/1576/2374 2327/1577/2378 2319/1535/2346
f 2328/1578/2375 2321/1551/2356 2322/1534/2344
f 2323/1574/2373 2318/1547/2364 2321/1545/2356
f 2326/1575/2377 2324/1581/2374 2320/1540/2350
f 2325/1579/2376 2322/1534/2344 2319/1535/2346
f 2302/1582/2359 2325/1579/2376 2327/1577/2378
f 2291/1536/2348 2298/1583/2361 2324/1581/2374
f 2294/1543/2354 2323/1574/2373 2328/1580/2375
f 2299/1548/2355 2328/1578/2375 2325/1579/2376
f 2298/1552/2361 2295/1530/2342 2327/1577/2378
f 2294/1543/2354 2291/1536/2348 2326/1575/2377
f 2335/1585/2379 2338/1586/2384 2332/1538/2349
f 2339/1587/2380 2333/1532/2343 2330/1553/2347
f 2337/1589/2382 2340/1590/2383 2334/1549/2353
f 2340/1591/2383 2335/1585/2379 2329/1544/2363
f 2336/1592/2381 2330/1537/2347 2332/1538/2349
f 2337/1589/2382 2331/1531/2341 2333/1532/2343
f 2280/1593/2385 2337/1589/2382 2339/1587/2380
f 2282/1595/2387 2336/1592/2381 2338/1586/2384
f 2279/1597/2389 2284/1598/2390 2335/1585/2379
f 2279/1599/2389 2340/1590/2383 2337/1589/2382
f 2281/1594/2386 2339/1587/2380 2336/1588/2381
f 2284/1598/2390 2283/1596/2388 2338/1586/2384
f 2353/1602/2391 2345/1635/2401 2346/1601/2392
f 2354/1605/2394 2343/1638/2402 2344/1604/2395
f 2358/1607/2397 2355/1609/2400 2341/1608/2398
f 2356/1603/2393 2346/1601/2392 2341/1608/2398
f 2357/1606/2396 2344/1604/2395 2345/1610/2401
f 2354/1605/2394 2358/1613/2397 2342/1612/2399
f 2369/1614/2403 2372/1616/2412 2352/1615/2404
f 2370/1618/2406 2350/1643/2413 2347/1617/2407
f 2368/1621/2409 2348/1642/2414 2351/1620/2410
f 2372/1623/2412 2371/1622/2411 2351/1620/2410
f 2370/1618/2406 2369/1614/2403 2349/1624/2405
f 2368/1621/2409 2367/1626/2408 2347/1625/2407
f 2365/1627/2415 2363/1628/2419 2358/1613/2397
f 2364/1629/2416 2362/1630/2420 2357/1606/2396
f 2361/1631/2417 2356/1603/2393 2355/1609/2400
f 2366/1632/2418 2355/1609/2400 2358/1607/2397
f 2362/1630/2420 2365/1627/2415 2354/1605/2394
f 2364/1634/2416 2353/1602/2391 2356/1603/2393
f 2345/1635/2401 2359/1637/2422 2360/1636/2421
f 2360/1639/2421 2359/1640/2422 2343/1638/2402
f 2347/1625/2407 2364/1634/2416 2361/1631/2417
f 2350/1643/2413 2349/1624/2405 2365/1627/2415
f 2351/1620/2410 2366/1632/2418 2363/1633/2419
f 2348/1642/2414 2361/1631/2417 2366/1632/2418
f 2347/1617/2407 2350/1643/2413 2362/1630/2420
f 2349/1624/2405 2352/1615/2404 2363/1628/2419
f 2016/1187/2089 2022/1171/2076 2156/1426/2265
f 2022/1171/2076 2051/1169/2071 2155/1431/2264
f 2155/1429/2264 2051/1165/2071 2049/1163/2070
f 2160/1430/2266 2049/1163/2070 2018/1194/2083
f 2159/1428/2263 2018/1194/2083 2017/1645/2095
f 2017/1193/2095 2016/1187/2089 2157/1425/2261
f 2027/1174/2078 2047/1172/2066 2093/1347/2202
f 2093/1345/2202 2047/1160/2066 2044/1184/2068
f 2098/1346/2204 2044/1184/2068 2048/1198/2097
f 2048/1198/2097 2050/1164/2069 2096/1343/2200
f 2096/1348/2200 2050/1646/2069 2023/1170/2075
f 2095/1341/2199 2023/1170/2075 2027/1174/2078
f 2032/1177/2080 2045/1175/2074 2217/1515/2327
f 2217/1514/2327 2045/1168/2074 2039/1166/2073
f 2039/1166/2073 2043/1161/2067 2221/1512/2325
f 2043/1161/2067 2046/1162/2581 2220/1511/2324
f 2220/1516/2324 2046/1647/2581 2028/1173/2077
f 2219/1509/2323 2028/1173/2077 2032/1177/2080
f 2014/1199/2085 2019/1191/2093 2284/1598/2390
f 2019/1191/2093 2038/1189/2092 2283/1596/2388
f 2038/1189/2092 2042/1167/2072 2282/1595/2387
f 2282/1600/2387 2042/1648/2072 2033/1176/2079
f 2281/1594/2386 2033/1176/2079 2015/1183/2086
f 2280/1593/2385 2015/1183/2086 2014/1181/2085
f 2378/1650/2423 2377/1664/2436 2373/1649/2424
f 2369/1614/2403 2378/1650/2423 2374/1651/2425
f 2087/1652/2426 2374/1654/2425 2373/1653/2424
f 2371/1622/2411 2372/1623/2412 2374/1654/2425
f 2381/1655/2428 2090/1657/2427 2383/1656/2429
f 2375/1658/2431 2381/1655/2428 2384/1659/2430
f 2379/1660/2433 2375/1662/2431 2388/1661/2432
f 2379/1660/2433 2387/1665/2434 2386/1663/2435
f 2088/1249/2437 2386/1663/2435 2387/1665/2434
f 2388/1666/2432 2384/1659/2430 2091/1218/2116
f 2377/1664/2436 2386/1663/2435 2385/1667/2438
f 2092/1241/2134 2383/1656/2429 2385/1668/2438
f 2089/1252/2121 2385/1667/2438 2386/1663/2435
f 2384/1659/2430 2383/1656/2429 2092/1241/2134
f 2090/1657/2427 2373/1653/2424 2385/1668/2438
f 2086/1248/2138 2387/1665/2434 2388/1661/2432
f 2370/1618/2406 2380/1670/2439 2378/1650/2423
f 2380/1670/2439 2379/1660/2433 2377/1664/2436
f 2367/1619/2408 2376/1671/2440 2380/1670/2439
f 2376/1671/2440 2375/1662/2431 2379/1660/2433
f 2367/1626/2408 2368/1621/2409 2382/1672/2441
f 2376/1673/2440 2382/1672/2441 2381/1655/2428
f 2368/1621/2409 2371/1622/2411 2087/1652/2426
f 2382/1672/2441 2087/1652/2426 2090/1657/2427
f 2406/1686/2456 2424/1694/2582 2410/1693/2466
f 2398/1684/2452 2416/1700/2583 2413/1699/2470
f 2402/1681/2450 2420/1702/2584 2412/1701/2471
f 2401/1686/2465 2419/1704/2585 2415/1703/2472
f 2413/1699/2470 2421/1712/2586 2403/1697/2443
f 2409/1705/2473 2418/1707/2587 2400/1678/2462
f 2404/1681/2459 2422/1706/2588 2409/1705/2473
f 2408/1705/2474 2420/1702/2584 2402/1681/2450
f 2415/1703/2472 2416/1700/2583 2398/1684/2452
f 2410/1693/2466 2422/1706/2588 2404/1681/2459
f 2399/1678/2447 2417/1707/2589 2408/1705/2474
f 2423/1708/2475 2424/1694/2582 2406/1686/2456
f 2411/1709/2476 2417/1707/2589 2399/1678/2447
f 2400/1678/2462 2418/1707/2587 2411/1709/2476
f 2414/1710/2477 2425/1711/2590 2407/1696/2469
f 2412/1701/2471 2419/1704/2585 2401/1686/2465
f 2407/1696/2469 2425/1711/2590 2423/1708/2475
f 2403/1676/2443 2421/1712/2586 2414/1710/2477
f 1796/867/1836 1784/865/1809 2389/837/1812
f 2514/1713/2478 2430/1715/2482 2431/1714/2479
f 2512/1716/2481 2428/1717/2491 2430/1715/2482
f 2511/1718/2483 2427/1720/2591 2433/1719/2484
f 2429/1722/2486 2432/1728/2492 2508/1721/2487
f 2426/1724/2489 2429/1722/2486 2513/1723/2488
f 2509/1726/2485 2433/1727/2484 2428/1717/2491
f 2432/1728/2492 2427/1720/2591 2511/1718/2483
f 2431/1714/2479 2426/1724/2489 2510/1725/2490
f 2447/1730/2493 2435/1055/1984 2437/1050/1979
f 2448/1731/2494 2438/1733/2501 2441/1732/2495
f 2449/1047/1976 2439/1734/2499 2440/1039/1969
f 2437/1050/1979 2434/1051/2498 2445/1042/1972
f 2434/1051/2498 2438/1733/2501 2448/1731/2494
f 2443/1048/2496 2441/1732/2495 2439/1734/2499
f 2444/1054/2497 2440/1044/1969 2436/1045/2500
f 2446/1053/1982 2436/1045/2500 2435/1055/1984
f 2439/1734/2499 2441/1732/2495 1936/1735/2061
f 2433/1736/1977 2449/1047/1976 2444/1737/2497
f 1936/1735/2061 2441/1732/2495 2438/1733/2501
f 2432/1041/1973 2448/1731/2494 2443/1048/2496
f 2437/1050/1979 2435/1055/1984 1930/1056/1985
f 2447/1730/2493 2442/1036/1966 2426/1037/1968
f 1933/1740/2059 2438/1733/2501 2434/1051/2498
f 2430/1741/1983 2446/1053/1982 2447/1730/2493
f 1860/963/1902 1777/828/1804 2453/829/1805
f 1860/963/1902 2456/862/1901 2455/814/1832
f 1777/828/1804 1771/803/1791 2450/808/1794
f 1773/1742/1799 2451/820/1801 2454/827/1793
f 1780/816/1798 2452/819/1800 2451/820/1801
f 996/809/986 1794/863/1835 2455/814/1832
f 1779/1743/1803 2454/807/1793 2450/808/1794
f 993/1744/976 1774/1745/1785 2457/830/1806
f 1775/821/1802 1765/869/1839 981/1746/1726
f 2458/1747/2503 1699/1780/2504 1035/915/1084
f 2458/1747/2503 2459/1749/2505 1701/1748/1728
f 2459/1749/2505 2460/1751/2507 1703/1750/1730
f 2461/1752/2506 1705/1753/1733 1703/1750/1730
f 1053/897/1067 1705/1753/1733 2461/1752/2506
f 2462/1754/2508 2465/1761/2510 2458/1747/2503
f 2466/1755/2509 2459/1749/2505 2458/1747/2503
f 2462/1754/2508 1808/911/1871 1805/940/1873
f 2462/1754/2508 2463/1757/2511 2464/1756/2512
f 1819/885/1853 2461/1752/2506 2468/1758/2513
f 2460/1751/2507 2467/1759/2514 2468/1758/2513
f 2459/1749/2505 2466/1755/2509 2467/1759/2514
f 2466/1755/2509 2469/1762/2516 2470/1760/2515
f 2469/1762/2516 2466/1755/2509 2465/1761/2510
f 2464/1756/2512 2463/1757/2511 1824/1763/1888
f 1820/893/1861 2470/1760/2515 2469/1762/2516
f 2463/1757/2511 1805/940/1873 1834/1764/1892
f 1821/891/1859 1825/888/1856 2470/1760/2515
f 2487/1686/2530 2473/1689/2534 2491/1693/2541
f 2479/1684/2528 2476/1675/2527 2494/1699/2546
f 2483/1681/2524 2475/1689/2540 2493/1701/2548
f 2482/1686/2539 2478/1687/2543 2496/1703/2550
f 2484/1676/2519 2502/1712/2561 2494/1699/2546
f 2481/1678/2536 2499/1707/2558 2490/1705/2552
f 2485/1681/2533 2472/1691/2537 2490/1705/2552
f 2483/1681/2524 2501/1702/2549 2489/1705/2554
f 2479/1684/2528 2497/1700/2547 2496/1703/2550
f 2485/1681/2533 2503/1706/2553 2491/1693/2541
f 2480/1678/2521 2471/1682/2525 2489/1705/2554
f 2487/1686/2530 2505/1694/2542 2504/1708/2556
f 2480/1678/2521 2498/1707/2555 2492/1709/2557
f 2481/1678/2536 2474/1679/2522 2492/1709/2557
f 2488/1696/2545 2506/1711/2560 2495/1710/2559
f 2482/1686/2539 2500/1704/2551 2493/1701/2548
f 2488/1696/2545 2486/1687/2531 2504/1708/2556
f 2484/1676/2519 2477/1675/2518 2495/1710/2559
f 2507/1729/2480 2510/1725/2490 1953/1094/2019
f 2508/1721/2487 2511/1718/2483 1954/1092/2562
f 1960/1095/2016 2509/1726/2485 2512/1716/2481
f 2510/1725/2490 2513/1723/2488 1956/1093/2018
f 2513/1723/2488 2508/1721/2487 1959/1096/2021
f 1954/1092/2562 2511/1718/2483 2509/1765/2485
f 1955/1090/2020 2512/1716/2481 2514/1713/2478
f 1957/1089/2015 2514/1713/2478 2507/1729/2480
usemtl char_face_mat
f 124/56/69 110/57/70 84/58/71
f 124/56/69 97/59/72 144/60/73
f 144/60/73 69/61/74 105/62/75
f 144/60/73 75/63/76 110/57/70
f 141/64/77 176/65/78 94/66/79
f 86/67/80 174/68/81 141/64/77
f 98/69/82 102/70/83 145/71/84
f 145/71/84 72/72/85 108/73/86
f 89/74/87 164/75/88 163/76/89
f 139/77/90 107/78/91 146/79/92
f 146/79/92 73/80/93 96/81/94
f 146/79/92 67/82/95 99/83/96
f 136/84/97 178/85/98 92/86/99
f 94/66/79 177/87/100 136/84/97
f 108/73/86 103/88/101 147/89/102
f 107/78/91 103/88/101 73/80/93
f 122/90/103 101/91/104 80/92/105
f 82/93/106 148/94/107 122/90/103
f 109/95/108 100/96/109 148/94/107
f 148/94/107 71/97/110 101/91/104
f 120/98/111 109/95/108 82/93/106
f 84/58/71 149/99/112 120/98/111
f 110/57/70 106/100/113 149/99/112
f 149/99/112 76/101/114 109/95/108
f 73/80/93 150/102/115 115/103/116
f 72/72/85 150/102/115 103/88/101
f 117/104/117 119/105/118 150/102/115
f 115/103/116 119/105/118 81/106/119
f 81/106/119 151/107/120 116/108/121
f 119/105/118 118/109/122 151/107/120
f 118/109/122 120/98/111 151/107/120
f 116/108/121 120/98/111 82/93/106
f 96/81/94 113/110/123 67/82/95
f 96/81/94 115/103/116 152/111/124
f 152/111/124 81/106/119 121/112/125
f 152/111/124 79/113/126 113/110/123
f 79/113/126 153/114/127 114/115/128
f 121/112/125 116/108/121 153/114/127
f 153/114/127 82/93/106 122/90/103
f 153/114/127 80/92/105 114/115/128
f 102/70/83 117/104/117 72/72/85
f 68/116/129 154/117/130 102/70/83
f 111/118/131 123/119/132 154/117/130
f 154/117/130 83/120/133 117/104/117
f 123/119/132 118/109/122 83/120/133
f 123/119/132 112/121/134 155/122/135
f 155/122/135 78/123/136 124/56/69
f 155/122/135 84/58/71 118/109/122
f 166/124/137 135/125/138 91/126/139
f 90/127/140 168/128/141 130/129/142
f 135/125/138 134/130/143 93/131/144
f 135/125/138 131/132/145 91/126/139
f 93/131/144 156/133/146 135/125/138
f 133/134/147 136/84/97 156/133/146
f 156/133/146 92/86/99 131/132/145
f 104/135/148 126/136/149 70/137/150
f 104/135/148 129/138/151 157/139/152
f 129/138/151 137/140/153 157/139/152
f 126/136/149 137/140/153 87/141/154
f 87/141/154 158/142/155 127/143/156
f 137/140/153 130/129/142 158/142/155
f 169/144/157 166/124/137 167/145/158
f 173/146/159 167/145/158 165/147/160
f 138/148/161 142/149/162 88/150/163
f 91/126/139 159/151/164 138/148/161
f 131/132/145 143/152/165 159/151/164
f 159/151/164 95/153/166 142/149/162
f 129/138/151 134/130/143 90/127/140
f 74/154/167 160/155/168 129/138/151
f 132/156/169 140/157/170 160/155/168
f 160/155/168 93/131/144 134/130/143
f 140/157/170 133/134/147 93/131/144
f 85/158/171 161/159/172 140/157/170
f 125/160/173 141/64/77 161/159/172
f 161/159/172 94/66/79 133/134/147
f 143/152/165 128/161/174 95/153/166
f 89/74/87 128/161/174 164/75/88
f 163/76/89 164/75/88 99/83/96
f 99/83/96 139/77/90 146/79/92
f 128/161/174 139/77/90 164/75/88
f 167/145/158 91/126/139 138/148/161
f 171/162/175 168/128/141 166/124/137
f 167/145/158 88/150/163 165/147/160
f 127/143/156 172/163/176 170/164/177
f 130/129/142 172/163/176 158/142/155
f 176/65/78 147/89/102 177/87/100
f 174/68/81 108/73/86 176/65/78
f 92/86/99 162/165/178 143/152/165
f 175/166/179 145/71/84 174/68/81
f 177/87/100 107/78/91 178/85/98
f 162/165/178 178/85/98 139/77/90
f 112/167/134 184/168/180 78/169/136
f 98/170/82 194/171/181 188/172/182
f 68/173/129 188/172/182 179/174/183
f 132/175/169 182/176/184 193/177/185
f 125/178/173 185/179/186 192/180/187
f 85/181/171 193/177/185 185/179/186
f 175/182/179 186/183/188 194/171/181
f 86/184/80 192/180/187 186/183/188
f 111/185/131 179/174/183 190/186/189
f 104/187/148 181/188/190 189/189/191
f 77/190/192 190/186/189 183/191/193
f 78/169/136 187/192/194 97/193/72
f 74/194/167 189/189/191 182/176/184
f 77/190/192 191/195/195 112/167/134
f 97/193/72 180/196/196 69/197/74
f 189/189/191 196/198/197 203/199/198
f 193/177/185 197/200/199 207/201/200
f 182/176/184 203/199/198 197/200/199
f 185/179/186 207/201/200 200/202/201
f 190/186/189 195/203/202 204/204/203
f 194/171/181 201/205/204 208/206/205
f 183/191/193 204/204/203 198/207/206
f 187/192/194 184/168/180 199/208/207
f 191/195/195 198/207/206 205/209/208
f 191/195/195 199/208/207 184/168/180
f 188/172/182 208/206/205 202/210/209
f 192/180/187 200/202/201 206/211/210
f 179/174/183 202/210/209 195/203/202
f 186/183/188 206/211/210 201/205/204
f 206/211/210 213/212/211 219/213/212
f 198/207/206 217/214/213 212/215/214
f 208/206/205 214/216/215 221/217/216
f 203/199/198 196/198/197 210/218/217
f 201/205/204 219/213/212 214/216/215
f 198/207/206 218/219/218 205/209/208
f 197/200/199 210/218/217 211/220/219
f 207/201/200 211/220/219 220/221/220
f 202/210/209 221/217/216 215/222/221
f 204/204/203 209/223/222 217/214/213
f 200/202/201 220/221/220 213/212/211
f 195/203/202 215/222/221 209/223/222
f 205/209/208 218/219/218 199/208/207
f 213/212/211 227/224/223 219/213/212
f 211/220/219 210/218/217 222/225/224
f 220/221/220 223/226/225 213/212/211
f 214/216/215 227/224/223 225/227/226
f 214/216/215 229/228/227 221/217/216
f 211/229/219 228/230/228 220/231/220
f 223/232/225 228/230/228 224/233/229
f 227/224/223 230/234/230 225/227/226
f 227/224/223 224/235/229 231/236/231
f 226/237/232 231/238/231 224/233/229
f 217/239/213 240/240/233 238/241/234
f 209/242/222 241/243/235 240/240/233
f 215/244/221 239/245/236 241/243/235
f 240/240/233 235/246/237 234/247/238
f 241/243/235 237/248/239 235/246/237
f 238/241/234 234/247/238 236/249/240
f 242/250/241 221/217/216 229/228/227
f 243/251/242 229/228/227 232/252/243
f 237/253/239 242/250/241 243/251/242
f 236/254/240 245/255/244 247/256/245
f 236/254/240 248/257/246 238/258/234
f 234/259/238 246/260/247 245/255/244
f 238/258/234 244/261/248 217/262/213
f 235/263/237 243/251/242 246/260/247
f 232/252/243 246/260/247 243/251/242
f 245/255/244 248/257/246 247/256/245
f 244/261/248 248/257/246 232/252/243
f 281/264/249 293/265/250 261/266/251
f 293/265/250 270/267/252 257/268/253
f 309/269/254 250/270/255 270/267/252
f 254/271/256 309/269/254 281/264/249
f 337/272/257 307/273/258 268/274/259
f 335/275/260 263/276/261 307/273/258
f 273/277/262 271/278/263 310/279/264
f 251/280/265 310/279/264 279/281/266
f 89/74/87 163/76/89 328/282/267
f 305/283/268 278/284/269 339/285/270
f 311/286/271 252/287/272 278/284/269
f 67/82/95 311/286/271 99/83/96
f 339/285/270 302/288/273 266/289/274
f 338/290/275 268/274/259 302/288/273
f 274/291/276 279/281/266 312/292/277
f 278/284/269 274/291/276 312/292/277
f 101/91/104 291/293/278 80/92/105
f 313/294/279 259/295/280 291/293/278
f 272/296/281 280/297/282 313/294/279
f 71/97/110 313/294/279 101/91/104
f 280/297/282 289/298/283 259/295/280
f 314/299/284 261/266/251 289/298/283
f 277/300/285 281/264/249 314/299/284
f 255/301/286 314/299/284 280/297/282
f 252/287/272 315/302/287 274/291/276
f 315/302/287 251/280/265 274/291/276
f 288/303/288 286/304/289 315/302/287
f 284/305/290 288/303/288 315/302/287
f 258/306/291 316/307/292 288/303/288
f 288/303/288 287/308/293 260/309/294
f 289/298/283 287/308/293 316/307/292
f 285/310/295 289/298/283 316/307/292
f 113/110/123 269/311/296 67/82/95
f 269/311/296 284/305/290 252/287/272
f 317/312/297 258/306/291 284/305/290
f 79/113/126 317/312/297 113/110/123
f 79/113/126 318/313/298 290/314/299
f 290/314/299 285/310/295 258/306/291
f 318/313/298 259/295/280 285/310/295
f 80/92/105 318/313/298 114/115/128
f 286/304/289 273/277/262 251/280/265
f 319/315/300 249/316/301 273/277/262
f 292/317/302 282/318/303 319/315/300
f 260/309/294 319/315/300 286/304/289
f 287/308/293 292/317/302 260/309/294
f 292/317/302 283/319/304 256/320/305
f 320/321/306 257/268/253 283/319/304
f 261/266/251 320/321/306 287/308/293
f 301/322/307 329/323/308 265/324/309
f 264/325/310 331/326/311 300/327/312
f 300/327/312 301/322/307 267/328/313
f 297/329/314 301/322/307 265/324/309
f 321/330/315 267/328/313 301/322/307
f 302/288/273 299/331/316 321/330/315
f 266/289/274 321/330/315 297/329/314
f 126/136/149 275/332/317 70/137/150
f 275/332/317 295/333/318 253/334/319
f 303/335/320 295/333/318 322/336/321
f 126/136/149 303/335/320 322/336/321
f 87/141/154 323/337/322 303/335/320
f 303/335/320 296/338/323 264/325/310
f 332/339/324 329/323/308 333/340/325
f 173/146/159 330/341/326 332/339/324
f 142/149/162 304/342/327 88/150/163
f 324/343/328 265/324/309 304/342/327
f 308/344/329 297/329/314 324/343/328
f 95/153/166 324/343/328 142/149/162
f 300/327/312 295/333/318 264/325/310
f 325/345/330 253/334/319 295/333/318
f 306/346/331 298/347/332 325/345/330
f 267/328/313 325/345/330 300/327/312
f 299/331/316 306/346/331 267/328/313
f 326/348/333 262/349/334 306/346/331
f 307/273/258 294/350/335 326/348/333
f 268/274/259 326/348/333 299/331/316
f 128/161/174 308/344/329 95/153/166
f 89/74/87 328/282/267 128/161/174
f 163/76/89 99/83/96 328/282/267
f 99/83/96 305/283/268 328/282/267
f 305/283/268 128/161/174 328/282/267
f 330/341/326 265/324/309 329/323/308
f 331/326/311 333/340/325 329/323/308
f 88/150/163 330/341/326 165/147/160
f 127/143/156 334/351/336 323/337/322
f 334/351/336 296/338/323 323/337/322
f 312/292/277 337/272/257 338/290/275
f 279/281/266 335/275/260 337/272/257
f 266/289/274 327/352/337 339/285/270
f 310/279/264 336/353/338 335/275/260
f 278/284/269 338/290/275 339/285/270
f 327/352/337 305/283/268 339/285/270
f 344/354/339 283/355/304 257/356/253
f 271/357/263 354/358/340 336/359/338
f 249/360/301 348/361/341 271/357/263
f 298/362/332 342/363/342 253/364/319
f 294/365/335 345/366/343 262/367/334
f 262/367/334 353/368/344 298/362/332
f 336/359/338 346/369/345 263/370/261
f 263/370/261 352/371/346 294/365/335
f 282/372/303 340/373/347 249/360/301
f 275/374/317 181/188/190 70/375/150
f 256/376/305 350/377/348 282/372/303
f 347/378/349 257/356/253 270/379/252
f 253/364/319 349/380/350 275/374/317
f 351/381/351 256/376/305 283/355/304
f 341/382/352 270/379/252 250/383/255
f 349/380/350 196/198/197 181/188/190
f 353/368/344 356/384/353 342/363/342
f 342/363/342 362/385/354 349/380/350
f 345/366/343 366/386/355 353/368/344
f 350/377/348 355/387/356 340/373/347
f 354/358/340 360/388/357 346/369/345
f 343/389/358 363/390/359 350/377/348
f 347/378/349 358/391/360 344/354/339
f 351/381/351 357/392/361 343/389/358
f 358/391/360 351/381/351 344/354/339
f 348/361/341 367/393/362 354/358/340
f 352/371/346 359/394/363 345/366/343
f 340/373/347 361/395/364 348/361/341
f 346/369/345 365/396/365 352/371/346
f 365/396/365 371/397/366 359/394/363
f 357/392/361 374/398/367 363/390/359
f 367/393/362 372/399/368 360/388/357
f 362/385/354 210/218/217 196/198/197
f 360/388/357 376/400/369 365/396/365
f 375/401/370 357/392/361 364/402/371
f 356/384/353 210/218/217 362/385/354
f 366/386/355 369/403/372 356/384/353
f 361/395/364 378/404/373 367/393/362
f 363/390/359 368/405/374 355/387/356
f 359/394/363 377/406/375 366/386/355
f 355/387/356 373/407/376 361/395/364
f 364/402/371 358/391/360 375/401/370
f 383/408/377 371/397/366 376/400/369
f 369/403/372 222/225/224 210/218/217
f 379/409/378 377/406/375 371/397/366
f 372/399/368 383/408/377 376/400/369
f 385/410/379 372/399/368 378/404/373
f 384/411/380 369/412/372 377/413/375
f 379/414/378 380/415/381 384/411/380
f 386/416/382 383/408/377 381/417/383
f 383/408/377 380/418/381 379/409/378
f 382/419/384 387/420/385 389/421/386
f 374/239/367 396/240/387 368/242/374
f 368/242/374 397/243/388 373/244/376
f 373/244/376 395/245/389 378/422/373
f 396/240/387 391/246/390 397/243/388
f 397/243/388 393/248/391 395/245/389
f 394/241/392 390/247/393 396/240/387
f 398/423/394 378/404/373 395/424/389
f 399/425/395 385/410/379 398/423/394
f 393/426/391 398/423/394 395/424/389
f 392/427/396 401/428/397 390/429/393
f 404/430/398 392/427/396 394/431/392
f 390/429/393 402/432/399 391/433/390
f 400/434/400 394/431/392 374/435/367
f 391/433/390 399/425/395 393/426/391
f 388/436/401 402/432/399 401/428/397
f 401/428/397 404/430/398 388/436/401
f 400/434/400 388/436/401 404/430/398
f 124/56/69 144/60/73 110/57/70
f 124/56/69 78/123/136 97/59/72
f 144/60/73 97/59/72 69/61/74
f 144/60/73 105/62/75 75/63/76
f 141/64/77 174/68/81 176/65/78
f 86/67/80 175/166/179 174/68/81
f 98/69/82 68/116/129 102/70/83
f 145/71/84 102/70/83 72/72/85
f 139/77/90 178/85/98 107/78/91
f 146/79/92 107/78/91 73/80/93
f 146/79/92 96/81/94 67/82/95
f 136/84/97 177/87/100 178/85/98
f 94/66/79 176/65/78 177/87/100
f 108/73/86 72/72/85 103/88/101
f 107/78/91 147/89/102 103/88/101
f 122/90/103 148/94/107 101/91/104
f 82/93/106 109/95/108 148/94/107
f 109/95/108 76/101/114 100/96/109
f 148/94/107 100/96/109 71/97/110
f 120/98/111 149/99/112 109/95/108
f 84/58/71 110/57/70 149/99/112
f 110/57/70 75/63/76 106/100/113
f 149/99/112 106/100/113 76/101/114
f 73/80/93 103/88/101 150/102/115
f 72/72/85 117/104/117 150/102/115
f 117/104/117 83/120/133 119/105/118
f 115/103/116 150/102/115 119/105/118
f 81/106/119 119/105/118 151/107/120
f 119/105/118 83/120/133 118/109/122
f 118/109/122 84/58/71 120/98/111
f 116/108/121 151/107/120 120/98/111
f 96/81/94 152/111/124 113/110/123
f 96/81/94 73/80/93 115/103/116
f 152/111/124 115/103/116 81/106/119
f 152/111/124 121/112/125 79/113/126
f 79/113/126 121/112/125 153/114/127
f 121/112/125 81/106/119 116/108/121
f 153/114/127 116/108/121 82/93/106
f 153/114/127 122/90/103 80/92/105
f 102/70/83 154/117/130 117/104/117
f 68/116/129 111/118/131 154/117/130
f 111/118/131 77/1782/192 123/119/132
f 154/117/130 123/119/132 83/120/133
f 123/119/132 155/122/135 118/109/122
f 123/119/132 77/1782/192 112/121/134
f 155/122/135 112/121/134 78/123/136
f 155/122/135 124/56/69 84/58/71
f 166/124/137 168/128/141 135/125/138
f 90/127/140 134/130/143 168/128/141
f 135/125/138 168/128/141 134/130/143
f 135/125/138 156/133/146 131/132/145
f 93/131/144 133/134/147 156/133/146
f 133/134/147 94/66/79 136/84/97
f 156/133/146 136/84/97 92/86/99
f 104/135/148 157/139/152 126/136/149
f 104/135/148 74/154/167 129/138/151
f 129/138/151 90/127/140 137/140/153
f 126/136/149 157/139/152 137/140/153
f 87/141/154 137/140/153 158/142/155
f 137/140/153 90/127/140 130/129/142
f 169/144/157 171/162/175 166/124/137
f 173/146/159 169/144/157 167/145/158
f 138/148/161 159/151/164 142/149/162
f 91/126/139 131/132/145 159/151/164
f 131/132/145 92/86/99 143/152/165
f 159/151/164 143/152/165 95/153/166
f 129/138/151 160/155/168 134/130/143
f 74/154/167 132/156/169 160/155/168
f 132/156/169 85/158/171 140/157/170
f 160/155/168 140/157/170 93/131/144
f 140/157/170 161/159/172 133/134/147
f 85/158/171 125/160/173 161/159/172
f 125/160/173 86/67/80 141/64/77
f 161/159/172 141/64/77 94/66/79
f 143/152/165 162/165/178 128/161/174
f 99/83/96 164/75/88 139/77/90
f 128/161/174 162/165/178 139/77/90
f 167/145/158 166/124/137 91/126/139
f 171/162/175 130/129/142 168/128/141
f 167/145/158 138/148/161 88/150/163
f 127/143/156 158/142/155 172/163/176
f 130/129/142 171/162/175 172/163/176
f 176/65/78 108/73/86 147/89/102
f 174/68/81 145/71/84 108/73/86
f 92/86/99 178/85/98 162/165/178
f 175/166/179 98/69/82 145/71/84
f 177/87/100 147/89/102 107/78/91
f 112/167/134 191/195/195 184/168/180
f 98/170/82 175/182/179 194/171/181
f 68/173/129 98/170/82 188/172/182
f 132/175/169 74/194/167 182/176/184
f 125/178/173 85/181/171 185/179/186
f 85/181/171 132/175/169 193/177/185
f 175/182/179 86/184/80 186/183/188
f 86/184/80 125/178/173 192/180/187
f 111/185/131 68/173/129 179/174/183
f 104/187/148 70/375/150 181/188/190
f 77/190/192 111/185/131 190/186/189
f 78/169/136 184/168/180 187/192/194
f 74/194/167 104/187/148 189/189/191
f 77/190/192 183/191/193 191/195/195
f 97/193/72 187/192/194 180/196/196
f 189/189/191 181/188/190 196/198/197
f 193/177/185 182/176/184 197/200/199
f 182/176/184 189/189/191 203/199/198
f 185/179/186 193/177/185 207/201/200
f 190/186/189 179/174/183 195/203/202
f 194/171/181 186/183/188 201/205/204
f 183/191/193 190/186/189 204/204/203
f 191/195/195 183/191/193 198/207/206
f 191/195/195 205/209/208 199/208/207
f 188/172/182 194/171/181 208/206/205
f 192/180/187 185/179/186 200/202/201
f 179/174/183 188/172/182 202/210/209
f 186/183/188 192/180/187 206/211/210
f 206/211/210 200/202/201 213/212/211
f 198/207/206 204/204/203 217/214/213
f 208/206/205 201/205/204 214/216/215
f 201/205/204 206/211/210 219/213/212
f 198/207/206 212/215/214 218/219/218
f 197/200/199 203/199/198 210/218/217
f 207/201/200 197/200/199 211/220/219
f 202/210/209 208/206/205 221/217/216
f 204/204/203 195/203/202 209/223/222
f 200/202/201 207/201/200 220/221/220
f 195/203/202 202/210/209 215/222/221
f 213/212/211 223/226/225 227/224/223
f 220/221/220 228/1783/228 223/226/225
f 214/216/215 219/213/212 227/224/223
f 214/216/215 225/227/226 229/228/227
f 211/229/219 222/1784/224 228/230/228
f 227/224/223 231/236/231 230/234/230
f 227/224/223 223/226/225 224/235/229
f 226/237/232 233/1785/2563 231/238/231
f 217/239/213 209/242/222 240/240/233
f 209/242/222 215/244/221 241/243/235
f 215/244/221 221/422/216 239/245/236
f 240/240/233 241/243/235 235/246/237
f 241/243/235 239/245/236 237/248/239
f 238/241/234 240/240/233 234/247/238
f 242/250/241 239/1786/236 221/217/216
f 243/251/242 242/250/241 229/228/227
f 237/253/239 239/1786/236 242/250/241
f 236/254/240 234/259/238 245/255/244
f 236/254/240 247/256/245 248/257/246
f 234/259/238 235/263/237 246/260/247
f 238/258/234 248/257/246 244/261/248
f 235/263/237 237/253/239 243/251/242
f 232/252/243 245/255/244 246/260/247
f 245/255/244 232/252/243 248/257/246
f 281/264/249 309/269/254 293/265/250
f 293/265/250 309/269/254 270/267/252
f 309/269/254 276/1787/2564 250/270/255
f 254/271/256 276/1787/2564 309/269/254
f 337/272/257 335/275/260 307/273/258
f 335/275/260 336/353/338 263/276/261
f 273/277/262 249/316/301 271/278/263
f 251/280/265 273/277/262 310/279/264
f 305/283/268 311/286/271 278/284/269
f 311/286/271 269/311/296 252/287/272
f 67/82/95 269/311/296 311/286/271
f 339/285/270 338/290/275 302/288/273
f 338/290/275 337/272/257 268/274/259
f 274/291/276 251/280/265 279/281/266
f 278/284/269 252/287/272 274/291/276
f 101/91/104 313/294/279 291/293/278
f 313/294/279 280/297/282 259/295/280
f 272/296/281 255/301/286 280/297/282
f 71/97/110 272/296/281 313/294/279
f 280/297/282 314/299/284 289/298/283
f 314/299/284 281/264/249 261/266/251
f 277/300/285 254/271/256 281/264/249
f 255/301/286 277/300/285 314/299/284
f 252/287/272 284/305/290 315/302/287
f 315/302/287 286/304/289 251/280/265
f 288/303/288 260/309/294 286/304/289
f 284/305/290 258/306/291 288/303/288
f 258/306/291 285/310/295 316/307/292
f 288/303/288 316/307/292 287/308/293
f 289/298/283 261/266/251 287/308/293
f 285/310/295 259/295/280 289/298/283
f 113/110/123 317/312/297 269/311/296
f 269/311/296 317/312/297 284/305/290
f 317/312/297 290/314/299 258/306/291
f 79/113/126 290/314/299 317/312/297
f 79/113/126 114/115/128 318/313/298
f 290/314/299 318/313/298 285/310/295
f 318/313/298 291/293/278 259/295/280
f 80/92/105 291/293/278 318/313/298
f 286/304/289 319/315/300 273/277/262
f 319/315/300 282/318/303 249/316/301
f 292/317/302 256/320/305 282/318/303
f 260/309/294 292/317/302 319/315/300
f 287/308/293 320/321/306 292/317/302
f 292/317/302 320/321/306 283/319/304
f 320/321/306 293/265/250 257/268/253
f 261/266/251 293/265/250 320/321/306
f 301/322/307 331/326/311 329/323/308
f 264/325/310 296/338/323 331/326/311
f 300/327/312 331/326/311 301/322/307
f 297/329/314 321/330/315 301/322/307
f 321/330/315 299/331/316 267/328/313
f 302/288/273 268/274/259 299/331/316
f 266/289/274 302/288/273 321/330/315
f 126/136/149 322/336/321 275/332/317
f 275/332/317 322/336/321 295/333/318
f 303/335/320 264/325/310 295/333/318
f 126/136/149 87/141/154 303/335/320
f 87/141/154 127/143/156 323/337/322
f 303/335/320 323/337/322 296/338/323
f 332/339/324 330/341/326 329/323/308
f 173/146/159 165/147/160 330/341/326
f 142/149/162 324/343/328 304/342/327
f 324/343/328 297/329/314 265/324/309
f 308/344/329 266/289/274 297/329/314
f 95/153/166 308/344/329 324/343/328
f 300/327/312 325/345/330 295/333/318
f 325/345/330 298/347/332 253/334/319
f 306/346/331 262/349/334 298/347/332
f 267/328/313 306/346/331 325/345/330
f 299/331/316 326/348/333 306/346/331
f 326/348/333 294/350/335 262/349/334
f 307/273/258 263/276/261 294/350/335
f 268/274/259 307/273/258 326/348/333
f 128/161/174 327/352/337 308/344/329
f 99/83/96 311/286/271 305/283/268
f 305/283/268 327/352/337 128/161/174
f 330/341/326 304/342/327 265/324/309
f 331/326/311 296/338/323 333/340/325
f 88/150/163 304/342/327 330/341/326
f 127/143/156 170/164/177 334/351/336
f 334/351/336 333/340/325 296/338/323
f 312/292/277 279/281/266 337/272/257
f 279/281/266 310/279/264 335/275/260
f 266/289/274 308/344/329 327/352/337
f 310/279/264 271/278/263 336/353/338
f 278/284/269 312/292/277 338/290/275
f 344/354/339 351/381/351 283/355/304
f 271/357/263 348/361/341 354/358/340
f 249/360/301 340/373/347 348/361/341
f 298/362/332 353/368/344 342/363/342
f 294/365/335 352/371/346 345/366/343
f 262/367/334 345/366/343 353/368/344
f 336/359/338 354/358/340 346/369/345
f 263/370/261 346/369/345 352/371/346
f 282/372/303 350/377/348 340/373/347
f 275/374/317 349/380/350 181/188/190
f 256/376/305 343/389/358 350/377/348
f 347/378/349 344/354/339 257/356/253
f 253/364/319 342/363/342 349/380/350
f 351/381/351 343/389/358 256/376/305
f 341/382/352 347/378/349 270/379/252
f 349/380/350 362/385/354 196/198/197
f 353/368/344 366/386/355 356/384/353
f 342/363/342 356/384/353 362/385/354
f 345/366/343 359/394/363 366/386/355
f 350/377/348 363/390/359 355/387/356
f 354/358/340 367/393/362 360/388/357
f 343/389/358 357/392/361 363/390/359
f 351/381/351 364/402/371 357/392/361
f 358/391/360 364/402/371 351/381/351
f 348/361/341 361/395/364 367/393/362
f 352/371/346 365/396/365 359/394/363
f 340/373/347 355/387/356 361/395/364
f 346/369/345 360/388/357 365/396/365
f 365/396/365 376/400/369 371/397/366
f 357/392/361 370/1788/2565 374/398/367
f 367/393/362 378/404/373 372/399/368
f 360/388/357 372/399/368 376/400/369
f 375/401/370 370/1788/2565 357/392/361
f 356/384/353 369/403/372 210/218/217
f 366/386/355 377/406/375 369/403/372
f 361/395/364 373/407/376 378/404/373
f 363/390/359 374/398/367 368/405/374
f 359/394/363 371/397/366 377/406/375
f 355/387/356 368/405/374 373/407/376
f 383/408/377 379/409/378 371/397/366
f 379/409/378 384/1789/380 377/406/375
f 372/399/368 381/417/383 383/408/377
f 385/410/379 381/417/383 372/399/368
f 384/411/380 222/1784/224 369/412/372
f 386/416/382 387/1790/385 383/408/377
f 383/408/377 387/1790/385 380/418/381
f 382/419/384 380/415/381 387/420/385
f 374/239/367 394/241/392 396/240/387
f 368/242/374 396/240/387 397/243/388
f 373/244/376 397/243/388 395/245/389
f 396/240/387 390/247/393 391/246/390
f 397/243/388 391/246/390 393/248/391
f 394/241/392 392/249/396 390/247/393
f 398/423/394 385/410/379 378/404/373
f 399/425/395 388/436/401 385/410/379
f 393/426/391 399/425/395 398/423/394
f 392/427/396 403/1791/2566 401/428/397
f 404/430/398 403/1791/2566 392/427/396
f 390/429/393 401/428/397 402/432/399
f 400/434/400 404/430/398 394/431/392
f 391/433/390 402/432/399 399/425/395
f 388/436/401 399/425/395 402/432/399
f 401/428/397 403/1791/2566 404/430/398
